amendment,amendment_label,rank,score,country,world_chunk_id,world_document_id,world_title,source_url,preview
1,First Amendment,1,0.35107255,United States of America,world_constitution_united_states_of_america_1992_article_v_003_0001,world_constitution_united_states_of_america_1992_article_v_003,United States of America's Constitution of 1789 with Amendments through 1992 - Article V,https://www.constituteproject.org/service/html?cons_id=United_States_of_America_1992&lang=en,"concurring, that the following Articles be proposed to the Legislatures of the several States, as Amendments to the Constitution of the United States, all or any of which Articles, when ratified by three fourths of the said Legislatures, to be ..."
1,First Amendment,2,0.32682628,Philippines,world_constitution_philippines_1987_article_i_003_0000,world_constitution_philippines_1987_article_i_003,Philippines's Constitution of 1987 - Article I,https://www.constituteproject.org/service/html?cons_id=Philippines_1987&lang=en,"ARTICLE III. BILL OF RIGHTS Sec 1 No person shall be deprived of life, liberty, or property without due process of law, nor shall any person be denied the equal protection of the laws. Sec 2 The right of the ..."
1,First Amendment,3,0.24044873,Korea (Republic of),world_constitution_republic_of_korea_1987_article_21_0000,world_constitution_republic_of_korea_1987_article_21,Korea (Republic of)'s Constitution of 1948 with Amendments through 1987 - Article 21,https://www.constituteproject.org/service/html?cons_id=Republic_of_Korea_1987&lang=en,"Article 21 All citizens shall enjoy freedom of speech and the press, and freedom of assembly and association. Licensing or censorship of speech and the press, and licensing of assembly and association shall not be recognized. The standards of news ..."
1,First Amendment,4,0.21455757,Gambia (The),world_constitution_gambia_2018_preamble_0012,world_constitution_gambia_2018_preamble,Gambia (The)'s Constitution of 1996 with Amendments through 2018 - Preamble,https://www.constituteproject.org/service/html?cons_id=Gambia_2018&lang=en,No person charged with a criminal offence shall be compelled to give evidence at the trial. A person charged with a criminal offence in the High Court shall have the right to elect to be tried by a jury. Nothing ...
1,First Amendment,5,0.21259453,Eritrea,world_constitution_eritrea_1997_article_19_0000,world_constitution_eritrea_1997_article_19,Eritrea's Constitution of 1997 - Article 19,https://www.constituteproject.org/service/html?cons_id=Eritrea_1997&lang=en,"Article 19. Freedom of Conscience, Religion, Expression of Opinion, Movement, Assembly and Organization Every person shall have the right to freedom of thought, conscience and belief. Every person shall have the freedom of speech and expression, including freedom of the ..."
1,First Amendment,6,0.21047996,Hungary,world_constitution_hungary_2016_article_i_004_0000,world_constitution_hungary_2016_article_i_004,Hungary's Constitution of 2011 with Amendments through 2016 - Article I,https://www.constituteproject.org/service/html?cons_id=Hungary_2016&lang=en,"Article IX Everyone shall have the right to freedom of speech. Hungary shall recognise and protect the freedom and diversity of the press, and shall ensure the conditions for free dissemination of information necessary for the formation of democratic public ..."
1,First Amendment,7,0.20038037,Samoa,world_constitution_samoa_2017_preamble_0003,world_constitution_samoa_2017_preamble,Samoa's Constitution of 1962 with Amendments through 2017 - Preamble,https://www.constituteproject.org/service/html?cons_id=Samoa_2017&lang=en,No person shall be held guilty of any offence on account of any act or omission which did not constitute an offence at the time when it was committed; nor shall a heavier penalty be imposed than the one that ...
1,First Amendment,8,0.19695311,Tonga,world_constitution_tonga_2013_preamble_0001,world_constitution_tonga_2013_preamble,Tonga's Constitution of 1875 with Amendments through 2013 - Preamble,https://www.constituteproject.org/service/html?cons_id=Tonga_2013&lang=en,All men are free to practise their religion and to worship God as they may deem fit in accordance with the dictates of their own consciences and to assemble for religious service in such places as they may appoint. But ...
1,First Amendment,9,0.19496069,Ethiopia,world_constitution_ethiopia_1994_article_30_0000,world_constitution_ethiopia_1994_article_30,Ethiopia's Constitution of 1994 - Article 30,https://www.constituteproject.org/service/html?cons_id=Ethiopia_1994&lang=en,"Article 30. The Right of Assembly, Demonstration and Petition Everyone has the right to assemble and to demonstrate together with others peaceably and unarmed, and to petition. Appropriate regulations may be made in the interest of public convenience relating to ..."
1,First Amendment,10,0.19336576,Namibia,world_constitution_namibia_2014_article_21_0000,world_constitution_namibia_2014_article_21,Namibia's Constitution of 1990 with Amendments through 2014 - Article 21,https://www.constituteproject.org/service/html?cons_id=Namibia_2014&lang=en,"Article 21. Fundamental Freedoms All persons shall have the right to: freedom of speech and expression, which shall include freedom of the press and other media; freedom of thought, conscience and belief, which shall include academic freedom in institutions of ..."
1,First Amendment,11,0.19251257,Zimbabwe,world_constitution_zimbabwe_2017_preamble_0013,world_constitution_zimbabwe_2017_preamble,Zimbabwe's Constitution of 2013 with Amendments through 2017 - Preamble,https://www.constituteproject.org/service/html?cons_id=Zimbabwe_2017&lang=en,"The State must take reasonable legislative and other measures to promote the achievement of equality and to protect or advance people or classes of people who have been disadvantaged by unfair discrimination, and-- such measures must be taken to redress ..."
1,First Amendment,12,0.18792826,Croatia,world_constitution_croatia_2013_article_38_0000,world_constitution_croatia_2013_article_38,Croatia's Constitution of 1991 with Amendments through 2013 - Article 38,https://www.constituteproject.org/service/html?cons_id=Croatia_2013&lang=en,"Article 38 Freedom of thought and expression shall be guaranteed. Freedom of expression shall specifically include freedom of the press and other media of communication, freedom of speech and public expression, and free establishment of all institutions of public communication. ..."
1,First Amendment,13,0.18551484,Tanzania (United Republic of),world_constitution_tanzania_2005_article_section_0000,world_constitution_tanzania_2005_article_section,Tanzania (United Republic of)'s Constitution of 1977 with Amendments through 2005 - Article section,https://www.constituteproject.org/service/html?cons_id=Tanzania_2005&lang=en,"Article 17. Right to freedom of movement Every citizen of the United Republic has the right to freedom of movement in the United Republic and the right to live in any part of the United Republic, to leave and enter ..."
1,First Amendment,14,0.18088273,Liberia,world_constitution_liberia_1986_article_14_0000,world_constitution_liberia_1986_article_14,Liberia's Constitution of 1986 - Article 14,https://www.constituteproject.org/service/html?cons_id=Liberia_1986&lang=en,"Article 14 All persons shall be entitled to freedom of thought, conscience and religion and no person shall be hindered in the enjoyment thereof except as may be required by law to protect public safety, order, health, or morals or ..."
1,First Amendment,15,0.17642703,Marshall Islands,world_constitution_marshall_islands_1995_article_i_002_0000,world_constitution_marshall_islands_1995_article_i_002,Marshall Islands's Constitution of 1979 with Amendments through 1995 - Article I,https://www.constituteproject.org/service/html?cons_id=Marshall_Islands_1995&lang=en,"ARTICLE II. BILL OF RIGHTS Section 1. Freedom of Thought, Speech, Assembly, Association, and Petition Every person has the right to freedom of thought, conscience, and belief; to freedom of speech and of the press; to the free exercise of ..."
1,First Amendment,16,0.17566978,Pakistan,world_constitution_pakistan_2018_article_270_0001,world_constitution_pakistan_2018_article_270,"Pakistan's Constitution of 1973, Reinstated in 2002, with Amendments through 2018 - Article 270",https://www.constituteproject.org/service/html?cons_id=Pakistan_2018&lang=en,"or is operating in a manner prejudicial to the sovereignty or integrity of Pakistan, the Federal Government shall, within fifteen days of such declaration, refer the matter to the Supreme Court whose decision on such reference shall be final. Every ..."
1,First Amendment,17,0.17510656,Palau,world_constitution_palau_1992_article_i_004_0000,world_constitution_palau_1992_article_i_004,Palau's Constitution of 1981 with Amendments through 1992 - Article I,https://www.constituteproject.org/service/html?cons_id=Palau_1992&lang=en,"ARTICLE IV. FUNDAMENTAL RIGHTS Section 1 The government shall take no action to deny or impair the freedom of conscience or of philosophical or religious belief of any person nor take any action to compel, prohibit or hinder the exercise ..."
1,First Amendment,18,0.17412458,United Kingdom,world_constitution_united_kingdom_2013_article_9_002_0000,world_constitution_united_kingdom_2013_article_9_002,United Kingdom's Constitution of 1215 with Amendments through 2013 - Article 9,https://www.constituteproject.org/service/html?cons_id=United_Kingdom_2013&lang=en,"Article 9. Freedom of thought, conscience and religion Everyone has the right to freedom of thought, conscience and religion; this right includes freedom to change his religion or belief and freedom, either alone or in community with others and in ..."
1,First Amendment,19,0.17369036,Paraguay,world_constitution_paraguay_2011_article_26_0000,world_constitution_paraguay_2011_article_26,Paraguay's Constitution of 1992 with Amendments through 2011 - Article 26,https://www.constituteproject.org/service/html?cons_id=Paraguay_2011&lang=en,"Article 26. Of the Freedom of Expression and of the Press The free expression and the freedom of the press are guaranteed as well as the diffusion of thoughts and of opinions, without any censorship, with no other limitations than ..."
1,First Amendment,20,0.1729061,Eswatini,world_constitution_swaziland_2005_preamble_0012,world_constitution_swaziland_2005_preamble,Eswatini's Constitution of 2005 - Preamble,https://www.constituteproject.org/service/html?cons_id=Swaziland_2005&lang=en,"authorises, for the purposes of enforcing the judgement or order of a court in any civil proceedings, the entry upon any premises by order of a court, except so far as, in respect of paragraph (c) or (d) that provision ..."
1,First Amendment,21,0.166354,Singapore,world_constitution_singapore_2016_article_section_002_0000,world_constitution_singapore_2016_article_section_002,Singapore's Constitution of 1963 with Amendments through 2016 - Article section,https://www.constituteproject.org/service/html?cons_id=Singapore_2016&lang=en,"Article 11. Protection against retrospective criminal laws and repeated trials No person shall be punished for an act or omission which was not punishable by law when it was done or made, and no person shall suffer greater punishment for ..."
1,First Amendment,22,0.1662841,Kosovo,world_constitution_kosovo_2016_article_38_0000,world_constitution_kosovo_2016_article_38,Kosovo's Constitution of 2008 with Amendments through 2016 - Article 38,https://www.constituteproject.org/service/html?cons_id=Kosovo_2016&lang=en,"Article 38. Freedom of Belief, Conscience and Religion Freedom of belief, conscience and religion is guaranteed. Freedom of belief, conscience and religion includes the right to accept and manifest religion, the right to express personal beliefs and the right to ..."
1,First Amendment,23,0.16281207,South Sudan,world_constitution_south_sudan_2013_article_190_0004,world_constitution_south_sudan_2013_article_190,South Sudan's Constitution of 2011 with Amendments through 2013 - Article 190,https://www.constituteproject.org/service/html?cons_id=South_Sudan_2013&lang=en,"to teach religion or beliefs in places suitable for these purposes; the right to solicit and receive voluntary financial and other contributions from individuals, private and public institutions; the right to train, appoint, elect or designate by succession appropriate religious ..."
1,First Amendment,24,0.16210632,Algeria,world_constitution_algeria_2020_article_i_0009,world_constitution_algeria_2020_article_i,Algeria's Constitution of 2020 - Article I,https://www.constituteproject.org/service/html?cons_id=Algeria_2020&lang=en,be guaranteed. Freedom of association and public assembly shall be guaranteed upon obtaining a permit. The law shall determine the modalities for exercising these freedoms. ART 53 The right to form associations shall be guaranteed upon obtaining a permit. An ...
1,First Amendment,25,0.16194572,Ghana,world_constitution_ghana_1996_preamble_0014,world_constitution_ghana_1996_preamble,Ghana's Constitution of 1992 with Amendments through 1996 - Preamble,https://www.constituteproject.org/service/html?cons_id=Ghana_1996&lang=en,"Where the property is not used in the public interest or for the purpose for which it was acquired, the owner of the property immediately before the compulsory acquisition, shall be given the first option for acquiring the property and ..."
2,Second Amendment,1,0.31372653,United States of America,world_constitution_united_states_of_america_1992_article_v_003_0001,world_constitution_united_states_of_america_1992_article_v_003,United States of America's Constitution of 1789 with Amendments through 1992 - Article V,https://www.constituteproject.org/service/html?cons_id=United_States_of_America_1992&lang=en,"concurring, that the following Articles be proposed to the Legislatures of the several States, as Amendments to the Constitution of the United States, all or any of which Articles, when ratified by three fourths of the said Legislatures, to be ..."
2,Second Amendment,2,0.19350593,Bhutan,world_constitution_bhutan_2008_article_28_0000,world_constitution_bhutan_2008_article_28,Bhutan's Constitution of 2008 - Article 28,https://www.constituteproject.org/service/html?cons_id=Bhutan_2008&lang=en,Article 28. Defence The Druk Gyalpo shall be the Supreme Commander in Chief of the Armed Forces and the Militia. The Royal Body Guards shall be responsible for the security of the Druk Gyalpo while the Royal Bhutan Army shall ...
2,Second Amendment,3,0.17010076,Serbia,world_constitution_serbia_2006_article_7_0000,world_constitution_serbia_2006_article_7,Serbia's Constitution of 2006 - Article 7,https://www.constituteproject.org/service/html?cons_id=Serbia_2006&lang=en,"Article 7. Coat of arms, flag and national anthem The Republic of Serbia shall have coat of arms, flag and national anthem. The coat of arms of the Republic of Serbia shall be used in the form of the Large ..."
2,Second Amendment,4,0.16495669,Tonga,world_constitution_tonga_2013_preamble_0004,world_constitution_tonga_2013_preamble,Tonga's Constitution of 1875 with Amendments through 2013 - Preamble,https://www.constituteproject.org/service/html?cons_id=Tonga_2013&lang=en,All the people have the right to expect that the Government will protect their life liberty and property and therefore it is right for all the people to support and contribute to the Government according to law. And if at ...
2,Second Amendment,5,0.16153714,Indonesia,world_constitution_indonesia_2002_article_34_0000,world_constitution_indonesia_2002_article_34,"Indonesia's Constitution of 1945, Reinstated in 1959, with Amendments through 2002 - Article 34",https://www.constituteproject.org/service/html?cons_id=Indonesia_2002&lang=en,Article 34 Impoverished persons and abandoned children shall be taken care of by the State. The State shall develop a system of social security for all of the people and shall empower the inadequate and underprivileged in society in accordance ...
2,Second Amendment,6,0.145191,Ecuador,world_constitution_ecuador_2021_article_34_0000,world_constitution_ecuador_2021_article_34,Ecuador's Constitution of 2008 with Amendments through 2021 - Article 34,https://www.constituteproject.org/service/html?cons_id=Ecuador_2021&lang=en,"Article 34 The right to social security is a right of all persons and it cannot be waived, and it shall be the State that must bear the prime duty and responsibility for this right. Social security shall be governed ..."
2,Second Amendment,7,0.14183066,Croatia,world_constitution_croatia_2013_article_11_0000,world_constitution_croatia_2013_article_11,Croatia's Constitution of 1991 with Amendments through 2013 - Article 11,https://www.constituteproject.org/service/html?cons_id=Croatia_2013&lang=en,"Article 11 The coat-of-arms of the Republic of Croatia is the historic Croatian coat-of-arms whose base consists of 25 alternating red and white (argent) fields. The flag of the Republic of Croatia consists of three colors: red, white and blue, ..."
2,Second Amendment,8,0.14112551,Algeria,world_constitution_algeria_2020_article_i_0001,world_constitution_algeria_2020_article_i,Algeria's Constitution of 2020 - Article I,https://www.constituteproject.org/service/html?cons_id=Algeria_2020&lang=en,"shall be ""Qassaman"" with all its stanzas. The seal of the State shall be determined by law. CHAPTER II. THE PEOPLE ART 7 The people shall be the source of all powers. National sovereignty shall belong exclusively to the people. ..."
2,Second Amendment,9,0.13999216,Kazakhstan,world_constitution_kazakhstan_2017_article_3_0000,world_constitution_kazakhstan_2017_article_3,Kazakhstan's Constitution of 1995 with Amendments through 2017 - Article 3,https://www.constituteproject.org/service/html?cons_id=Kazakhstan_2017&lang=en,Article 3 The people shall be the only source of state power. The people shall exercise power directly through an all-nation referendum and free elections as well as delegate the execution of their power to state institutions. Nobody shall have ...
2,Second Amendment,10,0.1394337,Mexico,world_constitution_mexico_2015_article_5_0000,world_constitution_mexico_2015_article_5,Mexico's Constitution of 1917 with Amendments through 2015 - Article 5,https://www.constituteproject.org/service/html?cons_id=Mexico_2015&lang=en,"Article 5 No person may be prevented from performing the profession, industry, business or work of his choice, provided that it is lawful. This right may only be banned by judicial resolution, when third parties’ rights are infringed, or by ..."
2,Second Amendment,11,0.1320439,Angola,world_constitution_angola_2010_article_202_0000,world_constitution_angola_2010_article_202,Angola's Constitution of 2010 - Article 202,https://www.constituteproject.org/service/html?cons_id=Angola_2010&lang=en,"Article 202. (Objectives and grounds for national security) The state, with the involvement of citizens, shall be responsible for guaranteeing national security, observing the Constitution, the law and any international instruments to which Angola is a party. The objective of ..."
2,Second Amendment,12,0.12996469,Afghanistan,world_constitution_afghanistan_2004_article_83_0000,world_constitution_afghanistan_2004_article_83,Afghanistan's Constitution of 2004 - Article 83,https://www.constituteproject.org/service/html?cons_id=Afghanistan_2004&lang=en,"Article 83 Members of the House of People shall be elected by the people through free, general, secret and direct balloting. The work period of the House of People shall terminate, after the disclosure of the results of the elections, ..."
2,Second Amendment,13,0.12919955,Mongolia,world_constitution_mongolia_2001_article_19_0000,world_constitution_mongolia_2001_article_19,Mongolia's Constitution of 1992 with Amendments through 2001 - Article 19,https://www.constituteproject.org/service/html?cons_id=Mongolia_2001&lang=en,"Article 19 The State shall be accountable to the citizens for the creation of economic, social, legal and other guarantees for ensuring human rights and freedoms, and shall fight against the violations of human rights and freedoms, and shall restore ..."
2,Second Amendment,14,0.12901645,Guyana,world_constitution_guyana_2016_article_132_0024,world_constitution_guyana_2016_article_132,Guyana's Constitution of 1980 with Amendments through 2016 - Article 132,https://www.constituteproject.org/service/html?cons_id=Guyana_2016&lang=en,"languages, cultural heritage and way of life. 149H. Right to free education Every child is entitled to free primary and secondary education in schools owned or funded by the State. The right conferred in paragraph (1) does not imply a ..."
2,Second Amendment,15,0.1251843,South Sudan,world_constitution_south_sudan_2013_article_120_0008,world_constitution_south_sudan_2013_article_120,South Sudan's Constitution of 2011 with Amendments through 2013 - Article 120,https://www.constituteproject.org/service/html?cons_id=South_Sudan_2013&lang=en,"the National Security Service. The National Security Service shall have two operational organs, to be known as: the Internal Security Bureau; and the General Intelligence Bureau; Each of the operational organs shall be headed by a Director-General appointed by the ..."
2,Second Amendment,16,0.12369433,Sri Lanka,world_constitution_sri_lanka_2015_article_126_0008,world_constitution_sri_lanka_2015_article_126,Sri Lanka's Constitution of 1978 with Amendments through 2015 - Article 126,https://www.constituteproject.org/service/html?cons_id=Sri_Lanka_2015&lang=en,"and exchange are not concentrated and centralised in the State, State agencies or in the hands of a privileged few, but are dispersed among and owned by, all the People of Sri Lanka; raising the moral and cultural standards of ..."
2,Second Amendment,17,0.12365763,Ireland,world_constitution_ireland_2019_article_i_041_0002,world_constitution_ireland_2019_article_i_041,Ireland's Constitution of 1937 with Amendments through 2019 - Article I,https://www.constituteproject.org/service/html?cons_id=Ireland_2019&lang=en,the refusal of bail by a court to a person charged with a serious offence where it is reasonably considered necessary to prevent the commission of a serious offence by that person. The dwelling of every citizen is inviolable and ...
2,Second Amendment,18,0.12331289,Turkey,world_constitution_turkey_2017_article_i_118_0000,world_constitution_turkey_2017_article_i_118,Turkey's Constitution of 1982 with Amendments through 2017 - Article I,https://www.constituteproject.org/service/html?cons_id=Turkey_2017&lang=en,"ARTICLE 118 The National Security Council shall be composed of Vice-Presidents of the Republic, ministers of Justice, National Defence, Internal Affairs, and Foreign Affairs, the Chief of the General Staff, the commanders of the Land, Naval and Air Forces under ..."
2,Second Amendment,19,0.12324029,Czech Republic,world_constitution_czech_republic_2013_article_9_002_0000,world_constitution_czech_republic_2013_article_9_002,Czech Republic's Constitution of 1993 with Amendments through 2013 - Article 9,https://www.constituteproject.org/service/html?cons_id=Czech_Republic_2013&lang=en,"Article 9 The State Security Council is made up of the Prime Minister, as well as other members of the government pursuant to the decision of the government. To the extent of its commission as designated for it by the ..."
2,Second Amendment,20,0.12263571,Thailand,world_constitution_thailand_2017_preamble_0020,world_constitution_thailand_2017_preamble,Thailand's Constitution of 2017 - Preamble,https://www.constituteproject.org/service/html?cons_id=Thailand_2017&lang=en,"The State should promote abilities of the people to engage in work which is appropriate to their potentials and ages, and ensure that they have work to engage in. The State should protect labour to ensure safety and vocational hygiene, ..."
2,Second Amendment,21,0.12192997,Mongolia,world_constitution_mongolia_2001_article_12_0000,world_constitution_mongolia_2001_article_12,Mongolia's Constitution of 1992 with Amendments through 2001 - Article 12,https://www.constituteproject.org/service/html?cons_id=Mongolia_2001&lang=en,"Article 12 The symbols of the independence and sovereignty of Mongolia shall be the State Coat of Arms, the Banner, the Flag, the Seal and the Anthem. The State Coat of Arms, the Banner, the Flag, and the Anthem shall ..."
2,Second Amendment,22,0.12041192,Peru,world_constitution_peru_2021_article_2_0002,world_constitution_peru_2021_article_2,Peru's Constitution of 1993 with Amendments through 2021 - Article 2,https://www.constituteproject.org/service/html?cons_id=Peru_2021&lang=en,"include removal or seizure, except by a court order. To choose his place of residence, to move freely throughout the national territory, and to leave the country and return to it, except restrictions for reasons of health or due to ..."
2,Second Amendment,23,0.12037088,Nepal,world_constitution_nepal_2016_preamble_0009,world_constitution_nepal_2016_preamble,Nepal's Constitution of 2015 with Amendments through 2016 - Preamble,https://www.constituteproject.org/service/html?cons_id=Nepal_2016&lang=en,"No person shall be subjected to human trafficking or bonded labor, and such an act shall be punishable by law. No person shall be subjected to forced labor. Provided that nothing in this clause shall prevent the enactment of a ..."
2,Second Amendment,24,0.11760849,Angola,world_constitution_angola_2010_article_36_0000,world_constitution_angola_2010_article_36,Angola's Constitution of 2010 - Article 36,https://www.constituteproject.org/service/html?cons_id=Angola_2010&lang=en,"Article 36. (Right to physical freedom and personal security) Everyone shall have the right to physical freedom and individual security. No-one may be deprived of their freedom, except in cases prescribed by the Constitution and the law. The right to ..."
2,Second Amendment,25,0.11755699,Mongolia,world_constitution_mongolia_2001_article_16_0000,world_constitution_mongolia_2001_article_16,Mongolia's Constitution of 1992 with Amendments through 2001 - Article 16,https://www.constituteproject.org/service/html?cons_id=Mongolia_2001&lang=en,"Article 16 The citizens of Mongolia shall be guaranteed to exercise the following rights and freedoms: The right to life. Deprivation of human life shall be strictly prohibited unless otherwise highest measure of punishment, as prescribed by the Criminal Code ..."
3,Third Amendment,1,0.31654113,Marshall Islands,world_constitution_marshall_islands_1995_article_i_002_0006,world_constitution_marshall_islands_1995_article_i_002,Marshall Islands's Constitution of 1979 with Amendments through 1995 - Article I,https://www.constituteproject.org/service/html?cons_id=Marshall_Islands_1995&lang=en,"corpus has been filed shall treat as conclusive and prior determination of a court of record in which the applicant had a full and fair opportunity to litigate the matter, providing such determination either was ultimately upheld on appeal or ..."
3,Third Amendment,2,0.27977215,United States of America,world_constitution_united_states_of_america_1992_article_v_003_0001,world_constitution_united_states_of_america_1992_article_v_003,United States of America's Constitution of 1789 with Amendments through 1992 - Article V,https://www.constituteproject.org/service/html?cons_id=United_States_of_America_1992&lang=en,"concurring, that the following Articles be proposed to the Legislatures of the several States, as Amendments to the Constitution of the United States, all or any of which Articles, when ratified by three fourths of the said Legislatures, to be ..."
3,Third Amendment,3,0.26822754,Tonga,world_constitution_tonga_2013_preamble_0004,world_constitution_tonga_2013_preamble,Tonga's Constitution of 1875 with Amendments through 2013 - Preamble,https://www.constituteproject.org/service/html?cons_id=Tonga_2013&lang=en,All the people have the right to expect that the Government will protect their life liberty and property and therefore it is right for all the people to support and contribute to the Government according to law. And if at ...
3,Third Amendment,4,0.18366162,Mexico,world_constitution_mexico_2015_article_16_0003,world_constitution_mexico_2015_article_16,Mexico's Constitution of 1917 with Amendments through 2015 - Article 16,https://www.constituteproject.org/service/html?cons_id=Mexico_2015&lang=en,law. The results of telephone tapping and interception of communications that do not comply with the aforesaid requirements will not be admitted as evidence. Administrative authorities shall have powers to search private households only in order to enforce sanitary and ...
3,Third Amendment,5,0.17215147,Nigeria,world_constitution_nigeria_2011_preamble_0038,world_constitution_nigeria_2011_preamble,Nigeria's Constitution of 1999 with Amendments through 2011 - Preamble,https://www.constituteproject.org/service/html?cons_id=Nigeria_2011&lang=en,A summons or warrant issued under this section may be served or executed by any member of the Nigeria Police Force or by any person authorised in that behalf by the President of the Senate or the Speaker of the ...
3,Third Amendment,6,0.16752783,United States of America,world_constitution_united_states_of_america_1992_article_i_0007,world_constitution_united_states_of_america_1992_article_i,United States of America's Constitution of 1789 with Amendments through 1992 - Article I,https://www.constituteproject.org/service/html?cons_id=United_States_of_America_1992&lang=en,in Proportion to the Census or enumeration herein before directed to be taken. No Tax or Duty shall be laid on Articles exported from any State. No Preference shall be given by any Regulation of Commerce or Revenue to the ...
3,Third Amendment,7,0.16669623,United States of America,world_constitution_united_states_of_america_1992_article_i_0003,world_constitution_united_states_of_america_1992_article_i,United States of America's Constitution of 1789 with Amendments through 1992 - Article I,https://www.constituteproject.org/service/html?cons_id=United_States_of_America_1992&lang=en,"disorderly Behaviour, and, with the Concurrence of two thirds, expel a Member. Each House shall keep a Journal of its Proceedings, and from time to time publish the same, excepting such Parts as may in their Judgment require Secrecy; and ..."
3,Third Amendment,8,0.16482777,Suriname,world_constitution_surinam_1992_article_102_0000,world_constitution_surinam_1992_article_102,Suriname's Constitution of 1987 with Amendments through 1992 - Article 102,https://www.constituteproject.org/service/html?cons_id=Surinam_1992&lang=en,"Article 102 The President shall not declare the Republic of Suriname to be at war, in danger of war of in state of siege, except with the previous consent of the National Assembly. This consent shall not be required when, ..."
3,Third Amendment,9,0.1576302,Dominica,world_constitution_dominica_2014_preamble_0018,world_constitution_dominica_2014_preamble,Dominica's Constitution of 1978 with Amendments through 2014 - Preamble,https://www.constituteproject.org/service/html?cons_id=Dominica_2014&lang=en,"that action has been taken or is immediately threatened by any person of such a nature and on so extensive a scale as to be likely to endanger the public safety or to deprive the community, or any substantial portion ..."
3,Third Amendment,10,0.15703871,Malaysia,world_constitution_malaysia_2007_article_49_0000,world_constitution_malaysia_2007_article_49,Malaysia's Constitution of 1957 with Amendments through 2007 - Article 49,https://www.constituteproject.org/service/html?cons_id=Malaysia_2007&lang=en,"Article 49, the election or appointment shall be void. (Repealed). A person cannot be validly nominated for election to membership of either House or appointed to the Senate without his consent. 51. Resignation of members A member of either House ..."
3,Third Amendment,11,0.15701553,Lesotho,world_constitution_lesotho_2018_preamble_0048,world_constitution_lesotho_2018_preamble,Lesotho's Constitution of 1993 with Amendments through 2018 - Preamble,https://www.constituteproject.org/service/html?cons_id=Lesotho_2018&lang=en,Each House of Parliament may act notwithstanding any vacancy in its membership (including any vacancy not filled when the House first meets after any general election) and the presence or participation of any person not entitled to be present at ...
3,Third Amendment,12,0.15495896,Nigeria,world_constitution_nigeria_2011_preamble_0039,world_constitution_nigeria_2011_preamble,Nigeria's Constitution of 1999 with Amendments through 2011 - Preamble,https://www.constituteproject.org/service/html?cons_id=Nigeria_2011&lang=en,"At any sitting of a House of Assembly, the Speaker of that House shall preside, and in his absence the Deputy Speaker shall preside. In the absence of the Speaker and Deputy Speaker of the House, such member of the ..."
3,Third Amendment,13,0.15272135,Grenada,world_constitution_grenada_1992_preamble_0027,world_constitution_grenada_1992_preamble,"Grenada's Constitution of 1973, Reinstated in 1991, with Amendments through 1992 - Preamble",https://www.constituteproject.org/service/html?cons_id=Grenada_1992&lang=en,"Provided that the Speaker may, at the request of the member, from time to time, extend that period for further periods of thirty days to enable the member to pursue an appeal against the decision, so, however, that extensions of ..."
3,Third Amendment,14,0.15099912,Saint Vincent and the Grenadines,world_constitution_st_vincent_and_the_grenadines_1979_preamble_0036,world_constitution_st_vincent_and_the_grenadines_1979_preamble,Saint Vincent and the Grenadines's Constitution of 1979 - Preamble,https://www.constituteproject.org/service/html?cons_id=St_Vincent_and_the_Grenadines_1979&lang=en,"PART 3. Summoning, prorogation and dissolution 47. Sessions Each session of Parliament shall be held at such place within Saint Vincent and shall begin at such time, not being later than six months from the end of the preceding session ..."
3,Third Amendment,15,0.14897598,Trinidad and Tobago,world_constitution_trinidad_and_tobago_2007_preamble_0030,world_constitution_trinidad_and_tobago_2007_preamble,Trinidad and Tobago's Constitution of 1976 with Amendments through 2007 - Preamble,https://www.constituteproject.org/service/html?cons_id=Trinidad_and_Tobago_2007&lang=en,"No civil or criminal proceedings may be instituted against any member of either House for words spoken before, or written in a report to, the House of which he is a member or in which he has a right of ..."
3,Third Amendment,16,0.14303616,Philippines,world_constitution_philippines_1987_article_i_006_0004,world_constitution_philippines_1987_article_i_006,Philippines's Constitution of 1987 - Article I,https://www.constituteproject.org/service/html?cons_id=Philippines_1987&lang=en,"Each House shall choose such other officers as it may deem necessary. A majority of each House shall constitute a quorum to do business, but a smaller number may adjourn from day to day and may compel the attendance of ..."
3,Third Amendment,17,0.14019974,Grenada,world_constitution_grenada_1992_preamble_0026,world_constitution_grenada_1992_preamble,"Grenada's Constitution of 1973, Reinstated in 1991, with Amendments through 1992 - Preamble",https://www.constituteproject.org/service/html?cons_id=Grenada_1992&lang=en,"Every Commonwealth citizen who has attained the prescribed age and who possesses such qualifications relating to residence or domicile in Grenada as Parliament may prescribe shall, unless he is disqualified by Parliament from registration as a voter for the purposes ..."
3,Third Amendment,18,0.13819825,Colombia,world_constitution_colombia_2015_article_212_0000,world_constitution_colombia_2015_article_212,Colombia's Constitution of 1991 with Amendments through 2015 - Article 212,https://www.constituteproject.org/service/html?cons_id=Colombia_2015&lang=en,"Article 212 The President of the Republic, with the signature of all the ministers, may declare a state of foreign war. On the basis of such a declaration, the government shall have the strictly essential options to repel the aggression, ..."
3,Third Amendment,19,0.13802261,Jamaica,world_constitution_jamaica_2015_preamble_0022,world_constitution_jamaica_2015_preamble,Jamaica's Constitution of 1962 with Amendments through 2015 - Preamble,https://www.constituteproject.org/service/html?cons_id=Jamaica_2015&lang=en,"a Commonwealth citizen (other than a citizen of Jamaica) who is resident in Jamaica at the date of registration and who has been so resident for at least twelve months immediately preceding that date, and has attained the prescribed age. ..."
3,Third Amendment,20,0.13782122,Malaysia,world_constitution_malaysia_2007_article_48_0002,world_constitution_malaysia_2007_article_48,Malaysia's Constitution of 1957 with Amendments through 2007 - Article 48,https://www.constituteproject.org/service/html?cons_id=Malaysia_2007&lang=en,other court proceeding is disposed of by the court; or if within the period specified in paragraph (a) or the period after the disposal of the appeal or other court proceeding specified in paragraph (b) there is filed a petition ...
3,Third Amendment,21,0.13610077,Malta,world_constitution_malta_2016_preamble_0043,world_constitution_malta_2016_preamble,Malta's Constitution of 1964 with Amendments through 2016 - Preamble,https://www.constituteproject.org/service/html?cons_id=Malta_2016&lang=en,"proceed upon any motion (including any amendment to a motion) the effect of which, in the opinion of the person presiding, would be to make provision for any of the purposes aforesaid; or receive any petition which, in the opinion ..."
3,Third Amendment,22,0.13364775,Malaysia,world_constitution_malaysia_2007_article_46_0000,world_constitution_malaysia_2007_article_46,Malaysia's Constitution of 1957 with Amendments through 2007 - Article 46,https://www.constituteproject.org/service/html?cons_id=Malaysia_2007&lang=en,"Article 46: Provided that paragraph (b) shall not have effect for the purposes of any of the following provisions of this Constitution, that is to say, Articles 43, 43A, 43B, 50 to 52, 54 and 59; and no person shall ..."
3,Third Amendment,23,0.13355535,Malta,world_constitution_malta_2016_preamble_0067,world_constitution_malta_2016_preamble,Malta's Constitution of 1964 with Amendments through 2016 - Preamble,https://www.constituteproject.org/service/html?cons_id=Malta_2016&lang=en,"The Auditor General may at any time be removed or suspended from his office by the President, upon an address from the House of Representatives supported by the votes of not less than two-thirds of all members in the House, ..."
3,Third Amendment,24,0.13325401,Dominica,world_constitution_dominica_2014_preamble_0037,world_constitution_dominica_2014_preamble,Dominica's Constitution of 1978 with Amendments through 2014 - Preamble,https://www.constituteproject.org/service/html?cons_id=Dominica_2014&lang=en,"proceed upon any motion (including any amendment to a motion) the effect of which, in the opinion of the person presiding, would be to make provision for any of those purposes. 51. Scrutiny of electoral legislation Every proposed bill and ..."
3,Third Amendment,25,0.13319912,Saint Lucia,world_constitution_st_lucia_1978_preamble_0028,world_constitution_st_lucia_1978_preamble,Saint Lucia's Constitution of 1978 - Preamble,https://www.constituteproject.org/service/html?cons_id=St_Lucia_1978&lang=en,"""government contract"" means any contract made with the Government or with a department of the Government or with an officer of the Government contracting as such; ""minister of religion"" means any person in holy orders and any other person the ..."
4,Fourth Amendment,1,0.46521854,Marshall Islands,world_constitution_marshall_islands_1995_article_i_002_0001,world_constitution_marshall_islands_1995_article_i_002,Marshall Islands's Constitution of 1979 with Amendments through 1995 - Article I,https://www.constituteproject.org/service/html?cons_id=Marshall_Islands_1995&lang=en,include: any labor required by the sentence or order of a court; any other labor required of a person lawfully detained if reasonably necessary for the maintenance of the place of detention; any service required by law in lieu of ...
4,Fourth Amendment,2,0.39534506,United States of America,world_constitution_united_states_of_america_1992_article_v_003_0001,world_constitution_united_states_of_america_1992_article_v_003,United States of America's Constitution of 1789 with Amendments through 1992 - Article V,https://www.constituteproject.org/service/html?cons_id=United_States_of_America_1992&lang=en,"concurring, that the following Articles be proposed to the Legislatures of the several States, as Amendments to the Constitution of the United States, all or any of which Articles, when ratified by three fourths of the said Legislatures, to be ..."
4,Fourth Amendment,3,0.33906393,Philippines,world_constitution_philippines_1987_article_i_003_0000,world_constitution_philippines_1987_article_i_003,Philippines's Constitution of 1987 - Article I,https://www.constituteproject.org/service/html?cons_id=Philippines_1987&lang=en,"ARTICLE III. BILL OF RIGHTS Sec 1 No person shall be deprived of life, liberty, or property without due process of law, nor shall any person be denied the equal protection of the laws. Sec 2 The right of the ..."
4,Fourth Amendment,4,0.24060328,Micronesia (Federated States of),world_constitution_micronesia_1990_article_i_004_0000,world_constitution_micronesia_1990_article_i_004,Micronesia (Federated States of)'s Constitution of 1978 with Amendments through 1990 - Article I,https://www.constituteproject.org/service/html?cons_id=Micronesia_1990&lang=en,"ARTICLE IV. DECLARATION OF RIGHTS Section 1 No law may deny or impair freedom of expression, peaceable assembly, association, or petition. Section 2 No law may be passed respecting an establishment of religion or impairing the free exercise of religion, ..."
4,Fourth Amendment,5,0.20752287,Palau,world_constitution_palau_1992_article_i_004_0001,world_constitution_palau_1992_article_i_004,Palau's Constitution of 1981 with Amendments through 1992 - Article I,https://www.constituteproject.org/service/html?cons_id=Palau_1992&lang=en,"government shall take no action to deprive any person of life, liberty, or property without due process of law nor shall private property be taken except for a recognized public use and for just compensation in money or in kind. ..."
4,Fourth Amendment,6,0.15048449,Liberia,world_constitution_liberia_1986_article_21_0000,world_constitution_liberia_1986_article_21,Liberia's Constitution of 1986 - Article 21,https://www.constituteproject.org/service/html?cons_id=Liberia_1986&lang=en,"Article 21 No person shall be made subject to any law or punishment which was not in effect at the time of commission of an offense, nor shall the Legislature enact any bill of attainder or ex post facto law. ..."
4,Fourth Amendment,7,0.14069849,Sri Lanka,world_constitution_sri_lanka_2015_article_105_0000,world_constitution_sri_lanka_2015_article_105,Sri Lanka's Constitution of 1978 with Amendments through 2015 - Article 105,https://www.constituteproject.org/service/html?cons_id=Sri_Lanka_2015&lang=en,"Article 105, to be a court or tribunal created and established by Parliament, was in the service of the Republic, any local authority or any public corporation, held office in any local authority or public corporation, or held any appointment ..."
4,Fourth Amendment,8,0.13995364,Liberia,world_constitution_liberia_1986_article_53_0000,world_constitution_liberia_1986_article_53,Liberia's Constitution of 1986 - Article 53,https://www.constituteproject.org/service/html?cons_id=Liberia_1986&lang=en,"Article 53 The President and the Vice-President shall, before entering on the execution of the duties of their respective offices, take a solemn oath or affirmation to preserve, protect and defend the Constitution and laws of the Republic and faithfully ..."
4,Fourth Amendment,9,0.13753697,Russian Federation,world_constitution_russia_2014_article_98_0000,world_constitution_russia_2014_article_98,Russian Federation's Constitution of 1993 with Amendments through 2014 - Article 98,https://www.constituteproject.org/service/html?cons_id=Russia_2014&lang=en,"Article 98 Members of the Council of Federation and deputies of the State Duma shall enjoy immunity during the whole term of their office. They may not be detained, arrested or searched, except in the event of detention at the ..."
4,Fourth Amendment,10,0.13648063,New Zealand,world_constitution_new_zealand_2014_preamble_0257,world_constitution_new_zealand_2014_preamble,New Zealand's Constitution of 1852 with Amendments through 2014 - Preamble,https://www.constituteproject.org/service/html?cons_id=New_Zealand_2014&lang=en,"Where the polling at any polling place cannot start or has to be suspended whether by reason of riot or open violence, natural disaster, or any other cause, the Returning Officer may adjourn the taking of the poll at that ..."
4,Fourth Amendment,11,0.12723207,Panama,world_constitution_panama_2004_article_29_0000,world_constitution_panama_2004_article_29,Panama's Constitution of 1972 with Amendments through 2004 - Article 29,https://www.constituteproject.org/service/html?cons_id=Panama_2004&lang=en,"Article 29 Correspondence and other private documents are inviolable and shall not be searched or seized except by warrant of a competent authority, for specific purposes and in accordance with the legal formalities. In any case no notice shall be ..."
4,Fourth Amendment,12,0.12202195,Zimbabwe,world_constitution_zimbabwe_2017_preamble_0114,world_constitution_zimbabwe_2017_preamble,Zimbabwe's Constitution of 2013 with Amendments through 2017 - Preamble,https://www.constituteproject.org/service/html?cons_id=Zimbabwe_2017&lang=en,"This oath or affirmation is to be taken before the President or, in his or her absence, before the Chief Justice or the next most senior judge available. OATH OR AFFIRMATION OF MEMBER OF PARLIAMENT I, .................................................... swear [or solemnly ..."
4,Fourth Amendment,13,0.12100438,Honduras,world_constitution_honduras_2013_article_100_0000,world_constitution_honduras_2013_article_100,Honduras's Constitution of 1982 with Amendments through 2013 - Article 100,https://www.constituteproject.org/service/html?cons_id=Honduras_2013&lang=en,"Article 100 Every person has the right to the inviolability and privacy of communication, specifically mail, telegrams and telephone conversations, except by judicial order. Books and documents of merchants and their private papers shall be subject only to inspection and ..."
4,Fourth Amendment,14,0.11498794,Sri Lanka,world_constitution_sri_lanka_2015_article_169_002_0000,world_constitution_sri_lanka_2015_article_169_002,Sri Lanka's Constitution of 1978 with Amendments through 2015 - Article 169,https://www.constituteproject.org/service/html?cons_id=Sri_Lanka_2015&lang=en,"Article 169 (12) shall mutatis mutandis, apply to, and in relation to, any person or officer who fails to take and subscribe, or make and subscribe an oath or affirmation as required by this paragraph. 8 Every person who is ..."
4,Fourth Amendment,15,0.11483266,New Zealand,world_constitution_new_zealand_2014_preamble_0250,world_constitution_new_zealand_2014_preamble,New Zealand's Constitution of 1852 with Amendments through 2014 - Preamble,https://www.constituteproject.org/service/html?cons_id=New_Zealand_2014&lang=en,"If any application for a recount of the votes for any constituency candidates has been made, the Electoral Commission must postpone the return of the writ until the completion of every recount. If, at any time before the expiry of ..."
4,Fourth Amendment,16,0.11347647,Spain,world_constitution_spain_2011_preamble_0015,world_constitution_spain_2011_preamble,Spain's Constitution of 1978 with Amendments through 2011 - Preamble,https://www.constituteproject.org/service/html?cons_id=Spain_2011&lang=en,"The Houses shall meet annually for two ordinary periods of sessions: the first from September to December, and the second from February to June. The Houses may meet in extraordinary sessions at the request of the Government, of the Permanent ..."
4,Fourth Amendment,17,0.11307691,Mexico,world_constitution_mexico_2015_article_16_0001,world_constitution_mexico_2015_article_16,Mexico's Constitution of 1917 with Amendments through 2015 - Article 16,https://www.constituteproject.org/service/html?cons_id=Mexico_2015&lang=en,"the time, place or circumstance, accused cannot be brought before judicial authority. In cases of urgency or flagrancy, the judge before whom the prisoner is presented shall immediately confirm the arrest or order his release, according to the conditions established ..."
4,Fourth Amendment,18,0.11282484,Zimbabwe,world_constitution_zimbabwe_2017_preamble_0112,world_constitution_zimbabwe_2017_preamble,Zimbabwe's Constitution of 2013 with Amendments through 2017 - Preamble,https://www.constituteproject.org/service/html?cons_id=Zimbabwe_2017&lang=en,"The reference in subparagraph (1) to a ten-day period includes a reference to lesser periods of detention that amount to ten days, in the case of a detainee who is released within ten days after being initially detained and is ..."
4,Fourth Amendment,19,0.11239126,New Zealand,world_constitution_new_zealand_2014_preamble_0243,world_constitution_new_zealand_2014_preamble,New Zealand's Constitution of 1852 with Amendments through 2014 - Preamble,https://www.constituteproject.org/service/html?cons_id=New_Zealand_2014&lang=en,"177. Parcels to be secured after scrutiny When the Returning Officer has selected from any parcel all the ballot papers he or she is required to select therefrom, he or she shall forthwith, in the presence of his or her ..."
4,Fourth Amendment,20,0.11158702,Papua New Guinea,world_constitution_papua_new_guinea_2016_preamble_0117,world_constitution_papua_new_guinea_2016_preamble,Papua New Guinea's Constitution of 1975 with Amendments through 2016 - Preamble,https://www.constituteproject.org/service/html?cons_id=Papua_New_Guinea_2016&lang=en,"Subject to any provision of a Constitutional Law making special provision for the purpose, the Oath of Allegiance, the Declaration of Loyalty, the Judicial Declaration or the Declaration of Office (or any other oath, affirmation or declaration that is required ..."
4,Fourth Amendment,21,0.11115718,Turkey,world_constitution_turkey_2017_article_i_021_0000,world_constitution_turkey_2017_article_i_021,Turkey's Constitution of 1982 with Amendments through 2017 - Article I,https://www.constituteproject.org/service/html?cons_id=Turkey_2017&lang=en,"ARTICLE 21 The domicile of an individual shall not be violated. Unless there exists a decision duly given by a judge on one or several of the grounds of national security, public order, prevention of crime, protection of public health ..."
4,Fourth Amendment,22,0.1090756,Turkey,world_constitution_turkey_2017_article_i_020_0000,world_constitution_turkey_2017_article_i_020,Turkey's Constitution of 1982 with Amendments through 2017 - Article I,https://www.constituteproject.org/service/html?cons_id=Turkey_2017&lang=en,ARTICLE 20 Everyone has the right to demand respect for his/her private and family life. Privacy of private or family life shall not be violated. Unless there exists a decision duly given by a judge on one or several of ...
4,Fourth Amendment,23,0.10698367,Korea (Republic of),world_constitution_republic_of_korea_1987_article_12_0000,world_constitution_republic_of_korea_1987_article_12,Korea (Republic of)'s Constitution of 1948 with Amendments through 1987 - Article 12,https://www.constituteproject.org/service/html?cons_id=Republic_of_Korea_1987&lang=en,"Article 12 All citizens shall enjoy personal liberty. No person shall be arrested, detained, searched, seized or interrogated except as provided by law. No person shall be punished, placed under preventive restrictions or subject to involuntary labor except as provided ..."
4,Fourth Amendment,24,0.10694211,Moldova (Republic of),world_constitution_moldova_2016_article_46_0000,world_constitution_moldova_2016_article_46,Moldova (Republic of)'s Constitution of 1994 with Amendments through 2016 - Article 46,https://www.constituteproject.org/service/html?cons_id=Moldova_2016&lang=en,"Article 46. Right to private property and its protection The right to possess private property and the debts incurred by the State shall be guaranteed. No one may be expropriated unless for a matter of public utility, established, under the ..."
4,Fourth Amendment,25,0.10633176,Liberia,world_constitution_liberia_1986_article_21_0002,world_constitution_liberia_1986_article_21,Liberia's Constitution of 1986 - Article 21,https://www.constituteproject.org/service/html?cons_id=Liberia_1986&lang=en,"such cases, the accused shall have the right to a speedy, public and impartial trial by a jury of the vicinity, unless such person shall, with appropriate understanding, expressly waive the right to a jury trial. In all criminal cases, ..."
5,Fifth Amendment,1,0.53207257,United States of America,world_constitution_united_states_of_america_1992_article_v_003_0002,world_constitution_united_states_of_america_1992_article_v_003,United States of America's Constitution of 1789 with Amendments through 1992 - Article V,https://www.constituteproject.org/service/html?cons_id=United_States_of_America_1992&lang=en,"or indictment of a Grand Jury, except in cases arising in the land or naval forces, or in the Militia, when in actual service in time of War or public danger; nor shall any person be subject for the same ..."
5,Fifth Amendment,2,0.34246848,United States of America,world_constitution_united_states_of_america_1992_article_v_003_0001,world_constitution_united_states_of_america_1992_article_v_003,United States of America's Constitution of 1789 with Amendments through 1992 - Article V,https://www.constituteproject.org/service/html?cons_id=United_States_of_America_1992&lang=en,"concurring, that the following Articles be proposed to the Legislatures of the several States, as Amendments to the Constitution of the United States, all or any of which Articles, when ratified by three fourths of the said Legislatures, to be ..."
5,Fifth Amendment,3,0.29419304,Palau,world_constitution_palau_1992_article_i_004_0001,world_constitution_palau_1992_article_i_004,Palau's Constitution of 1981 with Amendments through 1992 - Article I,https://www.constituteproject.org/service/html?cons_id=Palau_1992&lang=en,"government shall take no action to deprive any person of life, liberty, or property without due process of law nor shall private property be taken except for a recognized public use and for just compensation in money or in kind. ..."
5,Fifth Amendment,4,0.29043627,Marshall Islands,world_constitution_marshall_islands_1995_article_i_002_0003,world_constitution_marshall_islands_1995_article_i_002,Marshall Islands's Constitution of 1979 with Amendments through 1995 - Article I,https://www.constituteproject.org/service/html?cons_id=Marshall_Islands_1995&lang=en,"No person shall be held to answer for a crime except on presentation or indictment or criminal information. No person shall be compelled in any criminal case to be a witness against himself, or against his spouse, parent, child, or ..."
5,Fifth Amendment,5,0.28806781,Liberia,world_constitution_liberia_1986_article_21_0001,world_constitution_liberia_1986_article_21,Liberia's Constitution of 1986 - Article 21,https://www.constituteproject.org/service/html?cons_id=Liberia_1986&lang=en,"excessive punishment inflicted. No person charged, arrested, restricted, detained or otherwise held in confinement shall be subject to torture or inhumane treatment; nor shall any person except military personnel, be kept or confined in any military facility; nor shall any ..."
5,Fifth Amendment,6,0.28105384,Marshall Islands,world_constitution_marshall_islands_1995_article_i_002_0002,world_constitution_marshall_islands_1995_article_i_002,Marshall Islands's Constitution of 1979 with Amendments through 1995 - Article I,https://www.constituteproject.org/service/html?cons_id=Marshall_Islands_1995&lang=en,"through an unreasonable search cannot be used to support a criminal conviction. Section 4. Due Process and Fair Trial No person shall be deprived of life, liberty, or property without due process of the law. Every person charged with a ..."
5,Fifth Amendment,7,0.24272942,El Salvador,world_constitution_el_salvador_2014_article_11_0000,world_constitution_el_salvador_2014_article_11,El Salvador's Constitution of 1983 with Amendments through 2014 - Article 11,https://www.constituteproject.org/service/html?cons_id=El_Salvador_2014&lang=en,"Article 11 No person shall be deprived of the right to life, liberty, property and possession, nor any other of his rights without previously being heard and defeated in a trial according to the laws; nor shall he be tried ..."
5,Fifth Amendment,8,0.23311072,Korea (Republic of),world_constitution_republic_of_korea_1987_article_13_0000,world_constitution_republic_of_korea_1987_article_13,Korea (Republic of)'s Constitution of 1948 with Amendments through 1987 - Article 13,https://www.constituteproject.org/service/html?cons_id=Republic_of_Korea_1987&lang=en,"Article 13 No citizen shall be prosecuted for an act which does not constitute a crime under the law in force at the time it was committed, nor shall he be placed in double jeopardy. No restrictions shall be imposed ..."
5,Fifth Amendment,9,0.22970815,Liberia,world_constitution_liberia_1986_article_21_0000,world_constitution_liberia_1986_article_21,Liberia's Constitution of 1986 - Article 21,https://www.constituteproject.org/service/html?cons_id=Liberia_1986&lang=en,"Article 21 No person shall be made subject to any law or punishment which was not in effect at the time of commission of an offense, nor shall the Legislature enact any bill of attainder or ex post facto law. ..."
5,Fifth Amendment,10,0.22138681,Kuwait,world_constitution_kuwait_1992_article_121_0000,world_constitution_kuwait_1992_article_121,"Kuwait's Constitution of 1962, Reinstated in 1992 - Article 121",https://www.constituteproject.org/service/html?cons_id=Kuwait_1992&lang=en,Article 121 A member of the National Assembly shall not during the period of his membership be appointed to the Board of Directors of a Company nor be allowed to participate in contracts entered into by Government or by public ...
5,Fifth Amendment,11,0.21135523,Tonga,world_constitution_tonga_2013_preamble_0003,world_constitution_tonga_2013_preamble,Tonga's Constitution of 1875 with Amendments through 2013 - Preamble,https://www.constituteproject.org/service/html?cons_id=Tonga_2013&lang=en,No one shall be intimidated into giving evidence against himself nor shall the life or property or liberty of anyone be taken away except according to law. 15. Court to be unbiased It shall not be lawful for any judge ...
5,Fifth Amendment,12,0.20105457,Serbia,world_constitution_serbia_2006_article_34_0000,world_constitution_serbia_2006_article_34,Serbia's Constitution of 2006 - Article 34,https://www.constituteproject.org/service/html?cons_id=Serbia_2006&lang=en,"Article 34. Legal certainty in criminal law No person may be held guilty for any act which did not constitute a criminal offense under law or any other regulation based on the law at the time when it was committed, ..."
5,Fifth Amendment,13,0.19855627,Serbia,world_constitution_serbia_2006_article_33_0000,world_constitution_serbia_2006_article_33,Serbia's Constitution of 2006 - Article 33,https://www.constituteproject.org/service/html?cons_id=Serbia_2006&lang=en,"Article 33. Special rights of persons charged with criminal offense Any person charged with criminal offense shall have the right to be informed promptly, in accordance with the law, in the language which this person understands and in detail about ..."
5,Fifth Amendment,14,0.19519937,Tonga,world_constitution_tonga_2013_preamble_0004,world_constitution_tonga_2013_preamble,Tonga's Constitution of 1875 with Amendments through 2013 - Preamble,https://www.constituteproject.org/service/html?cons_id=Tonga_2013&lang=en,All the people have the right to expect that the Government will protect their life liberty and property and therefore it is right for all the people to support and contribute to the Government according to law. And if at ...
5,Fifth Amendment,15,0.1944175,Antigua and Barbuda,world_constitution_antigua_and_barbuda_1981_preamble_0001,world_constitution_antigua_and_barbuda_1981_preamble,Antigua and Barbuda's Constitution of 1981 - Preamble,https://www.constituteproject.org/service/html?cons_id=Antigua_and_Barbuda_1981&lang=en,"Whereas every person in Antigua and Barbuda is entitled to the fundamental rights and freedoms of the individual, that is to say, the right, regardless of race, place of origin, political opinions or affiliations, colour, creed or sex, but subject ..."
5,Fifth Amendment,16,0.19136608,Zambia,world_constitution_zambia_2016_article_12_0000,world_constitution_zambia_2016_article_12,Zambia's Constitution of 1991 with Amendments through 2016 - Article 12,https://www.constituteproject.org/service/html?cons_id=Zambia_2016&lang=en,Article 12. Protection of Right to Life No person shall be deprived of his life intentionally except in execution of the sentence of a court in respect of a criminal offence under the law in force in Zambia of which ...
5,Fifth Amendment,17,0.1893105,Guyana,world_constitution_guyana_2016_article_132_0001,world_constitution_guyana_2016_article_132,Guyana's Constitution of 1980 with Amendments through 2016 - Article 132,https://www.constituteproject.org/service/html?cons_id=Guyana_2016&lang=en,"Police Service Commission There shall be a Police Service Commission for Guyana. The composition and functions of the Police Service Commission are set out in articles 210, 211 and 212. PART 2. SPECIFIC RULES TITLE 1. PROTECTION OF FUNDAMENTAL RIGHTS ..."
5,Fifth Amendment,18,0.18882289,Uganda,world_constitution_uganda_2017_preamble_0012,world_constitution_uganda_2017_preamble,Uganda's Constitution of 1995 with Amendments through 2017 - Preamble,https://www.constituteproject.org/service/html?cons_id=Uganda_2017&lang=en,"any labour required of any person while that person is lawfully detained which, though not required in consequence of the sentence or order of a court, is reasonably necessary in the interests of hygiene or for the maintenance of the ..."
5,Fifth Amendment,19,0.18756883,Marshall Islands,world_constitution_marshall_islands_1995_article_i_002_0004,world_constitution_marshall_islands_1995_article_i_002,Marshall Islands's Constitution of 1979 with Amendments through 1995 - Article I,https://www.constituteproject.org/service/html?cons_id=Marshall_Islands_1995&lang=en,"alternative means, by land fill or otherwise, of achieving at non-prohibitive expense the purpose to be served by such taking. Before any land right or other form of private property is taken, there must be a determination by the High ..."
5,Fifth Amendment,20,0.18625256,Lesotho,world_constitution_lesotho_2018_preamble_0001,world_constitution_lesotho_2018_preamble,Lesotho's Constitution of 1993 with Amendments through 2018 - Preamble,https://www.constituteproject.org/service/html?cons_id=Lesotho_2018&lang=en,"the provisions of this Chapter shall have effect for the purpose of affording protection to those rights and freedoms, subject to such limitations of that protection as are contained in those provisions, being limitations designed to ensure that the enjoyment ..."
5,Fifth Amendment,21,0.18453439,Malta,world_constitution_malta_2016_preamble_0004,world_constitution_malta_2016_preamble,Malta's Constitution of 1964 with Amendments through 2016 - Preamble,https://www.constituteproject.org/service/html?cons_id=Malta_2016&lang=en,"Whereas every person in Malta is entitled to the fundamental rights and freedoms of the individual, that is to say, the right, whatever his race, place of origin, political opinions, colour, creed, sex, sexual orientation or gender identity but subject ..."
5,Fifth Amendment,22,0.18371294,Liberia,world_constitution_liberia_1986_article_20_0000,world_constitution_liberia_1986_article_20,Liberia's Constitution of 1986 - Article 20,https://www.constituteproject.org/service/html?cons_id=Liberia_1986&lang=en,"Article 20 No person shall be deprived of life, liberty, security of the person, property, privilege or any other right except as the outcome of a hearing judgment consistent with the provisions laid down in this Constitution and in accordance ..."
5,Fifth Amendment,23,0.18196985,Poland,world_constitution_poland_2009_article_181_0000,world_constitution_poland_2009_article_181,Poland's Constitution of 1997 with Amendments through 2009 - Article 181,https://www.constituteproject.org/service/html?cons_id=Poland_2009&lang=en,"Article 181 A judge shall not, without prior consent granted by a court specified by statute, be held criminally responsible nor deprived of liberty. A judge shall be neither detained nor arrested, except for cases when he has been apprehended ..."
5,Fifth Amendment,24,0.18020273,Kyrgyzstan,world_constitution_kyrgyz_republic_2016_article_12_0000,world_constitution_kyrgyz_republic_2016_article_12,Kyrgyzstan's Constitution of 2010 with Amendments through 2016 - Article 12,https://www.constituteproject.org/service/html?cons_id=Kyrgyz_Republic_2016&lang=en,"Article 12 In the Kyrgyz Republic the diversity of forms of property shall be recognized and equal legal protection to private, state, municipal and other forms of property shall be guaranteed. Property shall be inviolable. No one can be arbitrarily ..."
5,Fifth Amendment,25,0.17877946,Philippines,world_constitution_philippines_1987_article_i_003_0003,world_constitution_philippines_1987_article_i_003,Philippines's Constitution of 1987 - Article I,https://www.constituteproject.org/service/html?cons_id=Philippines_1987&lang=en,"before all judicial, quasi-judicial, or administrative bodies. Sec 17 No person shall be compelled to be a witness against himself. Sec 18 No person shall be detained solely by reason of his political beliefs and aspirations. No involuntary servitude in ..."
6,Sixth Amendment,1,0.47291212,Japan,world_constitution_japan_1946_article_37_0000,world_constitution_japan_1946_article_37,Japan's Constitution of 1946 - Article 37,https://www.constituteproject.org/service/html?cons_id=Japan_1946&lang=en,"Article 37 In all criminal cases the accused shall enjoy the right to a speedy and public trial by an impartial tribunal. He shall be permitted full opportunity to examine all witnesses, and he shall have the right of compulsory ..."
6,Sixth Amendment,2,0.45301245,United States of America,world_constitution_united_states_of_america_1992_article_v_003_0002,world_constitution_united_states_of_america_1992_article_v_003,United States of America's Constitution of 1789 with Amendments through 1992 - Article V,https://www.constituteproject.org/service/html?cons_id=United_States_of_America_1992&lang=en,"or indictment of a Grand Jury, except in cases arising in the land or naval forces, or in the Militia, when in actual service in time of War or public danger; nor shall any person be subject for the same ..."
6,Sixth Amendment,3,0.44148807,Marshall Islands,world_constitution_marshall_islands_1995_article_i_002_0002,world_constitution_marshall_islands_1995_article_i_002,Marshall Islands's Constitution of 1979 with Amendments through 1995 - Article I,https://www.constituteproject.org/service/html?cons_id=Marshall_Islands_1995&lang=en,"through an unreasonable search cannot be used to support a criminal conviction. Section 4. Due Process and Fair Trial No person shall be deprived of life, liberty, or property without due process of the law. Every person charged with a ..."
6,Sixth Amendment,4,0.35727839,Palau,world_constitution_palau_1992_article_i_004_0001,world_constitution_palau_1992_article_i_004,Palau's Constitution of 1981 with Amendments through 1992 - Article I,https://www.constituteproject.org/service/html?cons_id=Palau_1992&lang=en,"government shall take no action to deprive any person of life, liberty, or property without due process of law nor shall private property be taken except for a recognized public use and for just compensation in money or in kind. ..."
6,Sixth Amendment,5,0.32227995,Croatia,world_constitution_croatia_2013_article_29_0000,world_constitution_croatia_2013_article_29,Croatia's Constitution of 1991 with Amendments through 2013 - Article 29,https://www.constituteproject.org/service/html?cons_id=Croatia_2013&lang=en,"Article 29 Everyone shall have the right to the independent and fair trial provided by law which shall, within a reasonable term, decide upon his rights and obligations, or upon the suspicion or the charge of a penal offence. In ..."
6,Sixth Amendment,6,0.32104858,Liberia,world_constitution_liberia_1986_article_21_0002,world_constitution_liberia_1986_article_21,Liberia's Constitution of 1986 - Article 21,https://www.constituteproject.org/service/html?cons_id=Liberia_1986&lang=en,"such cases, the accused shall have the right to a speedy, public and impartial trial by a jury of the vicinity, unless such person shall, with appropriate understanding, expressly waive the right to a jury trial. In all criminal cases, ..."
6,Sixth Amendment,7,0.28459381,United Kingdom,world_constitution_united_kingdom_2013_article_6_002_0000,world_constitution_united_kingdom_2013_article_6_002,United Kingdom's Constitution of 1215 with Amendments through 2013 - Article 6,https://www.constituteproject.org/service/html?cons_id=United_Kingdom_2013&lang=en,"Article 6. Right to a fair trial In the determination of his civil rights and obligations or of any criminal charge against him, everyone is entitled to a fair and public hearing within a reasonable time by an independent and ..."
6,Sixth Amendment,8,0.2838787,Philippines,world_constitution_philippines_1987_article_i_003_0002,world_constitution_philippines_1987_article_i_003,Philippines's Constitution of 1987 - Article I,https://www.constituteproject.org/service/html?cons_id=Philippines_1987&lang=en,Any confession or admission obtained in violation of this or Section 17 hereof shall be inadmissible in evidence against him. The law shall provide for penal and civil sanctions of violations of this section as well as compensation to and ...
6,Sixth Amendment,9,0.25819531,Serbia,world_constitution_serbia_2006_article_33_0000,world_constitution_serbia_2006_article_33,Serbia's Constitution of 2006 - Article 33,https://www.constituteproject.org/service/html?cons_id=Serbia_2006&lang=en,"Article 33. Special rights of persons charged with criminal offense Any person charged with criminal offense shall have the right to be informed promptly, in accordance with the law, in the language which this person understands and in detail about ..."
6,Sixth Amendment,10,0.2517753,Kosovo,world_constitution_kosovo_2016_article_30_0000,world_constitution_kosovo_2016_article_30,Kosovo's Constitution of 2008 with Amendments through 2016 - Article 30,https://www.constituteproject.org/service/html?cons_id=Kosovo_2016&lang=en,"Article 30. Rights of the Accused Everyone charged with a criminal offense shall enjoy the following minimum rights: to be promptly informed, in a language that she/he understands, of the nature and cause of the accusation against him/her; to be ..."
6,Sixth Amendment,11,0.24655538,Ethiopia,world_constitution_ethiopia_1994_article_20_0000,world_constitution_ethiopia_1994_article_20,Ethiopia's Constitution of 1994 - Article 20,https://www.constituteproject.org/service/html?cons_id=Ethiopia_1994&lang=en,Article 20. Rights of Persons Accused Accused persons have the right to a public trial by an ordinary court of law within a reasonable time after having been charged. The court may hear cases in a closed session only with ...
6,Sixth Amendment,12,0.23719207,Mexico,world_constitution_mexico_2015_article_20_0001,world_constitution_mexico_2015_article_20,Mexico's Constitution of 1917 with Amendments through 2015 - Article 20,https://www.constituteproject.org/service/html?cons_id=Mexico_2015&lang=en,accused is certain. Any evidence obtained by violating the defendant’s fundamental rights shall be null and void. These principles shall be observed also in the preliminary hearings. Defendant's rights The defendant is innocent until proven guilty through a sentence issued ...
6,Sixth Amendment,13,0.2366953,Samoa,world_constitution_samoa_2017_preamble_0002,world_constitution_samoa_2017_preamble,Samoa's Constitution of 1962 with Amendments through 2017 - Preamble,https://www.constituteproject.org/service/html?cons_id=Samoa_2017&lang=en,any service exacted in case of an emergency or calamity threatening the life or well-being of the community; or any work or service which is required by Samoan custom or which forms part of normal civic obligations. 9. Right to ...
6,Sixth Amendment,14,0.23418833,Liberia,world_constitution_liberia_1986_article_21_0001,world_constitution_liberia_1986_article_21,Liberia's Constitution of 1986 - Article 21,https://www.constituteproject.org/service/html?cons_id=Liberia_1986&lang=en,"excessive punishment inflicted. No person charged, arrested, restricted, detained or otherwise held in confinement shall be subject to torture or inhumane treatment; nor shall any person except military personnel, be kept or confined in any military facility; nor shall any ..."
6,Sixth Amendment,15,0.22321032,Bahamas (The),world_constitution_bahamas_1973_article_29_003_0001,world_constitution_bahamas_1973_article_29_003,Bahamas (The)'s Constitution of 1973 - Article 29,https://www.constituteproject.org/service/html?cons_id=Bahamas_1973&lang=en,"by his legal representative the witnesses called by the prosecution before the court, ad to obtain the attendance and carry out the examination of witnesses to testify on hi behalf before the court on the same condition as those applying ..."
6,Sixth Amendment,16,0.2133191,Zambia,world_constitution_zambia_2016_article_18_0000,world_constitution_zambia_2016_article_18,Zambia's Constitution of 1991 with Amendments through 2016 - Article 18,https://www.constituteproject.org/service/html?cons_id=Zambia_2016&lang=en,"Article 18. Provisions to Secure Protection of Law If any person is charged with a criminal offence, then, unless the charge is withdrawn, the case shall be afforded a fair hearing within a reasonable time by an independent and impartial ..."
6,Sixth Amendment,17,0.21143048,Maldives,world_constitution_maldives_2008_article_16_002_0001,world_constitution_maldives_2008_article_16_002,Maldives's Constitution of 2008 - Article 16,https://www.constituteproject.org/service/html?cons_id=Maldives_2008&lang=en,witnesses or evidence dictate otherwise. The release may be subject to conditions of bail or other assurances to appear as required by the court. 50. Prompt investigation and prosecution After notice of an alleged offence has been brought to the ...
6,Sixth Amendment,18,0.20998927,Eswatini,world_constitution_swaziland_2005_preamble_0009,world_constitution_swaziland_2005_preamble,Eswatini's Constitution of 2005 - Preamble,https://www.constituteproject.org/service/html?cons_id=Swaziland_2005&lang=en,21. Right to fair hearing In the determination of civil rights and obligations or any criminal charge a person shall be given a fair and speedy public hearing within a reasonable time by an independent and impartial court or adjudicating ...
6,Sixth Amendment,19,0.20866678,Mexico,world_constitution_mexico_2015_article_19_0000,world_constitution_mexico_2015_article_19,Mexico's Constitution of 1917 with Amendments through 2015 - Article 19,https://www.constituteproject.org/service/html?cons_id=Mexico_2015&lang=en,"Article 19 Detentions before a judicial authority in excess of 72 hours, counted from the moment the accused is presented to the authority, are prohibited without presenting formal charges indicating the crime, place, time and circumstances of such crime; as ..."
6,Sixth Amendment,20,0.20810451,Kosovo,world_constitution_kosovo_2016_article_31_0000,world_constitution_kosovo_2016_article_31,Kosovo's Constitution of 2008 with Amendments through 2016 - Article 31,https://www.constituteproject.org/service/html?cons_id=Kosovo_2016&lang=en,"Article 31. Right to Fair and Impartial Trial Everyone shall be guaranteed equal protection of rights in the proceedings before courts, other state authorities and holders of public powers. Everyone is entitled to a fair and impartial public hearing as ..."
6,Sixth Amendment,21,0.20808188,Ghana,world_constitution_ghana_1996_preamble_0090,world_constitution_ghana_1996_preamble,Ghana's Constitution of 1992 with Amendments through 1996 - Preamble,https://www.constituteproject.org/service/html?cons_id=Ghana_1996&lang=en,the member or members of Parliament from the constituencies that fall within the area of authority of the District Assembly as members without the right to vote; the District Chief Executive of the district; and other members not being more ...
6,Sixth Amendment,22,0.20757711,Tonga,world_constitution_tonga_2013_preamble_0024,world_constitution_tonga_2013_preamble,Tonga's Constitution of 1875 with Amendments through 2013 - Preamble,https://www.constituteproject.org/service/html?cons_id=Tonga_2013&lang=en,Any person committed for trial before the Supreme Court on a charge of having committed any criminal offence punishable by a term of imprisonment exceeding two years or a fine of five hundred pa'anga or both such penalties shall if ...
6,Sixth Amendment,23,0.20755764,Micronesia (Federated States of),world_constitution_micronesia_1990_article_i_004_0000,world_constitution_micronesia_1990_article_i_004,Micronesia (Federated States of)'s Constitution of 1978 with Amendments through 1990 - Article I,https://www.constituteproject.org/service/html?cons_id=Micronesia_1990&lang=en,"ARTICLE IV. DECLARATION OF RIGHTS Section 1 No law may deny or impair freedom of expression, peaceable assembly, association, or petition. Section 2 No law may be passed respecting an establishment of religion or impairing the free exercise of religion, ..."
6,Sixth Amendment,24,0.20718736,Saint Kitts and Nevis,world_constitution_st_kitts_and_nevis_1983_preamble_0008,world_constitution_st_kitts_and_nevis_1983_preamble,Saint Kitts and Nevis's Constitution of 1983 - Preamble,https://www.constituteproject.org/service/html?cons_id=St_Kitts_and_Nevis_1983&lang=en,"and except so far as that provision or, as the case may be, anything done under the authority thereof is shown not to be reasonably justifiable in a democratic society. 10. Provisions to secure protection of law If any person ..."
6,Sixth Amendment,25,0.20298495,Solomon Islands,world_constitution_solomon_islands_2018_preamble_0006,world_constitution_solomon_islands_2018_preamble,Solomon Islands's Constitution of 1978 with Amendments through 2018 - Preamble,https://www.constituteproject.org/service/html?cons_id=Solomon_Islands_2018&lang=en,"10. Provisions to secure protection of law If any person is charged with a criminal offence, then, unless the charge is withdrawn, that person shall be afforded a fair hearing within a reasonable time by an independent and impartial court ..."
7,Seventh Amendment,1,0.47906827,United States of America,world_constitution_united_states_of_america_1992_article_v_003_0002,world_constitution_united_states_of_america_1992_article_v_003,United States of America's Constitution of 1789 with Amendments through 1992 - Article V,https://www.constituteproject.org/service/html?cons_id=United_States_of_America_1992&lang=en,"or indictment of a Grand Jury, except in cases arising in the land or naval forces, or in the Militia, when in actual service in time of War or public danger; nor shall any person be subject for the same ..."
7,Seventh Amendment,2,0.43588687,United Kingdom,world_constitution_united_kingdom_2013_article_13_0077,world_constitution_united_kingdom_2013_article_13,United Kingdom's Constitution of 1215 with Amendments through 2013 - Article 13,https://www.constituteproject.org/service/html?cons_id=United_Kingdom_2013&lang=en,"a judicial office holder (as defined in section 109(4) of the Constitutional Reform Act 2005) to exercise his functions under subsections (1)(a) and (6). 69. Trial by jury Where, on the application of any party to an action to be ..."
7,Seventh Amendment,3,0.35286048,Sweden,world_constitution_sweden_2012_article_3_019_0000,world_constitution_sweden_2012_article_3_019,Sweden's Constitution of 1974 with Amendments through 2012 - Article 3,https://www.constituteproject.org/service/html?cons_id=Sweden_2012&lang=en,"Article 3. If the case concerns an offence under paragraph two of the last-named Article, and if the person who procured the information or intelligence has not published it in printed matter or communicated it to some other person for ..."
7,Seventh Amendment,4,0.34345075,Tonga,world_constitution_tonga_2013_preamble_0024,world_constitution_tonga_2013_preamble,Tonga's Constitution of 1875 with Amendments through 2013 - Preamble,https://www.constituteproject.org/service/html?cons_id=Tonga_2013&lang=en,Any person committed for trial before the Supreme Court on a charge of having committed any criminal offence punishable by a term of imprisonment exceeding two years or a fine of five hundred pa'anga or both such penalties shall if ...
7,Seventh Amendment,5,0.2981942,New Zealand,world_constitution_new_zealand_2014_preamble_0018,world_constitution_new_zealand_2014_preamble,New Zealand's Constitution of 1852 with Amendments through 2014 - Preamble,https://www.constituteproject.org/service/html?cons_id=New_Zealand_2014&lang=en,"Where the court appoints a liquidator of an association, no action or proceeding shall be commenced or continued against any person referred to in section 17D in respect of any debt of the association, except with the leave of the ..."
7,Seventh Amendment,6,0.29099814,New Zealand,world_constitution_new_zealand_2014_preamble_0019,world_constitution_new_zealand_2014_preamble,New Zealand's Constitution of 1852 with Amendments through 2014 - Preamble,https://www.constituteproject.org/service/html?cons_id=New_Zealand_2014&lang=en,"if no such application is made, the civil proceedings and the counterclaim shall, subject to any direction of the court or a Judge under section 19B, be tried in accordance with the foregoing provisions of this section: provided that if ..."
7,Seventh Amendment,7,0.26142022,Tonga,world_constitution_tonga_2013_preamble_0002,world_constitution_tonga_2013_preamble,Tonga's Constitution of 1875 with Amendments through 2013 - Preamble,https://www.constituteproject.org/service/html?cons_id=Tonga_2013&lang=en,No one shall be tried or summoned to appear before any court or punished for failing to appear unless he have first received a written indictment (except in cases of impeachment or for small offences within the jurisdiction of the ...
7,Seventh Amendment,8,0.25527466,Sweden,world_constitution_sweden_2012_article_3_019_0003,world_constitution_sweden_2012_article_3_019,Sweden's Constitution of 1974 with Amendments through 2012 - Article 3,https://www.constituteproject.org/service/html?cons_id=Sweden_2012&lang=en,"entered separately on this list. Art 10 In a case which is to be tried by a jury, the court shall present the list of jurors and consider whether there are grounds for disqualifying any person on the list. Provisions ..."
7,Seventh Amendment,9,0.25041815,United Kingdom,world_constitution_united_kingdom_2013_article_13_0078,world_constitution_united_kingdom_2013_article_13,United Kingdom's Constitution of 1215 with Amendments through 2013 - Article 13,https://www.constituteproject.org/service/html?cons_id=United_Kingdom_2013&lang=en,"the court makes an order under subsection (3A)(b), it may make such other orders as it considers appropriate (including an order dismissing the jury). Nothing in subsections (1) to (3B) shall affect the power of the court to order, in ..."
7,Seventh Amendment,10,0.22903651,Sweden,world_constitution_sweden_2012_article_3_021_0000,world_constitution_sweden_2012_article_3_021,Sweden's Constitution of 1974 with Amendments through 2012 - Article 3,https://www.constituteproject.org/service/html?cons_id=Sweden_2012&lang=en,"Article 3, point 3, however extends also to offences against the security of the Realm other than those referred to therein. Chapter 14. General provisions Art 1 Provisions of law relating to the re-opening of closed cases in general apply ..."
7,Seventh Amendment,11,0.22884507,United Kingdom,world_constitution_united_kingdom_2013_article_13_0085,world_constitution_united_kingdom_2013_article_13,United Kingdom's Constitution of 1215 with Amendments through 2013 - Article 13,https://www.constituteproject.org/service/html?cons_id=United_Kingdom_2013&lang=en,or by varying a previous decision of the Crown Court. Directions under subsection (1) may be given on behalf of the Crown Court by an officer of the court. Where a preparatory hearing has been ordered under section 7 of ...
7,Seventh Amendment,12,0.20475147,Argentina,world_constitution_argentina_1994_article_53_002_0000,world_constitution_argentina_1994_article_53_002,"Argentina's Constitution of 1853, Reinstated in 1983, with Amendments through 1994 - Article 53",https://www.constituteproject.org/service/html?cons_id=Argentina_1994&lang=en,"Article 53, by a trial jury composed of legislators, judges, and federally licensed attorneys. Its decision, which shall be unappealable, shall have no effect other than to remove the accused party from office. But the convicted party shall nevertheless remain ..."
7,Seventh Amendment,13,0.19765687,Georgia,world_constitution_georgia_2018_article_59_0000,world_constitution_georgia_2018_article_59,Georgia's Constitution of 1995 with Amendments through 2018 - Article 59,https://www.constituteproject.org/service/html?cons_id=Georgia_2018&lang=en,Article 59. Judiciary Judicial power shall be independent and exercised by the Constitutional Court of Georgia and the common courts of Georgia. The Constitutional Court of Georgia is a judicial body of constitutional control. The procedure for its creation and ...
7,Seventh Amendment,14,0.19619589,Liberia,world_constitution_liberia_1986_article_21_0001,world_constitution_liberia_1986_article_21,Liberia's Constitution of 1986 - Article 21,https://www.constituteproject.org/service/html?cons_id=Liberia_1986&lang=en,"excessive punishment inflicted. No person charged, arrested, restricted, detained or otherwise held in confinement shall be subject to torture or inhumane treatment; nor shall any person except military personnel, be kept or confined in any military facility; nor shall any ..."
7,Seventh Amendment,15,0.19090344,Mexico,world_constitution_mexico_2015_article_122_0000,world_constitution_mexico_2015_article_122,Mexico's Constitution of 1917 with Amendments through 2015 - Article 122,https://www.constituteproject.org/service/html?cons_id=Mexico_2015&lang=en,"Article 122, first basis, section V, subdivision (n), of this Constitution, but only in the cases indicated by the law. Review resources that are to be heard by the specialized circuit courts shall be subject to the formalities established by ..."
7,Seventh Amendment,16,0.18958893,New Zealand,world_constitution_new_zealand_2014_preamble_0312,world_constitution_new_zealand_2014_preamble,New Zealand's Constitution of 1852 with Amendments through 2014 - Preamble,https://www.constituteproject.org/service/html?cons_id=New_Zealand_2014&lang=en,All rules made under this section shall be laid before the House of Representatives not later than the 16th sitting day of the House of Representatives after the day on which they are made. Subpart 4. Trial of election petition ...
7,Seventh Amendment,17,0.1887283,United States of America,world_constitution_united_states_of_america_1992_article_iii_0000,world_constitution_united_states_of_america_1992_article_iii,United States of America's Constitution of 1789 with Amendments through 1992 - Article III,https://www.constituteproject.org/service/html?cons_id=United_States_of_America_1992&lang=en,"Article III Section 1 The judicial Power of the United States, shall be vested in one supreme Court, and in such inferior Courts as the Congress may from time to time ordain and establish. The Judges, both of the supreme ..."
7,Seventh Amendment,18,0.186116,Namibia,world_constitution_namibia_2014_article_66_0000,world_constitution_namibia_2014_article_66,Namibia's Constitution of 1990 with Amendments through 2014 - Article 66,https://www.constituteproject.org/service/html?cons_id=Namibia_2014&lang=en,Article 66. Customary and Common Law Both the customary law and the common law of Namibia in force on the date of Independence shall remain valid to the extent to which such customary or common law does not conflict with ...
7,Seventh Amendment,19,0.18373937,Paraguay,world_constitution_paraguay_2011_article_253_0000,world_constitution_paraguay_2011_article_253,Paraguay's Constitution of 1992 with Amendments through 2011 - Article 253,https://www.constituteproject.org/service/html?cons_id=Paraguay_2011&lang=en,"Article 253. Of the Trial and of the Removal of the Magistrates The judicial Magistrates may only be tried and removed for committing crimes, or for malfeasance of their functions specified in the law, by the decision of a Jury ..."
7,Seventh Amendment,20,0.17923979,Ireland,world_constitution_ireland_2019_article_i_039_0000,world_constitution_ireland_2019_article_i_039,Ireland's Constitution of 1937 with Amendments through 2019 - Article I,https://www.constituteproject.org/service/html?cons_id=Ireland_2019&lang=en,ARTICLE 38 No person shall be tried on any criminal charge save in due course of law. Minor offences may be tried by courts of summary jurisdiction. 3 Special courts may be established by law for the trial of offences ...
7,Seventh Amendment,21,0.17494827,Bahamas (The),world_constitution_bahamas_1973_article_29_003_0001,world_constitution_bahamas_1973_article_29_003,Bahamas (The)'s Constitution of 1973 - Article 29,https://www.constituteproject.org/service/html?cons_id=Bahamas_1973&lang=en,"by his legal representative the witnesses called by the prosecution before the court, ad to obtain the attendance and carry out the examination of witnesses to testify on hi behalf before the court on the same condition as those applying ..."
7,Seventh Amendment,22,0.17197901,Paraguay,world_constitution_paraguay_2011_article_9_003_0000,world_constitution_paraguay_2011_article_9_003,Paraguay's Constitution of 1992 with Amendments through 2011 - Article 9,https://www.constituteproject.org/service/html?cons_id=Paraguay_2011&lang=en,"Article 9 The members of the Jury of Prosecution [Enjuiciamiento] of Magistrates will be designated on proposal of the respective powers within the sixty days of the promulgation of this Constitution. Until the Council of the Magistrature is integrated, the ..."
7,Seventh Amendment,23,0.16798184,Greece,world_constitution_greece_2008_article_97_0000,world_constitution_greece_2008_article_97,Greece's Constitution of 1975 with Amendments through 2008 - Article 97,https://www.constituteproject.org/service/html?cons_id=Greece_2008&lang=en,"Article 97 Felonies and political crimes shall be tried by mixed jury courts composed of ordinary judges and jurors, as specified by law. The judgments of these courts shall be subject to the legal remedies specified by law. Felonies and ..."
7,Seventh Amendment,24,0.16790571,Russian Federation,world_constitution_russia_2014_article_123_0000,world_constitution_russia_2014_article_123,Russian Federation's Constitution of 1993 with Amendments through 2014 - Article 123,https://www.constituteproject.org/service/html?cons_id=Russia_2014&lang=en,Article 123 The examination of cases in all courts shall be open. Cases may be heard in closed sessions in those instances where this is permitted by federal law. The examination of criminal cases by default in courts shall not ...
7,Seventh Amendment,25,0.16728412,Mexico,world_constitution_mexico_2015_article_104_0000,world_constitution_mexico_2015_article_104,Mexico's Constitution of 1917 with Amendments through 2015 - Article 104,https://www.constituteproject.org/service/html?cons_id=Mexico_2015&lang=en,Article 104 The federal courts shall have jurisdiction over: Proceedings related to federal crimes. Any civil or mercantile controversy arisen about the observance and enforcement of federal laws or international treaties signed by Mexico. The plaintiff can filet such kind ...
8,Eighth Amendment,1,0.37827947,United States of America,world_constitution_united_states_of_america_1992_article_v_003_0002,world_constitution_united_states_of_america_1992_article_v_003,United States of America's Constitution of 1789 with Amendments through 1992 - Article V,https://www.constituteproject.org/service/html?cons_id=United_States_of_America_1992&lang=en,"or indictment of a Grand Jury, except in cases arising in the land or naval forces, or in the Militia, when in actual service in time of War or public danger; nor shall any person be subject for the same ..."
8,Eighth Amendment,2,0.31861807,Liberia,world_constitution_liberia_1986_article_21_0000,world_constitution_liberia_1986_article_21,Liberia's Constitution of 1986 - Article 21,https://www.constituteproject.org/service/html?cons_id=Liberia_1986&lang=en,"Article 21 No person shall be made subject to any law or punishment which was not in effect at the time of commission of an offense, nor shall the Legislature enact any bill of attainder or ex post facto law. ..."
8,Eighth Amendment,3,0.30457239,United Kingdom,world_constitution_united_kingdom_2013_preamble_0017,world_constitution_united_kingdom_2013_preamble,United Kingdom's Constitution of 1215 with Amendments through 2013 - Preamble,https://www.constituteproject.org/service/html?cons_id=United_Kingdom_2013&lang=en,That the Subjects which are Protestants may have Arms for their Defence suitable to their Conditions and as allowed by Law. Heading 24. Freedom of Election That Election of Members of Parlyament ought to be free. Heading 25. Freedom of ...
8,Eighth Amendment,4,0.28141957,Mexico,world_constitution_mexico_2015_article_22_0000,world_constitution_mexico_2015_article_22,Mexico's Constitution of 1917 with Amendments through 2015 - Article 22,https://www.constituteproject.org/service/html?cons_id=Mexico_2015&lang=en,"Article 22 Penalties of death, mutilation, infamy, marks, physical punishments, torture, excessive fines, confiscation of assets, and other cruel punishments are prohibited. Every penalty shall be in proportion to the crime committed and to the legally protected interest. Appropriation of ..."
8,Eighth Amendment,5,0.25468996,Micronesia (Federated States of),world_constitution_micronesia_1990_article_i_004_0000,world_constitution_micronesia_1990_article_i_004,Micronesia (Federated States of)'s Constitution of 1978 with Amendments through 1990 - Article I,https://www.constituteproject.org/service/html?cons_id=Micronesia_1990&lang=en,"ARTICLE IV. DECLARATION OF RIGHTS Section 1 No law may deny or impair freedom of expression, peaceable assembly, association, or petition. Section 2 No law may be passed respecting an establishment of religion or impairing the free exercise of religion, ..."
8,Eighth Amendment,6,0.24425443,Palau,world_constitution_palau_1992_article_i_004_0002,world_constitution_palau_1992_article_i_004,Palau's Constitution of 1981 with Amendments through 1992 - Article I,https://www.constituteproject.org/service/html?cons_id=Palau_1992&lang=en,and on the basis of sex and age. Bail may not be unreasonably excessive nor denied those accused and detained before trial. The writ of habeas corpus is hereby recognized and may not be suspended. The national government may be ...
8,Eighth Amendment,7,0.21948899,United Kingdom,world_constitution_united_kingdom_2013_preamble_0015,world_constitution_united_kingdom_2013_preamble,United Kingdom's Constitution of 1215 with Amendments through 2013 - Preamble,https://www.constituteproject.org/service/html?cons_id=United_Kingdom_2013&lang=en,By issueing and causeing to be executed a Commission under the Great Seale for Erecting a Court called The Court of Commissioners for Ecclesiasticall Causes. Heading 5. Levying Money By Levying Money for and to the Use of the Crowne ...
8,Eighth Amendment,8,0.18933042,Philippines,world_constitution_philippines_1987_article_i_003_0003,world_constitution_philippines_1987_article_i_003,Philippines's Constitution of 1987 - Article I,https://www.constituteproject.org/service/html?cons_id=Philippines_1987&lang=en,"before all judicial, quasi-judicial, or administrative bodies. Sec 17 No person shall be compelled to be a witness against himself. Sec 18 No person shall be detained solely by reason of his political beliefs and aspirations. No involuntary servitude in ..."
8,Eighth Amendment,9,0.18863925,Marshall Islands,world_constitution_marshall_islands_1995_article_i_002_0004,world_constitution_marshall_islands_1995_article_i_002,Marshall Islands's Constitution of 1979 with Amendments through 1995 - Article I,https://www.constituteproject.org/service/html?cons_id=Marshall_Islands_1995&lang=en,"alternative means, by land fill or otherwise, of achieving at non-prohibitive expense the purpose to be served by such taking. Before any land right or other form of private property is taken, there must be a determination by the High ..."
8,Eighth Amendment,10,0.16750314,United Kingdom,world_constitution_united_kingdom_2013_article_13_0090,world_constitution_united_kingdom_2013_article_13,United Kingdom's Constitution of 1215 with Amendments through 2013 - Article 13,https://www.constituteproject.org/service/html?cons_id=United_Kingdom_2013&lang=en,"application to the Court of Appeal for bail in respect of the offence or offences to which the appeal relates. It shall be a condition of bail granted in the exercise of the power that, unless a notice of appeal ..."
8,Eighth Amendment,11,0.15194532,Kuwait,world_constitution_kuwait_1992_article_121_0000,world_constitution_kuwait_1992_article_121,"Kuwait's Constitution of 1962, Reinstated in 1992 - Article 121",https://www.constituteproject.org/service/html?cons_id=Kuwait_1992&lang=en,Article 121 A member of the National Assembly shall not during the period of his membership be appointed to the Board of Directors of a Company nor be allowed to participate in contracts entered into by Government or by public ...
8,Eighth Amendment,12,0.15085993,Palau,world_constitution_palau_1992_article_i_004_0001,world_constitution_palau_1992_article_i_004,Palau's Constitution of 1981 with Amendments through 1992 - Article I,https://www.constituteproject.org/service/html?cons_id=Palau_1992&lang=en,"government shall take no action to deprive any person of life, liberty, or property without due process of law nor shall private property be taken except for a recognized public use and for just compensation in money or in kind. ..."
8,Eighth Amendment,13,0.14586722,Thailand,world_constitution_thailand_2017_preamble_0008,world_constitution_thailand_2017_preamble,Thailand's Constitution of 2017 - Preamble,https://www.constituteproject.org/service/html?cons_id=Thailand_2017&lang=en,"Unjust discrimination against a person on the grounds of differences in origin, race, language, sex, age, disability, physical or health condition, personal status, economic and social standing, religious belief, education, or political view which is not contrary to the provisions ..."
8,Eighth Amendment,14,0.1390219,Congo (Democratic Republic of the),world_constitution_democratic_republic_of_the_congo_2011_article_151_0000,world_constitution_democratic_republic_of_the_congo_2011_article_151,Congo (Democratic Republic of the)'s Constitution of 2005 with Amendments through 2011 - Article 151,https://www.constituteproject.org/service/html?cons_id=Democratic_Republic_of_the_Congo_2011&lang=en,"Article 151 The executive power may neither give orders to a judge in the exercise of his jurisdiction, nor decide on disputes, nor obstruct the course of justice, nor oppose the execution of a decision of justice. The legislative power ..."
8,Eighth Amendment,15,0.13866854,Honduras,world_constitution_honduras_2013_article_70_0000,world_constitution_honduras_2013_article_70,Honduras's Constitution of 1982 with Amendments through 2013 - Article 70,https://www.constituteproject.org/service/html?cons_id=Honduras_2013&lang=en,"Article 70 All Hondurans have the right to do that which is not harmful to others; likewise, no one shall be obliged to do that which is not legally prescribed nor shall be prevented from doing that which the law ..."
8,Eighth Amendment,16,0.13533127,Greece,world_constitution_greece_2008_article_7_0000,world_constitution_greece_2008_article_7,Greece's Constitution of 1975 with Amendments through 2008 - Article 7,https://www.constituteproject.org/service/html?cons_id=Greece_2008&lang=en,"Article 7 There shall be no crime, nor shall punishment be inflicted unless specified by law in force prior to the perpetration of the act, defining the constitutive elements of the act. In no case shall punishment more severe than ..."
8,Eighth Amendment,17,0.12792075,Liberia,world_constitution_liberia_1986_article_21_0001,world_constitution_liberia_1986_article_21,Liberia's Constitution of 1986 - Article 21,https://www.constituteproject.org/service/html?cons_id=Liberia_1986&lang=en,"excessive punishment inflicted. No person charged, arrested, restricted, detained or otherwise held in confinement shall be subject to torture or inhumane treatment; nor shall any person except military personnel, be kept or confined in any military facility; nor shall any ..."
8,Eighth Amendment,18,0.12509513,Marshall Islands,world_constitution_marshall_islands_1995_article_i_002_0005,world_constitution_marshall_islands_1995_article_i_002,Marshall Islands's Constitution of 1979 with Amendments through 1995 - Article I,https://www.constituteproject.org/service/html?cons_id=Marshall_Islands_1995&lang=en,"be subjected to torture or to inhuman and degrading treatment, to cruel and unusual punishment, or to excessive fines or deprivations. Section 7. Habeas Corpus In order that the legality of any person's detention always remain subject to appropriate challenge ..."
8,Eighth Amendment,19,0.12435043,Antigua and Barbuda,world_constitution_antigua_and_barbuda_1981_preamble_0003,world_constitution_antigua_and_barbuda_1981_preamble,Antigua and Barbuda's Constitution of 1981 - Preamble,https://www.constituteproject.org/service/html?cons_id=Antigua_and_Barbuda_1981&lang=en,"Any person who is arrested or detained shall have the right, at any stage and at his own expense, to retain and instruct without delay a legal practitioner of his own choice, and to hold private communications with him, and ..."
8,Eighth Amendment,20,0.12251564,Ecuador,world_constitution_ecuador_2021_article_77_0002,world_constitution_ecuador_2021_article_77,Ecuador's Constitution of 2008 with Amendments through 2021 - Article 77,https://www.constituteproject.org/service/html?cons_id=Ecuador_2021&lang=en,"or hinders his/her trial through acts aimed to exhaust the statute of limitations. If such delay occurs during the trial or results in the expiration of the statute of limitations, due to acts or omissions of judges, prosecutors, ombudsmen, experts ..."
8,Eighth Amendment,21,0.11993785,Bolivia (Plurinational State of),world_constitution_bolivia_2009_article_140_0000,world_constitution_bolivia_2009_article_140,Bolivia (Plurinational State of)'s Constitution of 2009 - Article 140,https://www.constituteproject.org/service/html?cons_id=Bolivia_2009&lang=en,"Article 140 Neither the Pluri-National Legislative Assembly, nor any other body or institution, nor association or popular group of any kind, shall grant to a body or person any extraordinary authorities different than those established in this Constitution. Public Power ..."
8,Eighth Amendment,22,0.11828232,Korea (Republic of),world_constitution_republic_of_korea_1987_article_13_0000,world_constitution_republic_of_korea_1987_article_13,Korea (Republic of)'s Constitution of 1948 with Amendments through 1987 - Article 13,https://www.constituteproject.org/service/html?cons_id=Republic_of_Korea_1987&lang=en,"Article 13 No citizen shall be prosecuted for an act which does not constitute a crime under the law in force at the time it was committed, nor shall he be placed in double jeopardy. No restrictions shall be imposed ..."
8,Eighth Amendment,23,0.11410495,Benin,world_constitution_benin_1990_article_i_018_0000,world_constitution_benin_1990_article_i_018,Benin's Constitution of 1990 - Article I,https://www.constituteproject.org/service/html?cons_id=Benin_1990&lang=en,"ARTICLE 18 No one shall be submitted to torture, nor to maltreatment, nor to cruel, inhumane or degrading treatment. No one shall have the right to prevent a detainee or an accused person from being examined by a doctor of ..."
8,Eighth Amendment,24,0.10723305,Philippines,world_constitution_philippines_1987_article_i_003_0002,world_constitution_philippines_1987_article_i_003,Philippines's Constitution of 1987 - Article I,https://www.constituteproject.org/service/html?cons_id=Philippines_1987&lang=en,Any confession or admission obtained in violation of this or Section 17 hereof shall be inadmissible in evidence against him. The law shall provide for penal and civil sanctions of violations of this section as well as compensation to and ...
8,Eighth Amendment,25,0.10722896,Timor-Leste,world_constitution_east_timor_2002_article_137_0000,world_constitution_east_timor_2002_article_137,Timor-Leste's Constitution of 2002 - Article 137,https://www.constituteproject.org/service/html?cons_id=East_Timor_2002&lang=en,"Article 137. General Principles of Public Administration Public Administration shall aim at meeting public interest, in the respect for the legitimate rights and interests of citizens and constitutional institutions. The Public Administration is structured to prevent excessive bureaucratization, provide more ..."
9,Ninth Amendment,1,0.37118521,Marshall Islands,world_constitution_marshall_islands_1995_article_i_002_0008,world_constitution_marshall_islands_1995_article_i_002,Marshall Islands's Constitution of 1979 with Amendments through 1995 - Article I,https://www.constituteproject.org/service/html?cons_id=Marshall_Islands_1995&lang=en,"care, education, and legal services and the obligation to take every step reasonable and necessary to provide these services. Section 16. Ethical Government The Government of the Republic of the Marshall Islands recognizes the right of the people to responsible ..."
9,Ninth Amendment,2,0.24686403,United States of America,world_constitution_united_states_of_america_1992_article_v_003_0002,world_constitution_united_states_of_america_1992_article_v_003,United States of America's Constitution of 1789 with Amendments through 1992 - Article V,https://www.constituteproject.org/service/html?cons_id=United_States_of_America_1992&lang=en,"or indictment of a Grand Jury, except in cases arising in the land or naval forces, or in the Militia, when in actual service in time of War or public danger; nor shall any person be subject for the same ..."
9,Ninth Amendment,3,0.22348238,Maldives,world_constitution_maldives_2008_article_16_002_0003,world_constitution_maldives_2008_article_16_002,Maldives's Constitution of 2008 - Article 16,https://www.constituteproject.org/service/html?cons_id=Maldives_2008&lang=en,"prejudice the trial and punishment of any person for any act which was criminal according to international law. 60. Prohibition of double jeopardy If an accused is acquitted of an offence by a court, he shall not be tried again ..."
9,Ninth Amendment,4,0.15672224,Bolivia (Plurinational State of),world_constitution_bolivia_2009_article_13_0000,world_constitution_bolivia_2009_article_13,Bolivia (Plurinational State of)'s Constitution of 2009 - Article 13,https://www.constituteproject.org/service/html?cons_id=Bolivia_2009&lang=en,"Article 13 The rights recognized in this Constitution are inviolable, universal, inter-dependent, indivisible and progressive. The State has the duty to promote, protect and respect them. The rights declared in this Constitution shall not be understood to deny other rights ..."
9,Ninth Amendment,5,0.14035983,Russian Federation,world_constitution_russia_2014_article_55_0000,world_constitution_russia_2014_article_55,Russian Federation's Constitution of 1993 with Amendments through 2014 - Article 55,https://www.constituteproject.org/service/html?cons_id=Russia_2014&lang=en,Article 55 The enumeration in the Constitution of the Russian Federation of the basic rights and freedoms should not be interpreted as a denial or diminution of other universally recognized human and civil rights and freedoms. In the Russian Federation ...
9,Ninth Amendment,6,0.12162935,Palau,world_constitution_palau_1992_article_i_004_0000,world_constitution_palau_1992_article_i_004,Palau's Constitution of 1981 with Amendments through 1992 - Article I,https://www.constituteproject.org/service/html?cons_id=Palau_1992&lang=en,"ARTICLE IV. FUNDAMENTAL RIGHTS Section 1 The government shall take no action to deny or impair the freedom of conscience or of philosophical or religious belief of any person nor take any action to compel, prohibit or hinder the exercise ..."
9,Ninth Amendment,7,0.11185121,United States of America,world_constitution_united_states_of_america_1992_article_i_0000,world_constitution_united_states_of_america_1992_article_i,United States of America's Constitution of 1789 with Amendments through 1992 - Article I,https://www.constituteproject.org/service/html?cons_id=United_States_of_America_1992&lang=en,"Article I Section 1 All legislative Powers herein granted shall be vested in a Congress of the United States, which shall consist of a Senate and House of Representatives. Section 2 The House of Representatives shall be composed of Members ..."
9,Ninth Amendment,8,0.10938311,Somalia,world_constitution_somalia_2012_article_12_0000,world_constitution_somalia_2012_article_12,Somalia's Constitution of 2012 - Article 12,https://www.constituteproject.org/service/html?cons_id=Somalia_2012&lang=en,"Article 12. Application of the Fundamental Rights The fundamental rights and freedoms recognized in this Chapter shall always be respected in the making and application of the law. Likewise, they must be respected by all individuals and private organisations, as ..."
9,Ninth Amendment,9,0.10796088,Algeria,world_constitution_algeria_2020_article_i_0001,world_constitution_algeria_2020_article_i,Algeria's Constitution of 2020 - Article I,https://www.constituteproject.org/service/html?cons_id=Algeria_2020&lang=en,"shall be ""Qassaman"" with all its stanzas. The seal of the State shall be determined by law. CHAPTER II. THE PEOPLE ART 7 The people shall be the source of all powers. National sovereignty shall belong exclusively to the people. ..."
9,Ninth Amendment,10,0.10452037,Tuvalu,world_constitution_tuvalu_2010_preamble_0019,world_constitution_tuvalu_2010_preamble,Tuvalu's Constitution of 1986 with Amendments through 2010 - Preamble,https://www.constituteproject.org/service/html?cons_id=Tuvalu_2010&lang=en,28. Other rights and freedoms The fact that certain rights and freedoms are referred to in this Constitution does not mean that there may not be other rights and freedoms retained by the people or conferred by law. Subdivision B ...
9,Ninth Amendment,11,0.10247135,Afghanistan,world_constitution_afghanistan_2004_article_83_0000,world_constitution_afghanistan_2004_article_83,Afghanistan's Constitution of 2004 - Article 83,https://www.constituteproject.org/service/html?cons_id=Afghanistan_2004&lang=en,"Article 83 Members of the House of People shall be elected by the people through free, general, secret and direct balloting. The work period of the House of People shall terminate, after the disclosure of the results of the elections, ..."
9,Ninth Amendment,12,0.10054639,Cambodia,world_constitution_cambodia_2008_article_31_0000,world_constitution_cambodia_2008_article_31,Cambodia's Constitution of 1993 with Amendments through 2008 - Article 31,https://www.constituteproject.org/service/html?cons_id=Cambodia_2008&lang=en,"Article 31 The Kingdom of Cambodia recognizes and respects human rights as stipulated in the United Nations Charter, the Universal Declaration of Human Rights and the covenants and conventions related to human rights, women's rights and children's rights. Khmer citizens ..."
9,Ninth Amendment,13,0.09996074,Sierra Leone,world_constitution_sierra_leone_2013_preamble_0003,world_constitution_sierra_leone_2013_preamble,"Sierra Leone's Constitution of 1991, Reinstated in 1996, with Amendments through 2013 - Preamble",https://www.constituteproject.org/service/html?cons_id=Sierra_Leone_2013&lang=en,"help enhance the power, prestige and good name of the State and to defend the State and render national service as may be required; respect the dignity and religion of other individuals, and the rights and interests of others; make ..."
9,Ninth Amendment,14,0.09993691,Somalia,world_constitution_somalia_2012_article_40_0000,world_constitution_somalia_2012_article_40,Somalia's Constitution of 2012 - Article 40,https://www.constituteproject.org/service/html?cons_id=Somalia_2012&lang=en,"Article 40. Interpretation of the Fundamental Rights When interpreting the rights set out in this Chapter, a court shall take an approach that seeks to achieve the purposes of the rights and the values that underlie them. In interpreting these ..."
9,Ninth Amendment,15,0.09986047,Ecuador,world_constitution_ecuador_2021_article_11_0000,world_constitution_ecuador_2021_article_11,Ecuador's Constitution of 2008 with Amendments through 2021 - Article 11,https://www.constituteproject.org/service/html?cons_id=Ecuador_2021&lang=en,"Article 11 The exercise of rights shall be governed by the following principles: Rights can be exercised, promoted and enforced individually or collectively before competent authorities; these authorities shall guarantee their enforcement. All persons are equal and shall enjoy the ..."
9,Ninth Amendment,16,0.09781492,Indonesia,world_constitution_indonesia_2002_article_28_011_0000,world_constitution_indonesia_2002_article_28_011,"Indonesia's Constitution of 1945, Reinstated in 1959, with Amendments through 2002 - Article 28",https://www.constituteproject.org/service/html?cons_id=Indonesia_2002&lang=en,"Article 28J Every person shall have the duty to respect the human rights of others in the orderly life of the community, nation and state. In exercising his/her rights and freedoms, every person shall have the duty to accept the ..."
9,Ninth Amendment,17,0.09765436,Uganda,world_constitution_uganda_2017_preamble_0004,world_constitution_uganda_2017_preamble,Uganda's Constitution of 1995 with Amendments through 2017 - Preamble,https://www.constituteproject.org/service/html?cons_id=Uganda_2017&lang=en,"The exercise and enjoyment of rights and freedoms is inseparable from the performance of duties and obligations, and accordingly, it shall be the duty of every citizen- to be patriotic and loyal to Uganda and to promote its well-being; to ..."
9,Ninth Amendment,18,0.09713627,Canada,world_constitution_canada_2011_preamble_0039,world_constitution_canada_2011_preamble,Canada's Constitution of 1867 with Amendments through 2011 - Preamble,https://www.constituteproject.org/service/html?cons_id=Canada_2011&lang=en,The right of citizens of Canada under subsections (1) and (2) to have their children receive primary and secondary school instruction in the language of the English or French linguistic minority population of a province applies wherever in the province ...
9,Ninth Amendment,19,0.09632155,Poland,world_constitution_poland_2009_article_31_0000,world_constitution_poland_2009_article_31,Poland's Constitution of 1997 with Amendments through 2009 - Article 31,https://www.constituteproject.org/service/html?cons_id=Poland_2009&lang=en,Article 31 Freedom of the person shall receive legal protection. Everyone shall respect the freedoms and rights of others. No one shall be compelled to do that which is not required by law. Any limitation upon the exercise of constitutional ...
9,Ninth Amendment,20,0.09619741,United Kingdom,world_constitution_united_kingdom_2013_article_11_0000,world_constitution_united_kingdom_2013_article_11,United Kingdom's Constitution of 1215 with Amendments through 2013 - Article 11,https://www.constituteproject.org/service/html?cons_id=United_Kingdom_2013&lang=en,"Article 11. Freedom of assembly and association Everyone has the right to freedom of peaceful assembly and to freedom of association with others, including the right to form and to join trade unions for the protection of his interests. No ..."
9,Ninth Amendment,21,0.09582494,Tuvalu,world_constitution_tuvalu_2010_preamble_0004,world_constitution_tuvalu_2010_preamble,Tuvalu's Constitution of 1986 with Amendments through 2010 - Preamble,https://www.constituteproject.org/service/html?cons_id=Tuvalu_2010&lang=en,DIVISION 2. THE PRINCIPLES OF THE BILL OF RIGHTS 10. Freedom under law Freedom based on law consists of the least restriction on the activities of individuals consistent with the public welfare and the maintenance and development of Tuvalu and ...
9,Ninth Amendment,22,0.09419157,Angola,world_constitution_angola_2010_article_174_0000,world_constitution_angola_2010_article_174,Angola's Constitution of 2010 - Article 174,https://www.constituteproject.org/service/html?cons_id=Angola_2010&lang=en,"Article 174. (Jurisdiction) The courts shall be sovereign bodies with the power to administer justice in the name of the people. In the exercise of their jurisdictional functions, the courts shall be responsible for ruling on conflicts of public or ..."
9,Ninth Amendment,23,0.09237012,Angola,world_constitution_angola_2010_article_26_0000,world_constitution_angola_2010_article_26,Angola's Constitution of 2010 - Article 26,https://www.constituteproject.org/service/html?cons_id=Angola_2010&lang=en,Article 26. (Scope of fundamental rights) The fundamental rights established in this Constitution shall not exclude others contained in the laws and applicable rules of international law. Constitutional and legal precepts relating to fundamental rights must be interpreted and incorporated ...
9,Ninth Amendment,24,0.09066063,Tanzania (United Republic of),world_constitution_tanzania_2005_article_145_0001,world_constitution_tanzania_2005_article_145,Tanzania (United Republic of)'s Constitution of 1977 with Amendments through 2005 - Article 145,https://www.constituteproject.org/service/html?cons_id=Tanzania_2005&lang=en,"the United Republic unless it is stated otherwise and whenever reference is made to the Govemment's department, it shall be construed that the department of the Government of the United Republic unless it is stated otherwise; if pursuant to the ..."
9,Ninth Amendment,25,0.09040332,Kosovo,world_constitution_kosovo_2016_article_57_0000,world_constitution_kosovo_2016_article_57,Kosovo's Constitution of 2008 with Amendments through 2016 - Article 57,https://www.constituteproject.org/service/html?cons_id=Kosovo_2016&lang=en,"Article 57. General Principles Inhabitants belonging to the same national or ethnic, linguistic, or religious group traditionally present on the territory of the Republic of Kosovo (Communities) shall have specific rights as set forth in this Constitution in addition to ..."
10,Tenth Amendment,1,0.44149021,United States of America,world_constitution_united_states_of_america_1992_article_v_003_0003,world_constitution_united_states_of_america_1992_article_v_003,United States of America's Constitution of 1789 with Amendments through 1992 - Article V,https://www.constituteproject.org/service/html?cons_id=United_States_of_America_1992&lang=en,"States by the Constitution, nor prohibited by it to the States, are reserved to the States respectively, or to the people. Additional Amendments Amendment XI The Judicial power of the United States shall not be construed to extend to any ..."
10,Tenth Amendment,2,0.43098469,United States of America,world_constitution_united_states_of_america_1992_article_v_002_0000,world_constitution_united_states_of_america_1992_article_v_002,United States of America's Constitution of 1789 with Amendments through 1992 - Article V,https://www.constituteproject.org/service/html?cons_id=United_States_of_America_1992&lang=en,"Article VI All Debts contracted and Engagements entered into, before the Adoption of this Constitution, shall be as valid against the United States under this Constitution, as under the Confederation. This Constitution, and the Laws of the United States which ..."
10,Tenth Amendment,3,0.42110613,South Sudan,world_constitution_south_sudan_2013_article_85_0001,world_constitution_south_sudan_2013_article_85,South Sudan's Constitution of 2011 with Amendments through 2013 - Article 85,https://www.constituteproject.org/service/html?cons_id=South_Sudan_2013&lang=en,and approve appointments as required by this Constitution or the law; cast a vote of no confidence against any Minister. enact legislation to regulate the conditions and terms of service of the Judiciary and its oversight mechanisms; and perform any ...
10,Tenth Amendment,4,0.41431357,United States of America,world_constitution_united_states_of_america_1992_article_ii_0002,world_constitution_united_states_of_america_1992_article_ii,United States of America's Constitution of 1789 with Amendments through 1992 - Article II,https://www.constituteproject.org/service/html?cons_id=United_States_of_America_1992&lang=en,"Officer shall act accordingly, until the Disability be removed, or a President shall be elected. The President shall, at stated Times, receive for his Services, a Compensation, which shall neither be encreased nor diminished during the Period for which he ..."
10,Tenth Amendment,5,0.32394757,Angola,world_constitution_angola_2010_article_204_0000,world_constitution_angola_2010_article_204,Angola's Constitution of 2010 - Article 204,https://www.constituteproject.org/service/html?cons_id=Angola_2010&lang=en,"Article 204. (State of constitutional need) Within the context of preserving national security and maintaining public order, the President of the Republic may declare, according to the demands of particular situations, constitutional states of need, under the terms of the ..."
10,Tenth Amendment,6,0.30661591,Ethiopia,world_constitution_ethiopia_1994_article_94_0000,world_constitution_ethiopia_1994_article_94,Ethiopia's Constitution of 1994 - Article 94,https://www.constituteproject.org/service/html?cons_id=Ethiopia_1994&lang=en,"Article 94. Financial Expenditures The Federal Government and the States shall respectively bear all financial expenditures necessary to carry out all responsibilities and functions assigned to them by law. Unless otherwise agreed upon, the financial expenditures required for the carrying ..."
10,Tenth Amendment,7,0.26562598,India,world_constitution_india_2016_preamble_0035,world_constitution_india_2016_preamble,India's Constitution of 1949 with Amendments through 2016 - Preamble,https://www.constituteproject.org/service/html?cons_id=India_2016&lang=en,"A joint sitting may be held under this article and a Bill passed thereat, notwithstanding that a dissolution of the House of the People has intervened since the President notified his intention to summon the Houses to meet therein. 109. ..."
10,Tenth Amendment,8,0.26230037,Micronesia (Federated States of),world_constitution_micronesia_1990_article_i_003_0000,world_constitution_micronesia_1990_article_i_003,Micronesia (Federated States of)'s Constitution of 1978 with Amendments through 1990 - Article I,https://www.constituteproject.org/service/html?cons_id=Micronesia_1990&lang=en,ARTICLE III. CITIZENSHIP Section 1 A person who is a citizen of the Trust Territory of the Pacific Islands immediately prior to the effective date of this Constitution and a domiciliary of a district ratifying this Constitution is a citizen ...
10,Tenth Amendment,9,0.25572979,Somalia,world_constitution_somalia_2012_article_119_0000,world_constitution_somalia_2012_article_119,Somalia's Constitution of 2012 - Article 119,https://www.constituteproject.org/service/html?cons_id=Somalia_2012&lang=en,Article 119. Civil Service The Federal Government and the Federal Member States may recruit their employees. There shall be a civil service both at the Federal level and at the level of the Federal Member States; The Federal Government and ...
10,Tenth Amendment,10,0.24728876,Chile,world_constitution_chile_2021_article_i_046_0000,world_constitution_chile_2021_article_i_046,Chile's Constitution of 1980 with Amendments through 2021 - Article I,https://www.constituteproject.org/service/html?cons_id=Chile_2021&lang=en,"ARTICLE 44 A constitutional organic law shall regulate the states of exception, as their declaration and implementation of legal and administrative measures that it proceeds to adopt under them. That law shall contemplate what is strictly necessary for the prompt ..."
10,Tenth Amendment,11,0.24701534,Dominican Republic,world_constitution_dominican_republic_2015_article_266_0000,world_constitution_dominican_republic_2015_article_266,Dominican Republic's Constitution of 2015 - Article 266,https://www.constituteproject.org/service/html?cons_id=Dominican_Republic_2015&lang=en,"Article 266. Regulatory provisions The states of exception shall be subject to the following provisions: The President shall obtain the authorization of Congress to declare the appropriate state of exception. If the Congress is not meeting, the President may declare ..."
10,Tenth Amendment,12,0.23888503,India,world_constitution_india_2016_preamble_0000,world_constitution_india_2016_preamble,India's Constitution of 1949 with Amendments through 2016 - Preamble,https://www.constituteproject.org/service/html?cons_id=India_2016&lang=en,"India 1949 (rev. 2016) Subsequently amended Preamble WE, THE PEOPLE OF INDIA, having solemnly resolved to constitute India into a SOVEREIGN SOCIALIST SECULAR DEMOCRATIC REPUBLIC and to secure to all its citizens: JUSTICE, social, economic and political; LIBERTY of thought, ..."
10,Tenth Amendment,13,0.2372212,Netherlands,world_constitution_netherlands_2008_article_82_0000,world_constitution_netherlands_2008_article_82,Netherlands's Constitution of 1814 with Amendments through 2008 - Article 82,https://www.constituteproject.org/service/html?cons_id=Netherlands_2008&lang=en,Article 82 Bills may be presented by or on behalf of the King or by the Lower House of the States General. Bills which require consideration by a joint session of the States General may be presented by or on ...
10,Tenth Amendment,14,0.23112755,Somalia,world_constitution_somalia_2012_article_142_0000,world_constitution_somalia_2012_article_142,Somalia's Constitution of 2012 - Article 142,https://www.constituteproject.org/service/html?cons_id=Somalia_2012&lang=en,"Article 142. Existing Federal Member States in Somalia Until such time that all the Federal Member States of Somalia are established and the adopted Federal Member State Constitutions are harmonized with the Somali Federal Constitution, the Federal Member States existing ..."
10,Tenth Amendment,15,0.22932647,Australia,world_constitution_australia_1985_preamble_0027,world_constitution_australia_1985_preamble,Australia's Constitution of 1901 with Amendments through 1985 - Preamble,https://www.constituteproject.org/service/html?cons_id=Australia_1985&lang=en,"Full faith and credit shall be given, throughout the Commonwealth to the laws, the public Acts and records, and the judicial proceedings of every State. 119. Protection of States from invasion and violence The Commonwealth shall protect every State against ..."
10,Tenth Amendment,16,0.22518075,India,world_constitution_india_2016_preamble_0024,world_constitution_india_2016_preamble,India's Constitution of 1949 with Amendments through 2016 - Preamble,https://www.constituteproject.org/service/html?cons_id=India_2016&lang=en,"The Attorney-General shall hold office during the pleasure of the President, and shall receive such remuneration as the President may determine. Conduct of Government Business 77. Conduct of business of the Government of India All executive action of the Government ..."
10,Tenth Amendment,17,0.22401091,Ethiopia,world_constitution_ethiopia_1994_article_50_0000,world_constitution_ethiopia_1994_article_50,Ethiopia's Constitution of 1994 - Article 50,https://www.constituteproject.org/service/html?cons_id=Ethiopia_1994&lang=en,"Article 50. Structure of the Organs of State The Federal democratic Republic of Ethiopia comprises the Federal Government and the State members. The Federal Government and the States shall have legislative, executive and judicial powers. The House of Peoples' Representatives ..."
10,Tenth Amendment,18,0.220349,Nigeria,world_constitution_nigeria_2011_preamble_0118,world_constitution_nigeria_2011_preamble,Nigeria's Constitution of 1999 with Amendments through 2011 - Preamble,https://www.constituteproject.org/service/html?cons_id=Nigeria_2011&lang=en,The provisions of this section shall have effect until the National Assembly or a House of Assembly exercises the powers conferred upon it by section 60 or 101 of this Constitution as appropriate. The Standing Orders of the Senate established ...
10,Tenth Amendment,19,0.22020255,Micronesia (Federated States of),world_constitution_micronesia_1990_article_i_014_0000,world_constitution_micronesia_1990_article_i_014,Micronesia (Federated States of)'s Constitution of 1978 with Amendments through 1990 - Article I,https://www.constituteproject.org/service/html?cons_id=Micronesia_1990&lang=en,"ARTICLE XIII. GENERAL PROVISIONS Section 1 The national government of the Federated States of Micronesia recognizes the right of the people to education, health care, and legal services and shall take every step reasonable and necessary to provide these services. ..."
10,Tenth Amendment,20,0.21839232,South Sudan,world_constitution_south_sudan_2013_article_120_0008,world_constitution_south_sudan_2013_article_120,South Sudan's Constitution of 2011 with Amendments through 2013 - Article 120,https://www.constituteproject.org/service/html?cons_id=South_Sudan_2013&lang=en,"the National Security Service. The National Security Service shall have two operational organs, to be known as: the Internal Security Bureau; and the General Intelligence Bureau; Each of the operational organs shall be headed by a Director-General appointed by the ..."
10,Tenth Amendment,21,0.21427726,Malaysia,world_constitution_malaysia_2007_article_133_0001,world_constitution_malaysia_2007_article_133,Malaysia's Constitution of 1957 with Amendments through 2007 - Article 133,https://www.constituteproject.org/service/html?cons_id=Malaysia_2007&lang=en,"State; or such diplomatic posts as the Yang di-Pertuan Agong may by order prescribe, being post which but for the order would be posts in the general public service of the Federation. References in this Part, except in Articles 136 ..."
10,Tenth Amendment,22,0.21382992,South Sudan,world_constitution_south_sudan_2013_article_85_0002,world_constitution_south_sudan_2013_article_85,South Sudan's Constitution of 2011 with Amendments through 2013 - Article 85,https://www.constituteproject.org/service/html?cons_id=South_Sudan_2013&lang=en,"culture of peace, reconciliation and communal harmony among all the people of the states; approve changes in state names, capital towns and boundaries; and perform any other function as determined by this Constitution or the law. 60. Rules of the ..."
10,Tenth Amendment,23,0.21354502,Somalia,world_constitution_somalia_2012_article_111_007_0000,world_constitution_somalia_2012_article_111_007,Somalia's Constitution of 2012 - Article 111,https://www.constituteproject.org/service/html?cons_id=Somalia_2012&lang=en,Article 111F. Inter-state Commission There shall be established by federal law an Interstate Commission. The Inter-State Commission shall have such powers as the Federal Parliament deems necessary to: Facilitate intergovernmental coordination and cooperation among the Federal Government and the governments ...
10,Tenth Amendment,24,0.20493266,Australia,world_constitution_australia_1985_preamble_0034,world_constitution_australia_1985_preamble,Australia's Constitution of 1901 with Amendments through 1985 - Preamble,https://www.constituteproject.org/service/html?cons_id=Australia_1985&lang=en,WHEREAS the Prime Minister of the Commonwealth and the Premiers of the States at conferences held in Canberra on 24 and 25 June 1982 and 21 June 1984 agreed on the taking of certain measures to bring constitutional arrangements affecting ...
10,Tenth Amendment,25,0.20456332,Micronesia (Federated States of),world_constitution_micronesia_1990_article_i_010_0000,world_constitution_micronesia_1990_article_i_010,Micronesia (Federated States of)'s Constitution of 1978 with Amendments through 1990 - Article I,https://www.constituteproject.org/service/html?cons_id=Micronesia_1990&lang=en,ARTICLE IX. LEGISLATIVE Section 1 The legislative power of the national government is vested in the Congress of the Federated States of Micronesia. Section 2 The following powers are expressly delegated to Congress: to provide for the national defense; to ...
