amendment,amendment_label,rank,score,chunk_id,document_id,title,author,date,source_collection,source_url,preview
1,First Amendment,1,10,jefferson_writings_vol_9_0031,jefferson_writings_vol_9,"The Writings of Thomas Jefferson, Volume 9",Thomas Jefferson,1816-1826,founders_correspondence,https://www.gutenberg.org/cache/epub/56578/pg56578.txt,"All orders of the House determine with the session; and one taken under such an order may, after the session is ended, be discharged on a Habeas Corpus.--_Raym._ 120; _Jacob's L. D. by Ruffhead_; _Parliament_, 1 _Lev._ 165, _Prichard's case_. ..."
1,First Amendment,2,6,north_carolina_ratification_1789_0002,north_carolina_ratification_1789,North Carolina Ratification and Declaration of Rights,North Carolina Convention,1789-11-21,anti_federalist,https://avalon.law.yale.edu/18th_century/ratnc.asp,"14. That every freeman has a right to be secure from all unreasonable searches, and seizures of his person, his papers, and property: all warrants therefore to search suspected places, or seize any freeman, his papers or property, without information ..."
1,First Amendment,3,6,bill_of_rights_original_text_1791_0000,bill_of_rights_original_text_1791,Bill of Rights - Original Text,United States Congress,1791-12-15,bill_of_rights,https://www.archives.gov/founding-docs/bill-of-rights-transcript,"THE BILL OF RIGHTS United States of America Ratified December 15, 1791 AMENDMENT I Congress shall make no law respecting an establishment of religion, or prohibiting the free exercise thereof; or abridging the freedom of speech, or of the press; ..."
1,First Amendment,4,6,madison_letters_vol_4_0612,madison_letters_vol_4,"Letters and Other Writings of James Madison, Volume 4",James Madison,1829-1836,founders_correspondence,https://archive.org/download/lettersotherwrit04madi/lettersotherwrit04madi_djvu.txt,"This branch of the subject will be closed with a reflection which must have weight with all, but more especially with those who place peculiar reliance on the judicial exposition of the Constitution as the bulwark provided against un- due ..."
1,First Amendment,5,6,washington_writings_vol_2_0384,washington_writings_vol_2,"The Writings of George Washington, Volume 2",George Washington,1745-1799,founders_correspondence,https://archive.org/download/georgefordworth02washrich/georgefordworth02washrich_djvu.txt,"As to the resolution for addressing the throne, I own to you, Sir, I think the whole might as well have been expunged. I expect nothing from the measure, nor should my voice have accompanied it, if the non importation ..."
1,First Amendment,6,6,jefferson_writings_vol_5_0392,jefferson_writings_vol_5,"The Writings of Thomas Jefferson, Volume 5",Thomas Jefferson,1793-1798,founders_correspondence,https://www.gutenberg.org/cache/epub/53767/pg53767.txt,"SIR,--You will perceive in the enclosed petitions, a request that I will lay them before Congress. This I cannot do consistently with my own opinion of propriety, because where the petitioners have a right to petition their immediate representatives in ..."
1,First Amendment,7,6,jefferson_writings_vol_9_0519,jefferson_writings_vol_9,"The Writings of Thomas Jefferson, Volume 9",Thomas Jefferson,1816-1826,founders_correspondence,https://www.gutenberg.org/cache/epub/56578/pg56578.txt,"3. _Resolved_, That it is true as a general principle, and is also expressly declared by one of the amendments to the Constitution, that ""the powers not delegated to the United States by the Constitution, nor prohibited by it to ..."
1,First Amendment,8,5,virginia_ratification_1788_0003,virginia_ratification_1788,Virginia Ratification and Recommended Amendments,Virginia Ratifying Convention,1788-06-26,anti_federalist,https://avalon.law.yale.edu/18th_century/ratva.asp,"between man and man, the ancient trial by Jury is one of the greatest Securities to the rights of the people, and ought to remain sacred and inviolable. Twelfth. That every freeman ought to find a certain remedy by recourse ..."
1,First Amendment,9,5,madison_letters_vol_4_0626,madison_letters_vol_4,"Letters and Other Writings of James Madison, Volume 4",James Madison,1829-1836,founders_correspondence,https://archive.org/download/lettersotherwrit04madi/lettersotherwrit04madi_djvu.txt,"Here is an express and solemn declaration by the Convention of the State, that they ratified the Constitution in the sense that no right of any denomina- tion can be cancelled, abridged, restrained, or modified, by the Government of the ..."
1,First Amendment,10,5,madison_letters_vol_4_0627,madison_letters_vol_4,"Letters and Other Writings of James Madison, Volume 4",James Madison,1829-1836,founders_correspondence,https://archive.org/download/lettersotherwrit04madi/lettersotherwrit04madi_djvu.txt,"Secondly. They are both equally secured by the supplement to the Consti- tution, being both included in the same amendment, made at the same time, and by the same authority. Any construction or argument, then, which would turn the amendment ..."
1,First Amendment,11,5,hamilton_works_vol_1_0113,hamilton_works_vol_1,"The Works of Alexander Hamilton, Volume 1",Alexander Hamilton,1769-1804,founders_correspondence,https://archive.org/download/alexanderworksof01hamirich/alexanderworksof01hamirich_djvu.txt,"said act would be attended with many inconveniences, and may be productive of consequences greatly detri mental to the commercial interests of Great Britain: May it therefore please your most excellent Majesty, by and with the advice and consent, etc., ..."
1,First Amendment,12,5,hamilton_works_vol_10_0043,hamilton_works_vol_10,"The Works of Alexander Hamilton, Volume 10",Alexander Hamilton,1769-1804,founders_correspondence,https://archive.org/download/ofalexander10hamirich/ofalexander10hamirich_djvu.txt,"It is regretted that the affair has assumed too much a party complexion. This suggests an in quiry whether there be not some third character competent, eligible, and who would not be liable to a similar difficulty. The more speedy ..."
1,First Amendment,13,5,jefferson_writings_vol_8_0410,jefferson_writings_vol_8,"The Writings of Thomas Jefferson, Volume 8",Thomas Jefferson,1807-1815,founders_correspondence,https://www.gutenberg.org/cache/epub/56313/pg56313.txt,"The mode of acquiring lands, in the earliest times of our settlement, was by petition to the general assembly. If the lands prayed for were already cleared of the Indian title, and the assembly thought the prayer reasonable, they passed ..."
1,First Amendment,14,4,new_york_ratification_1788_0002,new_york_ratification_1788,New York Ratification and Circular Letter,New York Ratifying Convention,1788-07-26,anti_federalist,https://avalon.law.yale.edu/18th_century/ratny.asp,"That (except in the Government of the Land and Naval Forces, and of the Militia when in actual Service, and in cases of Impeachment) a Presentment or Indictment by a Grand Jury ought to be observed as a necessary preliminary ..."
1,First Amendment,15,4,congressional_debates_bill_of_rights_1789_0000,congressional_debates_bill_of_rights_1789,Congressional Debates on the Bill of Rights,United States Congress,1789,bill_of_rights,https://memory.loc.gov/ammem/amlaw/lwac.html,"CONGRESSIONAL DEBATES ON THE BILL OF RIGHTS 1789 LEGISLATIVE TIMELINE AND PROCESS JUNE 8, 1789: MADISON'S INTRODUCTION On June 8, 1789, James Madison introduced his proposed amendments to the House of Representatives. His initial proposals consisted of nine amendment articles, ..."
1,First Amendment,16,4,farrand_records_vol_1_0686,farrand_records_vol_1,"The Records of the Federal Convention of 1787, Volume 1",Max Farrand,1787-05-25/1787-07-26,farrands_records,https://archive.org/download/recordsfederalc00farrgoog/recordsfederalc00farrgoog_djvu.txt,"of the United States to assemble in Convention at the Gty of Phil- adelphia in the Month of May next or as soon thereafter as may be, and to join with such Deputies or Commissioners (they being duly authorized and ..."
1,First Amendment,17,4,farrand_records_vol_1_0707,farrand_records_vol_1,"The Records of the Federal Convention of 1787, Volume 1",Max Farrand,1787-05-25/1787-07-26,farrands_records,https://archive.org/download/recordsfederalc00farrgoog/recordsfederalc00farrgoog_djvu.txt,"(The 5th article, declaring that individual States shall not exer- cise certain powers, is founded on the same principles as the 6th of the confederation.) No State to make Treaties — lay interfering Duties — keep a naval or land ..."
1,First Amendment,18,4,farrand_records_vol_2_0691,farrand_records_vol_2,"The Records of the Federal Convention of 1787, Volume 2",Max Farrand,1787-07-27/1787-09-17,farrands_records,https://archive.org/download/recordsfederalc01farrgoog/recordsfederalc01farrgoog_djvu.txt,"of the United States to assemble in Convention at the City of Phil- adelphia in the Month of May next or as soon thereafter as may be, and to join with such Deputies or Commissioners (they being duly authorized and ..."
1,First Amendment,19,4,farrand_records_vol_2_0712,farrand_records_vol_2,"The Records of the Federal Convention of 1787, Volume 2",Max Farrand,1787-07-27/1787-09-17,farrands_records,https://archive.org/download/recordsfederalc01farrgoog/recordsfederalc01farrgoog_djvu.txt,"(The 5th article, declaring that individual States shall not exer- cise certain powers, is founded on the same principles as the 6th of the confederation.) No State to make Treaties — lay interfering Duties — keep a naval or land ..."
1,First Amendment,20,4,farrand_records_vol_3_0691,farrand_records_vol_3,"The Records of the Federal Convention of 1787, Volume 3",Max Farrand,1787-02-21/1787-09-17,farrands_records,https://archive.org/download/in.ernet.dli.2015.58320/2015.58320.The-Records-Of-The-Federal-Convention-Of-1787-Volume-Iii_djvu.txt,APPENDIX B of the United States to assemble in Convention at the City of Phil- adelphia in the Month of May next or as soon thereafter as may be and to join with such Deputies or Commissioners (they being duly ...
1,First Amendment,21,4,farrand_records_vol_3_0712,farrand_records_vol_3,"The Records of the Federal Convention of 1787, Volume 3",Max Farrand,1787-02-21/1787-09-17,farrands_records,https://archive.org/download/in.ernet.dli.2015.58320/2015.58320.The-Records-Of-The-Federal-Convention-Of-1787-Volume-Iii_djvu.txt,"3 Pinckney was opposed to impeachment on July 20. See Records of that date. 4 Confirmed by Observations. Cf. Records of June 6. APPENDIX D 607 criminal offender shall be complied with. It is now confined to treason, felony, or ..."
1,First Amendment,22,4,madison_letters_vol_1_0556,madison_letters_vol_1,"Letters and Other Writings of James Madison, Volume 1",James Madison,1769-1793,founders_correspondence,https://archive.org/download/lettersandotherw01madiiala/lettersandotherw01madiiala_djvu.txt,"The petition relating to the Militia bill contains nothing that makes it improper for me to present it. I shall, therefore, read- ily comply with your desire on that subject. I am not satisfied that I am equally at liberty ..."
1,First Amendment,23,4,madison_letters_vol_2_0127,madison_letters_vol_2,"Letters and Other Writings of James Madison, Volume 2",James Madison,1794-1815,founders_correspondence,https://archive.org/download/lettersandotherw02madiiala/lettersandotherw02madiiala_djvu.txt,"Resolutions have passed for carrying into effect the Spanish, Indian, and Algerine Treaties. The British is now depending. I inclose the proposition in which the opponents of it will unite. According to present calculation, this proposition will be car- ried ..."
1,First Amendment,24,4,madison_letters_vol_4_0614,madison_letters_vol_4,"Letters and Other Writings of James Madison, Volume 4",James Madison,1829-1836,founders_correspondence,https://archive.org/download/lettersotherwrit04madi/lettersotherwrit04madi_djvu.txt,"the Executive, is under limitations of power. Encroachments are regarded as possible from the one as well as from the other. Hence, in the United States the great and essential rights of the people are secured against legislative as ■well ..."
1,First Amendment,25,4,hamilton_works_vol_1_0112,hamilton_works_vol_1,"The Works of Alexander Hamilton, Volume 1",Alexander Hamilton,1769-1804,founders_correspondence,https://archive.org/download/alexanderworksof01hamirich/alexanderworksof01hamirich_djvu.txt,"They solicited the king for a redress of grievances, but justly concluding from past experience, from the behavior and declarations of the majority in both Houses of Parliament, and from the known character and avowed designs of the minister, that ..."
1,First Amendment,26,4,hamilton_works_vol_6_0331,hamilton_works_vol_6,"The Works of Alexander Hamilton, Volume 6",Alexander Hamilton,1769-1804,founders_correspondence,https://archive.org/download/ofalexander06hamirich/ofalexander06hamirich_djvu.txt,"P. S. — In five minutes I set out for Philadelphia. MILITARY PAPERS MILITARY PAPERS MILITARY PEACE ESTABLISHMENT f 1783- BEFORE any plan can, with propriety, be deter mined or a military peace establishment, it is necessary to ascertain what ..."
1,First Amendment,27,4,washington_writings_vol_2_0395,washington_writings_vol_2,"The Writings of George Washington, Volume 2",George Washington,1745-1799,founders_correspondence,https://archive.org/download/georgefordworth02washrich/georgefordworth02washrich_djvu.txt,"When I have considered these Disputes I have often wished to know the sen timents of the first settlers here. In Capt. Smith's History there is mention of Taxes by the Parliament, and some one in Virginia makes the same ..."
1,First Amendment,28,4,jefferson_writings_vol_5_0360,jefferson_writings_vol_5,"The Writings of Thomas Jefferson, Volume 5",Thomas Jefferson,1793-1798,founders_correspondence,https://www.gutenberg.org/cache/epub/53767/pg53767.txt,"SIR,--In answer to the petition which you delivered me from the officers of merchant vessels belonging to Philadelphia, I must premise my sincere regret at the sacrifices which our fellow citizens generally, and the petitioners in particular, have been obliged ..."
1,First Amendment,29,4,jefferson_writings_vol_5_0366,jefferson_writings_vol_5,"The Writings of Thomas Jefferson, Volume 5",Thomas Jefferson,1793-1798,founders_correspondence,https://www.gutenberg.org/cache/epub/53767/pg53767.txt,"DEAR SIR,--Your two letters of the 2d instant were read yesterday afternoon, and I now return you Penniman's and Gray's papers, and the New Orleans petition. Penniman's conduct deserves marked approbation, and there should be no hesitation about the expenses ..."
1,First Amendment,30,4,jefferson_writings_vol_5_0368,jefferson_writings_vol_5,"The Writings of Thomas Jefferson, Volume 5",Thomas Jefferson,1793-1798,founders_correspondence,https://www.gutenberg.org/cache/epub/53767/pg53767.txt,"I put entirely out of sight, as having no bearing on this case, everything which passed prior to the receipt of the circular of July 1st, and consider the case as beginning _de novo_ then, and under that circular. The ..."
2,Second Amendment,1,13,madison_letters_vol_3_0043,madison_letters_vol_3,"Letters and Other Writings of James Madison, Volume 3",James Madison,1816-1828,founders_correspondence,https://archive.org/download/lettersotherwrit03madi/lettersotherwrit03madi_djvu.txt,"tt ti ii It ii ii M it ii CONTENTS OF VOL. III. xli PAGE. 1824. — Continued. President Madison to Secretary of State. June 3, 1814 . . - 403 "" "" '' Secretary of the Treasury. June 3, ..."
2,Second Amendment,2,11,henry_speeches_virginia_1788_0380,henry_speeches_virginia_1788,Patrick Henry — Speeches at the Virginia Ratifying Convention (June 1788),Patrick Henry,1788-06-04/1788-06-25,anti_federalist,https://avalon.law.yale.edu/18th_century/henry.asp,"the great thing to be dreaded is that, during an insurrection, the militia will be called out from the state. This is his kind of argument. Is it possible that, at such a time, the general government would order the ..."
2,Second Amendment,3,11,farrand_records_vol_1_0244,farrand_records_vol_1,"The Records of the Federal Convention of 1787, Volume 1",Max Farrand,1787-05-25/1787-07-26,farrands_records,https://archive.org/download/recordsfederalc00farrgoog/recordsfederalc00farrgoog_djvu.txt,"[54] For this extraordinary provision, by which the militia^ the only defence and protection which the State can have for the security of their rights against arbitrary encroachments of the general govern- ment, is taken entirely out of the power ..."
2,Second Amendment,4,11,farrand_records_vol_2_0244,farrand_records_vol_2,"The Records of the Federal Convention of 1787, Volume 2",Max Farrand,1787-07-27/1787-09-17,farrands_records,https://archive.org/download/recordsfederalc01farrgoog/recordsfederalc01farrgoog_djvu.txt,"[54] For this extraordinary provision, by which the militia^ the only defence and protection which the State can have for the security of their rights against arbitrary encroachments of the general govern^ ment, is taken entirely out of the power ..."
2,Second Amendment,5,11,farrand_records_vol_3_0244,farrand_records_vol_3,"The Records of the Federal Convention of 1787, Volume 3",Max Farrand,1787-02-21/1787-09-17,farrands_records,https://archive.org/download/in.ernet.dli.2015.58320/2015.58320.The-Records-Of-The-Federal-Convention-Of-1787-Volume-Iii_djvu.txt,"[54] For this extraordinary provision, by which the militia , the only defence and protection which the State can have for the security of their rights against arbitrary encroachments of the general govern- ment , is taken entirely out of ..."
2,Second Amendment,6,11,madison_debates_complete_avalon_0502,madison_debates_complete_avalon,Madison Debates Complete Avalon Collection,James Madison,1787-05-14/1787-09-17,madisons_notes,https://avalon.law.yale.edu/subject_menus/debcont.asp,"Mr. ELSEWORTH was for going as far in submitting the militia to the Genl. Government as might be necessary, but thought the motion of Mr. Mason went too far. He moved that the militia should have the same arms & ..."
2,Second Amendment,7,10,congressional_debates_bill_of_rights_1789_0001,congressional_debates_bill_of_rights_1789,Congressional Debates on the Bill of Rights,United States Congress,1789,bill_of_rights,https://memory.loc.gov/ammem/amlaw/lwac.html,"SECOND AMENDMENT - RIGHT TO BEAR ARMS Madison's original formulation stated: ""The right of the people to keep and bear arms shall not be infringed; a well armed and well regulated militia being the best security of a free country: ..."
2,Second Amendment,8,10,madison_letters_vol_3_0044,madison_letters_vol_3,"Letters and Other Writings of James Madison, Volume 3",James Madison,1816-1828,founders_correspondence,https://archive.org/download/lettersotherwrit03madi/lettersotherwrit03madi_djvu.txt,"President Madison to Secretary Armstrong. August 10, 1814 - - 415 President Madison's note to Secretary Armstrong on letters, &c., with a memorandum of the Secretary. August 12, 1814 . - - 416 President Madison's note to Secretary Armstrong on ..."
2,Second Amendment,9,9,farrand_records_vol_1_0123,farrand_records_vol_1,"The Records of the Federal Convention of 1787, Volume 1",Max Farrand,1787-05-25/1787-07-26,farrands_records,https://archive.org/download/recordsfederalc00farrgoog/recordsfederalc00farrgoog_djvu.txt,"The exclusive right of establishing regulations for the Govern- ment of the Militia of the United States, ought certainly to be ve8[t]ed in the Federal Councils. As standing Armies are contrary to the Constitutions of most of the States, and ..."
2,Second Amendment,10,9,farrand_records_vol_1_0245,farrand_records_vol_1,"The Records of the Federal Convention of 1787, Volume 1",Max Farrand,1787-05-25/1787-07-26,farrands_records,https://archive.org/download/recordsfederalc00farrgoog/recordsfederalc00farrgoog_djvu.txt,"an open avowal of those reasons, by which we believed before that they were actuated. They said, that, as the States would be opposed to the general government, and at enmity with it, which, as I have already observed, they ..."
2,Second Amendment,11,9,farrand_records_vol_2_0123,farrand_records_vol_2,"The Records of the Federal Convention of 1787, Volume 2",Max Farrand,1787-07-27/1787-09-17,farrands_records,https://archive.org/download/recordsfederalc01farrgoog/recordsfederalc01farrgoog_djvu.txt,"The exclusive right of establishing regulations for the Govern- ment of the Militia of the United States, ought certainly to be ve8[t]ed in the Federal Councils. As standing Armies are contrary to the Constitutions of most of the States, and ..."
2,Second Amendment,12,9,farrand_records_vol_2_0245,farrand_records_vol_2,"The Records of the Federal Convention of 1787, Volume 2",Max Farrand,1787-07-27/1787-09-17,farrands_records,https://archive.org/download/recordsfederalc01farrgoog/recordsfederalc01farrgoog_djvu.txt,"an open avowal of those reasons, by which we believed before that they were actuated. They said, that, as the States would be opposed to the general government, and at enmity with it, which, as I have already observed, they ..."
2,Second Amendment,13,9,farrand_records_vol_3_0123,farrand_records_vol_3,"The Records of the Federal Convention of 1787, Volume 3",Max Farrand,1787-02-21/1787-09-17,farrands_records,https://archive.org/download/in.ernet.dli.2015.58320/2015.58320.The-Records-Of-The-Federal-Convention-Of-1787-Volume-Iii_djvu.txt,"The exclusive right of establishing regulations for the Govern- ment of the Militia of the United States, ought certainly to be ves[t]ed in the Federal Councils. As standing Armies are contrary to the Constitutions of most of the States, and ..."
2,Second Amendment,14,9,farrand_records_vol_3_0245,farrand_records_vol_3,"The Records of the Federal Convention of 1787, Volume 3",Max Farrand,1787-02-21/1787-09-17,farrands_records,https://archive.org/download/in.ernet.dli.2015.58320/2015.58320.The-Records-Of-The-Federal-Convention-Of-1787-Volume-Iii_djvu.txt,"an open avowal of those reasons, by which we believed before that they were actuated. They said, that, as the States would be opposed to the general government, and at enmity with it, which, as I have already observed, they ..."
2,Second Amendment,15,9,madison_debates_complete_avalon_0534,madison_debates_complete_avalon,Madison Debates Complete Avalon Collection,James Madison,1787-05-14/1787-09-17,madisons_notes,https://avalon.law.yale.edu/subject_menus/debcont.asp,N. H. no. Mas no. Ct. no. N. J. ay. P. no. Del. no. Maryd. ay. Va. no. N. C. no. S. C. no. Geo. ay. Mr. ELSWORTH & Mr. SHERMAN moved to postpone the 2d. clause in favor of ...
2,Second Amendment,16,8,north_carolina_ratification_1789_0002,north_carolina_ratification_1789,North Carolina Ratification and Declaration of Rights,North Carolina Convention,1789-11-21,anti_federalist,https://avalon.law.yale.edu/18th_century/ratnc.asp,"14. That every freeman has a right to be secure from all unreasonable searches, and seizures of his person, his papers, and property: all warrants therefore to search suspected places, or seize any freeman, his papers or property, without information ..."
2,Second Amendment,17,8,henry_speeches_virginia_1788_0306,henry_speeches_virginia_1788,Patrick Henry — Speeches at the Virginia Ratifying Convention (June 1788),Patrick Henry,1788-06-04/1788-06-25,anti_federalist,https://avalon.law.yale.edu/18th_century/henry.asp,"a war is necessary for the benefit of the nation, the means of carrying it on are never denied. If any unjust requisition be made on Parliament, it will be, as it ought to be, refused. The same principle ought ..."
2,Second Amendment,18,8,henry_speeches_virginia_1788_0377,henry_speeches_virginia_1788,Patrick Henry — Speeches at the Virginia Ratifying Convention (June 1788),Patrick Henry,1788-06-04/1788-06-25,anti_federalist,https://avalon.law.yale.edu/18th_century/henry.asp,"and consume our time in verbal criticism, we shall never put an end to the business. Mr. GEORGE MASON. Mr. Chairman, a worthy member has asked who are the militia, if they be not the people of this country, and ..."
2,Second Amendment,19,8,virginia_ratification_1788_0004,virginia_ratification_1788,Virginia Ratification and Recommended Amendments,Virginia Ratifying Convention,1788-06-26,anti_federalist,https://avalon.law.yale.edu/18th_century/ratva.asp,"to be violated. Seventeenth, That the people have a right to keep and bear arms; that a well regulated Militia composed of the body of the people trained to arms is the proper, natural and safe defence of a free ..."
2,Second Amendment,20,8,federalist_lxxxv_0164,federalist_lxxxv,Federalist No. Lxxxv. Concluding Remarks,Alexander Hamilton,1787-10-27/1788-05-28,federalist_papers,https://www.gutenberg.org/cache/epub/18/pg18.txt,"The power of regulating the militia, and of commanding its services in times of insurrection and invasion are natural incidents to the duties of superintending the common defense, and of watching over the internal peace of the Confederacy. It requires ..."
2,Second Amendment,21,8,federalist_lxxxv_0305,federalist_lxxxv,Federalist No. Lxxxv. Concluding Remarks,Alexander Hamilton,1787-10-27/1788-05-28,federalist_papers,https://www.gutenberg.org/cache/epub/18/pg18.txt,"Extravagant as the supposition is, let it however be made. Let a regular army, fully equal to the resources of the country, be formed; and let it be entirely at the devotion of the federal government; still it would not ..."
2,Second Amendment,22,8,hamilton_works_vol_6_0257,hamilton_works_vol_6,"The Works of Alexander Hamilton, Volume 6",Alexander Hamilton,1769-1804,founders_correspondence,https://archive.org/download/ofalexander06hamirich/ofalexander06hamirich_djvu.txt,"What in this state of things is proper to be done? The President has, with the advice of the heads of departments and the Attorney-General, caused to be submitted all the evidence of the foregoing facts to the consideration of ..."
2,Second Amendment,23,8,madison_debates_complete_avalon_0503,madison_debates_complete_avalon,Madison Debates Complete Avalon Collection,James Madison,1787-05-14/1787-09-17,madisons_notes,https://avalon.law.yale.edu/subject_menus/debcont.asp,Mr. MADISON thought the regulation of the Militia naturally appertaining to the authority charged with the public defence. It did not seem in its nature to be divisible between two distinct authorities. If the States would trust the Genl. Govt. ...
2,Second Amendment,24,8,madison_debates_complete_avalon_0533,madison_debates_complete_avalon,Madison Debates Complete Avalon Collection,James Madison,1787-05-14/1787-09-17,madisons_notes,https://avalon.law.yale.edu/subject_menus/debcont.asp,"Madison Debates August 23 Madison Debates Contents Tuesday August 23, 1787 IN CONVENTION The Report of the Committee of Eleven made Aug: 21. being taken up, and the following clause being under consideration to wit ""To make laws for organizing, ..."
2,Second Amendment,25,7,henry_speeches_virginia_1788_0157,henry_speeches_virginia_1788,Patrick Henry — Speeches at the Virginia Ratifying Convention (June 1788),Patrick Henry,1788-06-04/1788-06-25,anti_federalist,https://avalon.law.yale.edu/18th_century/henry.asp,"I have had different experience of their service from that of the honorable gentleman. It was my fortune to be a soldier of my country. In the discharge of my duty, I knew the worth of militia. I have seen ..."
2,Second Amendment,26,7,henry_speeches_virginia_1788_0316,henry_speeches_virginia_1788,Patrick Henry — Speeches at the Virginia Ratifying Convention (June 1788),Patrick Henry,1788-06-04/1788-06-25,anti_federalist,https://avalon.law.yale.edu/18th_century/henry.asp,"we shall have such checks interposed as will render us secure. The militia, sir, is our ultimate safety. We can have no security without it. But then, he says that the power of arming and organizing the militia is concurrent, ..."
2,Second Amendment,27,7,henry_speeches_virginia_1788_0317,henry_speeches_virginia_1788,Patrick Henry — Speeches at the Virginia Ratifying Convention (June 1788),Patrick Henry,1788-06-04/1788-06-25,anti_federalist,https://avalon.law.yale.edu/18th_century/henry.asp,"them, as well as Congress, if the power be concurrent? so that our militia shall have two sets of arms, double sets of regimentals, &c.; and thus, at a very great cost, we shall be doubly armed. The great object ..."
2,Second Amendment,28,7,henry_speeches_virginia_1788_0322,henry_speeches_virginia_1788,Patrick Henry — Speeches at the Virginia Ratifying Convention (June 1788),Patrick Henry,1788-06-04/1788-06-25,anti_federalist,https://avalon.law.yale.edu/18th_century/henry.asp,"an adequate share. But, if you confine yourselves to militia alone, the poor man is oppressed. The rich man exempts himself by furnishing a substitute. And, although it be oppressive to the poor, it is not advantageous to the rich? ..."
2,Second Amendment,29,7,henry_speeches_virginia_1788_0365,henry_speeches_virginia_1788,Patrick Henry — Speeches at the Virginia Ratifying Convention (June 1788),Patrick Henry,1788-06-04/1788-06-25,anti_federalist,https://avalon.law.yale.edu/18th_century/henry.asp,"GRAYSON, in reply to Mr. Corbin, said he was mistaken when he produced the 4th section of the 4th article, to prove that the state governments had a right to intermeddle with the militia. He was of opinion that a ..."
2,Second Amendment,30,7,farrand_records_vol_2_0503,farrand_records_vol_2,"The Records of the Federal Convention of 1787, Volume 2",Max Farrand,1787-07-27/1787-09-17,farrands_records,https://archive.org/download/recordsfederalc01farrgoog/recordsfederalc01farrgoog_djvu.txt,"When, in framing the Constitution, we restricted so closely the power of government over our fellow citizens of the militia, it was not because we supposed there would ever be a Congress so mad as to attempt tyrannizing over the ..."
3,Third Amendment,1,13,hamilton_works_vol_9_0118,hamilton_works_vol_9,"The Works of Alexander Hamilton, Volume 9",Alexander Hamilton,1769-1804,founders_correspondence,https://archive.org/download/ofalexander09hamirich/ofalexander09hamirich_djvu.txt,"that State, by contributions from the owners, in proportion to the number they possess. If you should think proper to enter upon the subject with him, he will give you a detail of his plan. He wishes to have it ..."
3,Third Amendment,2,11,hamilton_works_vol_7_0088,hamilton_works_vol_7,"The Works of Alexander Hamilton, Volume 7",Alexander Hamilton,1769-1804,founders_correspondence,https://archive.org/download/ofalexander07hamirich/ofalexander07hamirich_djvu.txt,"First, as to compensation or allowances to serv- ants not soldiers. It appears to me a clear point, that the resolution of Congress of March, 1780, is not in force, and consequently cannot be an authority for such allowances. There ..."
3,Third Amendment,3,10,hamilton_works_vol_3_0101,hamilton_works_vol_3,"The Works of Alexander Hamilton, Volume 3",Alexander Hamilton,1769-1804,founders_correspondence,https://archive.org/download/alexanderworksof03hamirich/alexanderworksof03hamirich_djvu.txt,"Deferred, from . . .8s. 6d. to gs. \d. SECOND QUARTER OF 1791 Six per cents from . .175. to 17$. gd. Three per cents from . . gs. to xos. Deferred, from . . . 8s. i id. to ..."
3,Third Amendment,4,10,washington_writings_vol_7_0301,washington_writings_vol_7,"The Writings of George Washington, Volume 7",George Washington,1745-1799,founders_correspondence,https://archive.org/download/writingsofgwash07washuoft/writingsofgwash07washuoft_djvu.txt,"' "" I am exceedingly sorry to find by a letter from General Vamum of the 29th ulto., That a spirit of Mutiny has made its appearance among the troops under your command. I am convinced this does not originate ..."
3,Third Amendment,5,9,washington_writings_vol_1_0284,washington_writings_vol_1,"The Writings of George Washington, Volume 1",George Washington,1745-1799,founders_correspondence,https://archive.org/download/georgefordworth01washrich/georgefordworth01washrich_djvu.txt,"Our soldiers complain, that their pay is insufficient, even to furnish shoes, shirts, stockings, &c, which their officers, in order to keep them fit for duty, oblige them to provide. This, they say, deprives them of the means of purchasing ..."
3,Third Amendment,6,9,washington_writings_vol_1_0375,washington_writings_vol_1,"The Writings of George Washington, Volume 1",George Washington,1745-1799,founders_correspondence,https://archive.org/download/georgefordworth01washrich/georgefordworth01washrich_djvu.txt,"No regular provision is established for the maimed and wounded, which is a discouraging reflection, and grievously complained of. The soldiers justly ob serve, that the result of bravery is often a broken leg, arm, or incurable wound ; and ..."
3,Third Amendment,7,9,washington_writings_vol_1_0376,washington_writings_vol_1,"The Writings of George Washington, Volume 1",George Washington,1745-1799,founders_correspondence,https://archive.org/download/georgefordworth01washrich/georgefordworth01washrich_djvu.txt,"situation of the soldiers,) induced the Committee, to whom those addresses were presented, to send for clothing, &c. These were to have been here by the middle of October, but no advice is received of them yet, which gives the ..."
3,Third Amendment,8,9,washington_writings_vol_4_0175,washington_writings_vol_4,"The Writings of George Washington, Volume 4",George Washington,1745-1799,founders_correspondence,https://archive.org/download/georgefordworth04washrich/georgefordworth04washrich_djvu.txt,"Upon your arrival in Albany, you will consult with general Schuyler, in regard to the present state of provisions and stores, and fix upon some certain means of forwarding the regular sup plies in future from that place. At the ..."
3,Third Amendment,9,8,washington_writings_vol_1_0283,washington_writings_vol_1,"The Writings of George Washington, Volume 1",George Washington,1745-1799,founders_correspondence,https://archive.org/download/georgefordworth01washrich/georgefordworth01washrich_djvu.txt,"The inconveniences that arise from paying the sol diers in large bills, are not to be conceived. We are obliged afterwards to give the pay of two or three soldiers to one man. He, ten to one, drinks, games, or ..."
3,Third Amendment,10,8,washington_writings_vol_1_0287,washington_writings_vol_1,"The Writings of George Washington, Volume 1",George Washington,1745-1799,founders_correspondence,https://archive.org/download/georgefordworth01washrich/georgefordworth01washrich_djvu.txt,"I then should know what I was about, and I could do it without hesitation or fear, and, am convinced, to the satisfaction and interest of the country. As the case now stands, we are upon such odd establishment, under ..."
3,Third Amendment,11,8,washington_writings_vol_1_0410,washington_writings_vol_1,"The Writings of George Washington, Volume 1",George Washington,1745-1799,founders_correspondence,https://archive.org/download/georgefordworth01washrich/georgefordworth01washrich_djvu.txt,"You are also to hold me duly advised of all material occur rences in your Quarter. You are not to give furloughs to more than one Soldier at a time, unless some particular cause requires it, and then you are ..."
3,Third Amendment,12,8,washington_writings_vol_4_0030,washington_writings_vol_4,"The Writings of George Washington, Volume 4",George Washington,1745-1799,founders_correspondence,https://archive.org/download/georgefordworth04washrich/georgefordworth04washrich_djvu.txt,"'' The General being informed that many of the Houses taken up for barracks, are much abused by the Soldiers, which is a Grievance that might be prevented, by the Officers paying a proper attention to their duty, and more ..."
3,Third Amendment,13,8,washington_writings_vol_4_0197,washington_writings_vol_4,"The Writings of George Washington, Volume 4",George Washington,1745-1799,founders_correspondence,https://archive.org/download/georgefordworth04washrich/georgefordworth04washrich_djvu.txt,"I observe the augmentation Congress have resolved to make to the forces destined for the Northern de partment and the bounty to be allowed such Soldiers as will Inlist for three years. I hope many good con- 1 "" Officers ..."
3,Third Amendment,14,8,washington_writings_vol_6_0360,washington_writings_vol_6,"The Writings of George Washington, Volume 6",George Washington,1745-1799,founders_correspondence,https://archive.org/download/georgefordworth06washrich/georgefordworth06washrich_djvu.txt,"1 ""The Commander in Chief again takes occasion to return his warmest thanks to the virtuous officers and soldiery of this army, for that persevering fidelity and zeal which they have uniformly manifested in all their conduct. Their fortitude, not ..."
3,Third Amendment,15,8,jefferson_writings_vol_7_0495,jefferson_writings_vol_7,"The Writings of Thomas Jefferson, Volume 7",Thomas Jefferson,1803-1807,founders_correspondence,https://www.gutenberg.org/cache/epub/56035/pg56035.txt,"What is to be done? The right of the general government is, in my opinion, to be maintained. The case is sound, and the means of doing it as practicable as can ever occur. But respect and friendship should, I ..."
3,Third Amendment,16,8,jefferson_writings_vol_7_0620,jefferson_writings_vol_7,"The Writings of Thomas Jefferson, Volume 7",Thomas Jefferson,1803-1807,founders_correspondence,https://www.gutenberg.org/cache/epub/56035/pg56035.txt,"[31] ""Nobody, therefore, is prohibited from landing on the sea shore, walking there, or mooring their vessel there, so nevertheless that they keep out of the villas, that is, the habitations, monuments, and public buildings, erected there, and do them ..."
3,Third Amendment,17,7,hamilton_works_vol_4_0285,hamilton_works_vol_4,"The Works of Alexander Hamilton, Volume 4",Alexander Hamilton,1769-1804,founders_correspondence,https://archive.org/download/alexanderworksof04hamirich/alexanderworksof04hamirich_djvu.txt,"This is a principle so obvious in itself, that it does not stand in need of confirmation from authorities; yet the following passage from VATEL, as to one of the points included in the case, is so pertinent and forcible, ..."
3,Third Amendment,18,7,hamilton_works_vol_7_0098,hamilton_works_vol_7,"The Works of Alexander Hamilton, Volume 7",Alexander Hamilton,1769-1804,founders_correspondence,https://archive.org/download/ofalexander07hamirich/ofalexander07hamirich_djvu.txt,"The latter are of the competency of the inspector- 150 Alexander Hamilton general, who will proceed without delay to make the appointments. If the non-appointment of the quartermaster- general, provided for by the Act of the 3d of March last ..."
3,Third Amendment,19,7,washington_writings_vol_1_0178,washington_writings_vol_1,"The Writings of George Washington, Volume 1",George Washington,1745-1799,founders_correspondence,https://archive.org/download/georgefordworth01washrich/georgefordworth01washrich_djvu.txt,"The method I would recommend is, for the country to provide these things, and lodge them, or a conve nient part thereof, in the hands of the quartermaster, who may be appointed to receive and deliver them to the soldiers, ..."
3,Third Amendment,20,7,washington_writings_vol_1_0185,washington_writings_vol_1,"The Writings of George Washington, Volume 1",George Washington,1745-1799,founders_correspondence,https://archive.org/download/georgefordworth01washrich/georgefordworth01washrich_djvu.txt,"a law to enforce the military law in all its parts,1 that I must, with great regret, decline the honour that has been so generously intended me, and for this only reason I do it — the foreknowledge 1 have ..."
3,Third Amendment,21,7,washington_writings_vol_1_0254,washington_writings_vol_1,"The Writings of George Washington, Volume 1",George Washington,1745-1799,founders_correspondence,https://archive.org/download/georgefordworth01washrich/georgefordworth01washrich_djvu.txt,"28o THE WRITINGS OF [1756 I imagine few others can assign any reason, why we should pretend to quit that which by long experience has been found the best, to introduce one quite insufficient. There are now in town about ..."
3,Third Amendment,22,7,washington_writings_vol_10_0242,washington_writings_vol_10,"The Writings of George Washington, Volume 10",George Washington,1745-1799,founders_correspondence,https://archive.org/download/georgefordworth10washrich/georgefordworth10washrich_djvu.txt,"While I suffer the most poignant distress, in observ ing that a handful of men, contemptible in numbers, and equally so in point of service (if the veteran troops from the southward have not been seduced by their example), and ..."
3,Third Amendment,23,7,washington_writings_vol_3_0296,washington_writings_vol_3,"The Writings of George Washington, Volume 3",George Washington,1745-1799,founders_correspondence,https://archive.org/download/georgefordworth03washrich/georgefordworth03washrich_djvu.txt,"ties here at great trouble and expense. At any rate, my time will not allow me to be a competent judge of this business. I must also beg the favor of you, to urge the necessity of appointing a brigadier-general ..."
3,Third Amendment,24,7,washington_writings_vol_3_0323,washington_writings_vol_3,"The Writings of George Washington, Volume 3",George Washington,1745-1799,founders_correspondence,https://archive.org/download/georgefordworth03washrich/georgefordworth03washrich_djvu.txt,"In all other matters relative to the execution of the general plan you are going upon, your own judgment (as it is impossible with propriety to give particular directions), and the advice of those whom you have reason to believe ..."
3,Third Amendment,25,7,washington_writings_vol_3_0329,washington_writings_vol_3,"The Writings of George Washington, Volume 3",George Washington,1745-1799,founders_correspondence,https://archive.org/download/georgefordworth03washrich/georgefordworth03washrich_djvu.txt,""" His Excellency the commander in Chief, having been pleased to order an Advertisement in the several newspapers of this, and the adjoining Colonies commanding ' all officers, non-commissioned Officers and Soldiers now absent upon any leave or pretence whatsoever ..."
3,Third Amendment,26,7,washington_writings_vol_3_0388,washington_writings_vol_3,"The Writings of George Washington, Volume 3",George Washington,1745-1799,founders_correspondence,https://archive.org/download/georgefordworth03washrich/georgefordworth03washrich_djvu.txt,"To bring men [to be] well acquainted with the duties of a soldier, requires time. To bring them under proper discipline and subordination, not only requires time, but is a work of great difficulty, and, in this army, where there ..."
3,Third Amendment,27,7,washington_writings_vol_4_0061,washington_writings_vol_4,"The Writings of George Washington, Volume 4",George Washington,1745-1799,founders_correspondence,https://archive.org/download/georgefordworth04washrich/georgefordworth04washrich_djvu.txt,"I mean, through you, to do myself the honor of laying before Congress a copy of an address trans mitted to them some time ago by the Assembly of Rhode Island, which Governor Cooke favored me 1 "" All Officers, ..."
3,Third Amendment,28,7,washington_writings_vol_6_0247,washington_writings_vol_6,"The Writings of George Washington, Volume 6",George Washington,1745-1799,founders_correspondence,https://archive.org/download/georgefordworth06washrich/georgefordworth06washrich_djvu.txt,"We find gentlemen, without knowing whether the army was really going into winter-quarters or not (for I am sure no resolution of mine would warrant the Remonstrance), reprobating the measure as much as if they thought the soldiers were made ..."
3,Third Amendment,29,7,washington_writings_vol_6_0309,washington_writings_vol_6,"The Writings of George Washington, Volume 6",George Washington,1745-1799,founders_correspondence,https://archive.org/download/georgefordworth06washrich/georgefordworth06washrich_djvu.txt,"Who may be in contemplation to fill the place of Quarter Master General is as yet to me unknown, and equally indifferent, provided he be a fit person. But in making the appointment, not a moment's time should be lost. ..."
3,Third Amendment,30,7,washington_writings_vol_7_0319,washington_writings_vol_7,"The Writings of George Washington, Volume 7",George Washington,1745-1799,founders_correspondence,https://archive.org/download/writingsofgwash07washuoft/writingsofgwash07washuoft_djvu.txt,"I am every now and then embarrassed by disputes between the officers and Inhabitants, which generally originate from the latter coming into camp with liquor, selling it to the Soldiers, and, as the officers allege, taking clothing, provisions, or accoutrements ..."
4,Fourth Amendment,1,6,hamilton_works_vol_3_0050,hamilton_works_vol_3,"The Works of Alexander Hamilton, Volume 3",Alexander Hamilton,1769-1804,founders_correspondence,https://archive.org/download/alexanderworksof03hamirich/alexanderworksof03hamirich_djvu.txt,"These points then were to be effected: a payment of the subscription money, to vest the Government with the property of the stock; possession of the means of paying it, which were to be derived from the foreign fund, and ..."
4,Fourth Amendment,2,5,new_york_ratification_1788_0002,new_york_ratification_1788,New York Ratification and Circular Letter,New York Ratifying Convention,1788-07-26,anti_federalist,https://avalon.law.yale.edu/18th_century/ratny.asp,"That (except in the Government of the Land and Naval Forces, and of the Militia when in actual Service, and in cases of Impeachment) a Presentment or Indictment by a Grand Jury ought to be observed as a necessary preliminary ..."
4,Fourth Amendment,3,5,anti_federalist_positions_bill_of_rights_0002,anti_federalist_positions_bill_of_rights,Anti-Federalist Positions and Bill of Rights Influence,Various Anti-Federalist Writers,1787-1791,bill_of_rights,https://constitution.org/1-Constitution/afp/afp.htm,"""No person shall be compelled to render military service in person if conscientiously opposed to bearing arms; nor shall any person be compelled to pay a tax to support the worship of any religion opposite to their conscientious belief."" 2. ..."
4,Fourth Amendment,4,5,bill_of_rights_original_text_1791_0000,bill_of_rights_original_text_1791,Bill of Rights - Original Text,United States Congress,1791-12-15,bill_of_rights,https://www.archives.gov/founding-docs/bill-of-rights-transcript,"THE BILL OF RIGHTS United States of America Ratified December 15, 1791 AMENDMENT I Congress shall make no law respecting an establishment of religion, or prohibiting the free exercise thereof; or abridging the freedom of speech, or of the press; ..."
4,Fourth Amendment,5,5,hamilton_works_vol_8_0066,hamilton_works_vol_8,"The Works of Alexander Hamilton, Volume 8",Alexander Hamilton,1769-1804,founders_correspondence,https://archive.org/download/ofalexander08hamirich/ofalexander08hamirich_djvu.txt,"That the commissioners of each subordinate office shall have the management of all sales, and the issu ing of warrants for all locations, in the tracts to be set apart for the accommodation of individual set tlers, subject to the ..."
4,Fourth Amendment,6,4,north_carolina_ratification_1789_0002,north_carolina_ratification_1789,North Carolina Ratification and Declaration of Rights,North Carolina Convention,1789-11-21,anti_federalist,https://avalon.law.yale.edu/18th_century/ratnc.asp,"14. That every freeman has a right to be secure from all unreasonable searches, and seizures of his person, his papers, and property: all warrants therefore to search suspected places, or seize any freeman, his papers or property, without information ..."
4,Fourth Amendment,7,4,hamilton_works_vol_3_0075,hamilton_works_vol_3,"The Works of Alexander Hamilton, Volume 3",Alexander Hamilton,1769-1804,founders_correspondence,https://archive.org/download/alexanderworksof03hamirich/alexanderworksof03hamirich_djvu.txt,"The direct object of all the sums drawn for, prior to July, 1792, was the purchase of the debt. A col lateral consideration, which operated in the first stages of drawing, has also been mentioned. It has likewise been stated ..."
4,Fourth Amendment,8,3,virginia_ratification_1788_0003,virginia_ratification_1788,Virginia Ratification and Recommended Amendments,Virginia Ratifying Convention,1788-06-26,anti_federalist,https://avalon.law.yale.edu/18th_century/ratva.asp,"between man and man, the ancient trial by Jury is one of the greatest Securities to the rights of the people, and ought to remain sacred and inviolable. Twelfth. That every freeman ought to find a certain remedy by recourse ..."
4,Fourth Amendment,9,3,madison_letters_vol_3_0449,madison_letters_vol_3,"Letters and Other Writings of James Madison, Volume 3",James Madison,1816-1828,founders_correspondence,https://archive.org/download/lettersotherwrit03madi/lettersotherwrit03madi_djvu.txt,"2. In pursuance of the authority given to the Treasury Department to pre- scribe the forms of rendering accounts, it wlis prescribed to the War Account- ant in 1Y92, and the rule referred to as in force as late as ..."
4,Fourth Amendment,10,3,hamilton_works_vol_1_0248,hamilton_works_vol_1,"The Works of Alexander Hamilton, Volume 1",Alexander Hamilton,1769-1804,founders_correspondence,https://archive.org/download/alexanderworksof01hamirich/alexanderworksof01hamirich_djvu.txt,"Sec. 8. The President, before he shall enter upon the execution of his office, shall take an oath or affirmation faithfully to execute the same, and to the utmost of his judgment and power to protect the rights of the ..."
4,Fourth Amendment,11,3,hamilton_works_vol_10_0060,hamilton_works_vol_10,"The Works of Alexander Hamilton, Volume 10",Alexander Hamilton,1769-1804,founders_correspondence,https://archive.org/download/ofalexander10hamirich/ofalexander10hamirich_djvu.txt,"The treasurer would by no means answer, because, as the keeper of the money, it is particularly essential that all the checks upon him should be maintained in full vigor, and the comptroller is the officer who, in the last ..."
4,Fourth Amendment,12,3,hamilton_works_vol_3_0125,hamilton_works_vol_3,"The Works of Alexander Hamilton, Volume 3",Alexander Hamilton,1769-1804,founders_correspondence,https://archive.org/download/alexanderworksof03hamirich/alexanderworksof03hamirich_djvu.txt,"4. Is any money now so deposited, and, if any, is the probable amount such as to render a present provision for a loan inexpedient or unnecessary? With much esteem, etc. THEODORE SEDGWICK. The Honorable the Secretary of the Treasury. ..."
4,Fourth Amendment,13,3,washington_writings_vol_10_0311,washington_writings_vol_10,"The Writings of George Washington, Volume 10",George Washington,1745-1799,founders_correspondence,https://archive.org/download/georgefordworth10washrich/georgefordworth10washrich_djvu.txt,"Another is, to know if I have any warrants in your hands unexecuted, it appearing from two bonds in my possession, one from a Capt. Roots,1 for 3000 acres ; the other from Lieut : (now, or lately the Revd. ..."
4,Fourth Amendment,14,2,centinel_essays_0001,centinel_essays,Centinel Essays (Anti-Federalist),"Centinel (Samuel Bryan, attributed)",1787-10-05/1788-04-09,anti_federalist,https://teachingamericanhistory.org/document/centinel-i/,"Source: Herbert J. Storing, ed., The Complete Anti-Federalist , vol. 2, 136-143. To the Freemen of Pennsylvania Friends, Countrymen and Fellow Citizens, Permit one of yourselves to put you in mind of certain liberties and privileges secured to you by ..."
4,Fourth Amendment,15,2,henry_speeches_virginia_1788_0505,henry_speeches_virginia_1788,Patrick Henry — Speeches at the Virginia Ratifying Convention (June 1788),Patrick Henry,1788-06-04/1788-06-25,anti_federalist,https://avalon.law.yale.edu/18th_century/henry.asp,"Mr. HENRY, after observing that the proposal of ratification was premature, and that the importance of the subject required the most mature deliberation, proceeded thus: — The honorable member must forgive me for declaring my dissent from it; because, if ..."
4,Fourth Amendment,16,2,bill_of_rights_index_0000,bill_of_rights_index,Bill of Rights Index and Research Guide,Compiled Research Notes,1787-1791,bill_of_rights,https://github.com/timothyhartzog/Usa-constitution-orginal/blob/main/docs/BILL_OF_RIGHTS_README.md,"BILL OF RIGHTS COLLECTION INDEX Comprehensive Documentation for Research and RAG Building --- COLLECTION OVERVIEW This Bill of Rights collection provides comprehensive primary and secondary source materials documenting the historical development, debates, and ratification of the first ten amendments to ..."
4,Fourth Amendment,17,2,madison_speech_bill_of_rights_1789_06_08_0001,madison_speech_bill_of_rights_1789_06_08,James Madison's Speech Introducing Amendments to Congress,James Madison,1789-06-08,bill_of_rights,https://founders.archives.gov/documents/Madison/01-12-02-0126,"It will be proper, I think, to go on with this business immediately after the session opens. The public mind is wound up and agitated on this subject; and, so far as I can perceive, from the present correspondence with ..."
4,Fourth Amendment,18,2,farrand_records_vol_1_0725,farrand_records_vol_1,"The Records of the Federal Convention of 1787, Volume 1",Max Farrand,1787-05-25/1787-07-26,farrands_records,https://archive.org/download/recordsfederalc00farrgoog/recordsfederalc00farrgoog_djvu.txt,"§ 8. The President before he shall enter upon the execution of his office shall take an oath or affirmation, faithfully to execute the same, and to the utmost of his Judgment & power to protect the rights of the ..."
4,Fourth Amendment,19,2,farrand_records_vol_2_0730,farrand_records_vol_2,"The Records of the Federal Convention of 1787, Volume 2",Max Farrand,1787-07-27/1787-09-17,farrands_records,https://archive.org/download/recordsfederalc01farrgoog/recordsfederalc01farrgoog_djvu.txt,"§ 8. The President before he shall enter upon the execution of his office shall take an oath or affirmation, faithfully to execute the same, and to the utmost of his Judgment & power to protect the rights of the ..."
4,Fourth Amendment,20,2,farrand_records_vol_3_0730,farrand_records_vol_3,"The Records of the Federal Convention of 1787, Volume 3",Max Farrand,1787-02-21/1787-09-17,farrands_records,https://archive.org/download/in.ernet.dli.2015.58320/2015.58320.The-Records-Of-The-Federal-Convention-Of-1787-Volume-Iii_djvu.txt,"§ 8. The President before he shall enter upon the execution of his office shall take an oath or affirmation, faithfully to execute the same, and to the utmost of his Judgment & power to protect the rights of the ..."
4,Fourth Amendment,21,2,madison_letters_vol_1_0167,madison_letters_vol_1,"Letters and Other Writings of James Madison, Volume 1",James Madison,1769-1793,founders_correspondence,https://archive.org/download/lettersandotherw01madiiala/lettersandotherw01madiiala_djvu.txt,Mr. Henry was elected successor to Mr. Harrison without competition or opposition. The victims to the article requiring a triennial removal of two counsellors were Merriwether Smith and General Christian. Young Mr. Roane and Mr. Miles Sel- den take their ...
4,Fourth Amendment,22,2,madison_letters_vol_2_0086,madison_letters_vol_2,"Letters and Other Writings of James Madison, Volume 2",James Madison,1794-1815,founders_correspondence,https://archive.org/download/lettersandotherw02madiiala/lettersandotherw02madiiala_djvu.txt,"the United States, of all nations, ought to be the last to unite in a retrograde effort on this subject, as being more than any other interested in extending and establishing the commercial rights of neutral nations. Their situation particularly ..."
4,Fourth Amendment,23,2,madison_letters_vol_2_0282,madison_letters_vol_2,"Letters and Other Writings of James Madison, Volume 2",James Madison,1794-1815,founders_correspondence,https://archive.org/download/lettersandotherw02madiiala/lettersandotherw02madiiala_djvu.txt,""" On the other hand, whenever I am at war with a nation, both my safety and welfare prompt me to deprive it as much as possible of every thing which may enable it to resist or hurt me. Here ..."
4,Fourth Amendment,24,2,madison_letters_vol_2_0424,madison_letters_vol_2,"Letters and Other Writings of James Madison, Volume 2",James Madison,1794-1815,founders_correspondence,https://archive.org/download/lettersandotherw02madiiala/lettersandotherw02madiiala_djvu.txt,"the difficulty of proof may have the same effect in producing condemnation. He recollects also that in the event of an ac- quittal the costs* will, where there is the least color for seiz- ure, be thrown on the claimants; ..."
4,Fourth Amendment,25,2,madison_letters_vol_3_0450,madison_letters_vol_3,"Letters and Other Writings of James Madison, Volume 3",James Madison,1816-1828,founders_correspondence,https://archive.org/download/lettersotherwrit03madi/lettersotherwrit03madi_djvu.txt,"On the first point, it is understood that warrants on account, though not ex- pressly authorized by statute, have been in constant use by all the Heads of Departments from the commencement of the present Government ; that the expediency ..."
4,Fourth Amendment,26,2,madison_letters_vol_4_0336,madison_letters_vol_4,"Letters and Other Writings of James Madison, Volume 4",James Madison,1829-1836,founders_correspondence,https://archive.org/download/lettersotherwrit04madi/lettersotherwrit04madi_djvu.txt,"In explaining the proceedings of Virginia in 1798-99, the state of things at that time was the more properly appealed to as it has been too much overlooked. The doctrines combated are always a key to the arguments employed. It ..."
4,Fourth Amendment,27,2,madison_letters_vol_4_0529,madison_letters_vol_4,"Letters and Other Writings of James Madison, Volume 4",James Madison,1829-1836,founders_correspondence,https://archive.org/download/lettersotherwrit04madi/lettersotherwrit04madi_djvu.txt,"Government is instituted to protect property of every sort; as well that which lies in the various rights of individuals, as that which the term particu- larly expresses. This being the end of government, that alone is a just gov- ..."
4,Fourth Amendment,28,2,madison_letters_vol_4_0590,madison_letters_vol_4,"Letters and Other Writings of James Madison, Volume 4",James Madison,1829-1836,founders_correspondence,https://archive.org/download/lettersotherwrit04madi/lettersotherwrit04madi_djvu.txt,"A third observation is, that were it admitted, as is contended, that the "" act concerning aliens "" has for its object, not a penal, but a preventive justice, it would still remain to be proved that it comes within ..."
4,Fourth Amendment,29,2,madison_letters_vol_4_0653,madison_letters_vol_4,"Letters and Other Writings of James Madison, Volume 4",James Madison,1829-1836,founders_correspondence,https://archive.org/download/lettersotherwrit04madi/lettersotherwrit04madi_djvu.txt,"- 204 21 December, "" - - 212 May, 1832 - - 217 29 May, "" - - 218 4 December, "" - - 227 23 December, "" - - 228 18 January, 1833 - - 267 25 August, 1834 ..."
4,Fourth Amendment,30,2,hamilton_works_vol_2_0198,hamilton_works_vol_2,"The Works of Alexander Hamilton, Volume 2",Alexander Hamilton,1769-1804,founders_correspondence,https://archive.org/download/alexanderworksof02hamirich/alexanderworksof02hamirich_djvu.txt,"That, upon all stills employed in distilling spirits from materials of the growth or production of the United States, in any other place than a city, town, or village, there be paid the yearly sum of sixty cents, for every ..."
5,Fifth Amendment,1,9,congressional_debates_bill_of_rights_1789_0001,congressional_debates_bill_of_rights_1789,Congressional Debates on the Bill of Rights,United States Congress,1789,bill_of_rights,https://memory.loc.gov/ammem/amlaw/lwac.html,"SECOND AMENDMENT - RIGHT TO BEAR ARMS Madison's original formulation stated: ""The right of the people to keep and bear arms shall not be infringed; a well armed and well regulated militia being the best security of a free country: ..."
5,Fifth Amendment,2,6,anti_federalist_positions_bill_of_rights_0002,anti_federalist_positions_bill_of_rights,Anti-Federalist Positions and Bill of Rights Influence,Various Anti-Federalist Writers,1787-1791,bill_of_rights,https://constitution.org/1-Constitution/afp/afp.htm,"""No person shall be compelled to render military service in person if conscientiously opposed to bearing arms; nor shall any person be compelled to pay a tax to support the worship of any religion opposite to their conscientious belief."" 2. ..."
5,Fifth Amendment,3,5,bill_of_rights_original_text_1791_0000,bill_of_rights_original_text_1791,Bill of Rights - Original Text,United States Congress,1791-12-15,bill_of_rights,https://www.archives.gov/founding-docs/bill-of-rights-transcript,"THE BILL OF RIGHTS United States of America Ratified December 15, 1791 AMENDMENT I Congress shall make no law respecting an establishment of religion, or prohibiting the free exercise thereof; or abridging the freedom of speech, or of the press; ..."
5,Fifth Amendment,4,3,bill_of_rights_index_0002,bill_of_rights_index,Bill of Rights Index and Research Guide,Compiled Research Notes,1787-1791,bill_of_rights,https://github.com/timothyhartzog/Usa-constitution-orginal/blob/main/docs/BILL_OF_RIGHTS_README.md,"1. INDIVIDUAL RIGHTS PROTECTION - First Amendment freedoms (speech, religion, press, assembly, petition) - Due process protections (Fifth Amendment) - Trial procedures and jury rights (Sixth Amendment) - Criminal procedure protections (Fourth, Fifth, Sixth, Eighth Amendments) - Property rights (Fifth ..."
5,Fifth Amendment,5,3,hamilton_works_vol_5_0290,hamilton_works_vol_5,"The Works of Alexander Hamilton, Volume 5",Alexander Hamilton,1769-1804,founders_correspondence,https://archive.org/download/ofalexander05hamirich/ofalexander05hamirich_djvu.txt,"The objects protected by the tenth article are classed under four heads: i, Debts of individuals to individuals; 2, property of individuals in the public funds; 3, property of individuals in public banks; Camillas 413 4, property of individuals in ..."
5,Fifth Amendment,6,3,hamilton_works_vol_8_0293,hamilton_works_vol_8,"The Works of Alexander Hamilton, Volume 8",Alexander Hamilton,1769-1804,founders_correspondence,https://archive.org/download/ofalexander08hamirich/ofalexander08hamirich_djvu.txt,"question, and in common parlance it is that to which we resort to show guilt. II. Mod., the Queen vs. Brown, will explain how it is to be found. Nay, in this very case, when the counsel for the defendant ..."
5,Fifth Amendment,7,3,jefferson_writings_vol_5_0086,jefferson_writings_vol_5,"The Writings of Thomas Jefferson, Volume 5",Thomas Jefferson,1793-1798,founders_correspondence,https://www.gutenberg.org/cache/epub/53767/pg53767.txt,"DEAR SIR,--We are this moment informed by a person who left Richmond since the 22d, that the prosecution of Burr had begun under very inauspicious symptoms by the challenging and rejecting two members of the Grand Jury, as far above ..."
5,Fifth Amendment,8,2,bill_of_rights_key_figures_0000,bill_of_rights_key_figures,Bill of Rights Key Figures,Compiled Research Notes,1787-1791,bill_of_rights,https://github.com/timothyhartzog/Usa-constitution-orginal/blob/main/docs/BILL_OF_RIGHTS_README.md,"KEY FIGURES IN THE BILL OF RIGHTS 1787-1791 --- JAMES MADISON (1751-1836) ""Father of the Constitution"" and Primary Author of the Bill of Rights BIOGRAPHICAL SUMMARY James Madison was a delegate to the Constitutional Convention, a member of the First ..."
5,Fifth Amendment,9,2,bill_of_rights_key_figures_0003,bill_of_rights_key_figures,Bill of Rights Key Figures,Compiled Research Notes,1787-1791,bill_of_rights,https://github.com/timothyhartzog/Usa-constitution-orginal/blob/main/docs/BILL_OF_RIGHTS_README.md,"1. OPPOSITION TO THE CONSTITUTION Henry was the principal opponent of the Constitution in Virginia's ratifying convention, arguing that the document contained insufficient protections for individual rights and granted too much power to a central government. 2. DEMAND FOR AMENDMENTS ..."
5,Fifth Amendment,10,2,hamilton_works_vol_5_0311,hamilton_works_vol_5,"The Works of Alexander Hamilton, Volume 5",Alexander Hamilton,1769-1804,founders_correspondence,https://archive.org/download/ofalexander05hamirich/ofalexander05hamirich_djvu.txt,"The Government of Great Britain, in consequence of this proceeding, passed ten different acts, the objects of which were to prevent the payment of those bills, and to secure the sums due for the benefit of the original creditors. These ..."
5,Fifth Amendment,11,2,hamilton_works_vol_8_0021,hamilton_works_vol_8,"The Works of Alexander Hamilton, Volume 8",Alexander Hamilton,1769-1804,founders_correspondence,https://archive.org/download/ofalexander08hamirich/ofalexander08hamirich_djvu.txt,"the Constitution, but by the law of the land or the judgment of his peers. Some gentlemen hold that the law of the land will include an act of the Legislature. But Lord Coke, that great luminary of the law, ..."
5,Fifth Amendment,12,2,hamilton_works_vol_8_0325,hamilton_works_vol_8,"The Works of Alexander Hamilton, Volume 8",Alexander Hamilton,1769-1804,founders_correspondence,https://archive.org/download/ofalexander08hamirich/ofalexander08hamirich_djvu.txt,"Indeed, war, in the modern system of it, offers but two options — credit or the devastation of private property. T is impossible merely with that portion of the income of the community which can be spared from the wants, ..."
5,Fifth Amendment,13,2,jefferson_writings_vol_4_0222,jefferson_writings_vol_4,"The Writings of Thomas Jefferson, Volume 4",Thomas Jefferson,1789-1793,founders_correspondence,https://www.gutenberg.org/cache/epub/53603/pg53603.txt,"TO JOHN F. MERCER, ESQ. MONTICELLO, September 5, 1797. DEAR SIR,--We have now with us our friend Monroe. He is engaged in stating his conduct for the information of the public. As yet, however, he has done little, being too ..."
5,Fifth Amendment,14,2,jefferson_writings_vol_8_0596,jefferson_writings_vol_8,"The Writings of Thomas Jefferson, Volume 8",Thomas Jefferson,1807-1815,founders_correspondence,https://www.gutenberg.org/cache/epub/56313/pg56313.txt,"opinion that the court has been in error in deciding the batture to be private property. On the 13th of November he again writes, 'I should be wanting in duty did I not earnestly recommend the subject of the batture ..."
5,Fifth Amendment,15,1,new_york_ratification_1788_0001,new_york_ratification_1788,New York Ratification and Circular Letter,New York Ratifying Convention,1788-07-26,anti_federalist,https://avalon.law.yale.edu/18th_century/ratny.asp,"That standing Armies in time of Peace are dangerous to Liberty, and ought not to be kept up, except in Cases of necessity; and that at all times, the Military should be under strict Subordination to the civil Power. That ..."
5,Fifth Amendment,16,1,new_york_ratification_1788_0002,new_york_ratification_1788,New York Ratification and Circular Letter,New York Ratifying Convention,1788-07-26,anti_federalist,https://avalon.law.yale.edu/18th_century/ratny.asp,"That (except in the Government of the Land and Naval Forces, and of the Militia when in actual Service, and in cases of Impeachment) a Presentment or Indictment by a Grand Jury ought to be observed as a necessary preliminary ..."
5,Fifth Amendment,17,1,henry_speeches_virginia_1788_0438,henry_speeches_virginia_1788,Patrick Henry — Speeches at the Virginia Ratifying Convention (June 1788),Patrick Henry,1788-06-04/1788-06-25,anti_federalist,https://avalon.law.yale.edu/18th_century/henry.asp,"What is there left to the state courts? Will any gentleman be pleased, candidly, fairly, and without sophistry, to show us what remains? There is no limitation. It goes to every thing. The inferior courts are to be as numerous ..."
5,Fifth Amendment,18,1,henry_speeches_virginia_1788_0449,henry_speeches_virginia_1788,Patrick Henry — Speeches at the Virginia Ratifying Convention (June 1788),Patrick Henry,1788-06-04/1788-06-25,anti_federalist,https://avalon.law.yale.edu/18th_century/henry.asp,"brought on thirty thousand of our people, with respect to disputed lands. I am personally endangered as an inhabitant of the Northern Neck. The people of that part will be obliged, by the operation of this power, to pay the ..."
5,Fifth Amendment,19,1,anti_federalist_positions_bill_of_rights_0001,anti_federalist_positions_bill_of_rights,Anti-Federalist Positions and Bill of Rights Influence,Various Anti-Federalist Writers,1787-1791,bill_of_rights,https://constitution.org/1-Constitution/afp/afp.htm,"Impact: The Brutus essays were widely read and influential in shaping Anti-Federalist thought. They provided intellectual ammunition for those demanding a bill of rights as a condition of ratification. OTHER ANTI-FEDERALIST PSEUDONYMS AND WRITERS ""The Federal Farmer"" - Letters emphasizing ..."
5,Fifth Amendment,20,1,anti_federalist_positions_bill_of_rights_0003,anti_federalist_positions_bill_of_rights,Anti-Federalist Positions and Bill of Rights Influence,Various Anti-Federalist Writers,1787-1791,bill_of_rights,https://constitution.org/1-Constitution/afp/afp.htm,2. FEDERAL STRUCTURE CHANGES Some Anti-Federalists wanted more fundamental changes to federal structure: - Direct election of senators - Limitation on re-election of the president - Greater restrictions on federal taxation power - Requirements for supermajorities on certain federal actions ...
5,Fifth Amendment,21,1,bill_of_rights_index_0000,bill_of_rights_index,Bill of Rights Index and Research Guide,Compiled Research Notes,1787-1791,bill_of_rights,https://github.com/timothyhartzog/Usa-constitution-orginal/blob/main/docs/BILL_OF_RIGHTS_README.md,"BILL OF RIGHTS COLLECTION INDEX Comprehensive Documentation for Research and RAG Building --- COLLECTION OVERVIEW This Bill of Rights collection provides comprehensive primary and secondary source materials documenting the historical development, debates, and ratification of the first ten amendments to ..."
5,Fifth Amendment,22,1,bill_of_rights_index_0001,bill_of_rights_index,Bill of Rights Index and Research Guide,Compiled Research Notes,1787-1791,bill_of_rights,https://github.com/timothyhartzog/Usa-constitution-orginal/blob/main/docs/BILL_OF_RIGHTS_README.md,4. CONGRESSIONAL_DEBATES_BILL_OF_RIGHTS_1789.TXT - Content Type: Secondary Source with Primary Document References - Date Range: June - September 1789 - Coverage: House and Senate debates and deliberations - Key Topics: * Madison's introduction and initial response * Opposition from Roger Sherman ...
5,Fifth Amendment,23,1,madison_speech_bill_of_rights_1789_06_08_0001,madison_speech_bill_of_rights_1789_06_08,James Madison's Speech Introducing Amendments to Congress,James Madison,1789-06-08,bill_of_rights,https://founders.archives.gov/documents/Madison/01-12-02-0126,"It will be proper, I think, to go on with this business immediately after the session opens. The public mind is wound up and agitated on this subject; and, so far as I can perceive, from the present correspondence with ..."
5,Fifth Amendment,24,1,jefferson_madison_correspondence_bill_of_rights_0001,jefferson_madison_correspondence_bill_of_rights,Jefferson-Madison Correspondence on the Bill of Rights,Thomas Jefferson and James Madison,1787-1789,bill_of_rights,https://founders.archives.gov/,"Madison's initial argument against a bill of rights was that such a document would be merely ""a parchment barrier"" providing no real protections. He believed that: 1. The enumeration of rights might be incomplete 2. Written protections could not guarantee ..."
5,Fifth Amendment,25,1,farrand_records_vol_1_0417,farrand_records_vol_1,"The Records of the Federal Convention of 1787, Volume 1",Max Farrand,1787-05-25/1787-07-26,farrands_records,https://archive.org/download/recordsfederalc00farrgoog/recordsfederalc00farrgoog_djvu.txt,"July 28, 1 788. Mr. Davie. Mr. Chairman, although treaties are mere con- ventional acts between the contracting parties, yet, by the law of nations, they are the supreme law of the land to their respective citizens or subjects. All ..."
5,Fifth Amendment,26,1,farrand_records_vol_1_0419,farrand_records_vol_1,"The Records of the Federal Convention of 1787, Volume 1",Max Farrand,1787-05-25/1787-07-26,farrands_records,https://archive.org/download/recordsfederalc00farrgoog/recordsfederalc00farrgoog_djvu.txt,... I have only to add the principle upon which the General Convention went — that the power of making treaties could no- where be so safely lodged as in the President and Senate; and the extreme jealousy subsisting between ...
5,Fifth Amendment,27,1,farrand_records_vol_1_0420,farrand_records_vol_1,"The Records of the Federal Convention of 1787, Volume 1",Max Farrand,1787-05-25/1787-07-26,farrands_records,https://archive.org/download/recordsfederalc00farrgoog/recordsfederalc00farrgoog_djvu.txt,"or intermeddled with in that situation, although its baneful tendency was obvious and undeniable. It was, however, effecting an impor- tant object to put bounds to this growing mischief. If the states had been compelled to sink the paper money ..."
5,Fifth Amendment,28,1,farrand_records_vol_1_0485,farrand_records_vol_1,"The Records of the Federal Convention of 1787, Volume 1",Max Farrand,1787-05-25/1787-07-26,farrands_records,https://archive.org/download/recordsfederalc00farrgoog/recordsfederalc00farrgoog_djvu.txt,"Luther Martin, [attorney for the defence]: . . . We have been told by an honorable Manager, (Mr. Campbell,) that the power of trying impeachments was lodged in the Senate with the most perfect propriety; for two reasons — the ..."
5,Fifth Amendment,29,1,farrand_records_vol_2_0419,farrand_records_vol_2,"The Records of the Federal Convention of 1787, Volume 2",Max Farrand,1787-07-27/1787-09-17,farrands_records,https://archive.org/download/recordsfederalc01farrgoog/recordsfederalc01farrgoog_djvu.txt,"July 28, 1788. Mr. Davie. Mr. Chairman, although treaties are mere con- ventional acts between the contracting parties, yet, by the law of nations, they are the supreme law of the land to their respective citizens or subjects. All civilized ..."
5,Fifth Amendment,30,1,farrand_records_vol_2_0421,farrand_records_vol_2,"The Records of the Federal Convention of 1787, Volume 2",Max Farrand,1787-07-27/1787-09-17,farrands_records,https://archive.org/download/recordsfederalc01farrgoog/recordsfederalc01farrgoog_djvu.txt,... I have only to add the principle upon which the General Convention went — that the power of making treaties could no- where be so safely lodged as in the President and Senate; and the extreme jealousy subsisting between ...
6,Sixth Amendment,1,6,bill_of_rights_original_text_1791_0000,bill_of_rights_original_text_1791,Bill of Rights - Original Text,United States Congress,1791-12-15,bill_of_rights,https://www.archives.gov/founding-docs/bill-of-rights-transcript,"THE BILL OF RIGHTS United States of America Ratified December 15, 1791 AMENDMENT I Congress shall make no law respecting an establishment of religion, or prohibiting the free exercise thereof; or abridging the freedom of speech, or of the press; ..."
6,Sixth Amendment,2,5,jefferson_writings_vol_9_0521,jefferson_writings_vol_9,"The Writings of Thomas Jefferson, Volume 9",Thomas Jefferson,1816-1826,founders_correspondence,https://www.gutenberg.org/cache/epub/56578/pg56578.txt,"6. _Resolved_, That the imprisonment of a person under the protection of the laws of this commonwealth, on his failure to obey the simple _order_ of the President to depart out of the United States, as is undertaken by said ..."
6,Sixth Amendment,3,2,washington_writings_vol_10_0427,washington_writings_vol_10,"The Writings of George Washington, Volume 10",George Washington,1745-1799,founders_correspondence,https://archive.org/download/georgefordworth10washrich/georgefordworth10washrich_djvu.txt,"The Patent, & thousands of Warrants are evi dences that the restrictions respecting military set tlers was taken off; but they do not ascertain the time. — My Patent, if I recollect right, was dated in July, 1774; — but ..."
6,Sixth Amendment,4,1,new_york_ratification_1788_0002,new_york_ratification_1788,New York Ratification and Circular Letter,New York Ratifying Convention,1788-07-26,anti_federalist,https://avalon.law.yale.edu/18th_century/ratny.asp,"That (except in the Government of the Land and Naval Forces, and of the Militia when in actual Service, and in cases of Impeachment) a Presentment or Indictment by a Grand Jury ought to be observed as a necessary preliminary ..."
6,Sixth Amendment,5,1,north_carolina_ratification_1789_0001,north_carolina_ratification_1789,North Carolina Ratification and Declaration of Rights,North Carolina Convention,1789-11-21,anti_federalist,https://avalon.law.yale.edu/18th_century/ratnc.asp,"6th. That elections of Representatives in the legislature ought to be free and frequent, and all men having sufficient evidence of permanent common interest with, and attachment to the community, ought to have the right of suffrage: and no aid, ..."
6,Sixth Amendment,6,1,henry_speeches_virginia_1788_0190,henry_speeches_virginia_1788,Patrick Henry — Speeches at the Virginia Ratifying Convention (June 1788),Patrick Henry,1788-06-04/1788-06-25,anti_federalist,https://avalon.law.yale.edu/18th_century/henry.asp,"which we are all in search of. In this state Constitution, to the executive you commit the sword; to the legislative you commit the purse, and every thing else, without any limitation. In both cases, the representative character is in ..."
6,Sixth Amendment,7,1,henry_speeches_virginia_1788_0409,henry_speeches_virginia_1788,Patrick Henry — Speeches at the Virginia Ratifying Convention (June 1788),Patrick Henry,1788-06-04/1788-06-25,anti_federalist,https://avalon.law.yale.edu/18th_century/henry.asp,"into business of human legislation. They may legislate, in criminal cases, from treason to the lowest offence — petty larceny. They may define crimes and prescribe punishments. In the definition of crimes, I trust they will be directed by what ..."
6,Sixth Amendment,8,1,henry_speeches_virginia_1788_0448,henry_speeches_virginia_1788,Patrick Henry — Speeches at the Virginia Ratifying Convention (June 1788),Patrick Henry,1788-06-04/1788-06-25,anti_federalist,https://avalon.law.yale.edu/18th_century/henry.asp,"that, in my opinion, they will have a contrary effect, and will utterly annihilate your state courts. Who are the court? The judges. It is a familiar distinction. We frequently speak of a court in contradistinction from a jury. I ..."
6,Sixth Amendment,9,1,henry_speeches_virginia_1788_0455,henry_speeches_virginia_1788,Patrick Henry — Speeches at the Virginia Ratifying Convention (June 1788),Patrick Henry,1788-06-04/1788-06-25,anti_federalist,https://avalon.law.yale.edu/18th_century/henry.asp,"as to law and fact."" Now, sir, what are we to understand by these words? What are the cases before mentioned? Cases of common law, as well as of equity and admiralty. I confess I was surprised to hear such ..."
6,Sixth Amendment,10,1,henry_speeches_virginia_1788_0463,henry_speeches_virginia_1788,Patrick Henry — Speeches at the Virginia Ratifying Convention (June 1788),Patrick Henry,1788-06-04/1788-06-25,anti_federalist,https://avalon.law.yale.edu/18th_century/henry.asp,"privilege. It is prostrated by that paper. Juries from the vicinage being not secured, this right is in reality sacrificed; All is gone. And why? Because a rebellion may arise. Resistance will come from certain countries, and juries will come ..."
6,Sixth Amendment,11,1,virginia_ratification_1788_0002,virginia_ratification_1788,Virginia Ratification and Recommended Amendments,Virginia Ratifying Convention,1788-06-26,anti_federalist,https://avalon.law.yale.edu/18th_century/ratva.asp,"of permanent common interest with and attachment to the Community ought to have the right of suffrage: and no aid, charge, tax or fee can be set, rated, or levied upon the people without their own consent, or that of ..."
6,Sixth Amendment,12,1,anti_federalist_positions_bill_of_rights_0002,anti_federalist_positions_bill_of_rights,Anti-Federalist Positions and Bill of Rights Influence,Various Anti-Federalist Writers,1787-1791,bill_of_rights,https://constitution.org/1-Constitution/afp/afp.htm,"""No person shall be compelled to render military service in person if conscientiously opposed to bearing arms; nor shall any person be compelled to pay a tax to support the worship of any religion opposite to their conscientious belief."" 2. ..."
6,Sixth Amendment,13,1,madison_letters_vol_1_0061,madison_letters_vol_1,"Letters and Other Writings of James Madison, Volume 1",James Madison,1769-1793,founders_correspondence,https://archive.org/download/lettersandotherw01madiiala/lettersandotherw01madiiala_djvu.txt,"5. That the legislative and executive powers of the State should be separate and distinct from the judicative; and that the members of the two first may be restrained from oppression by feeling and participating the burdens of the people, ..."
6,Sixth Amendment,14,1,washington_writings_vol_1_0408,washington_writings_vol_1,"The Writings of George Washington, Volume 1",George Washington,1745-1799,founders_correspondence,https://archive.org/download/georgefordworth01washrich/georgefordworth01washrich_djvu.txt,"If at any time or upon any occasion, you shou'd pay away money for contingent Expences, you are to take receipts for them, ascertaining the sum, & for what service paid ; and keep an exact accompt thereof, in order ..."
6,Sixth Amendment,15,1,jefferson_writings_vol_5_0184,jefferson_writings_vol_5,"The Writings of Thomas Jefferson, Volume 5",Thomas Jefferson,1793-1798,founders_correspondence,https://www.gutenberg.org/cache/epub/53767/pg53767.txt,"DEAR SIR,--I received yesterday your favor of the 11th. An error of the post office had occasioned the delay. Before an impartial jury, Burr's conduct would convict himself, were not one word of testimony to be offered against him. But ..."
6,Sixth Amendment,16,1,jefferson_writings_vol_8_0501,jefferson_writings_vol_8,"The Writings of Thomas Jefferson, Volume 8",Thomas Jefferson,1807-1815,founders_correspondence,https://www.gutenberg.org/cache/epub/56313/pg56313.txt,"The judgment of no inferior court shall be final, in any civil case, of greater value than fifty bushels of wheat, as last rated in the general court for setting the allowance to the members of the general assembly, nor ..."
7,Seventh Amendment,1,8,jefferson_writings_vol_6_0352,jefferson_writings_vol_6,"The Writings of Thomas Jefferson, Volume 6",Thomas Jefferson,1798-1802,founders_correspondence,https://www.gutenberg.org/cache/epub/55075/pg55075.txt,"to have been lost, it is incumbent on him to prove it to have existed, and what were its contents. These were so far alterations of the common law, and became themselves a part of it. But none of these ..."
7,Seventh Amendment,2,8,jefferson_writings_vol_9_0218,jefferson_writings_vol_9,"The Writings of Thomas Jefferson, Volume 9",Thomas Jefferson,1816-1826,founders_correspondence,https://www.gutenberg.org/cache/epub/56578/pg56578.txt,"March, 1800. Heretical doctrines maintained in Senate, on the motion against the Aurora. That there is in every legal body of men a right of self-preservation, authorizing them to do whatever is necessary for that purpose: by Tracy, Read, and ..."
7,Seventh Amendment,3,7,madison_letters_vol_4_0607,madison_letters_vol_4,"Letters and Other Writings of James Madison, Volume 4",James Madison,1829-1836,founders_correspondence,https://archive.org/download/lettersotherwrit04madi/lettersotherwrit04madi_djvu.txt,"Is the law to be different in every State as differently modified by its code, or are the modifications of any particular State to be applied to all ? And, on the latter supposition, which, among the State codes, would ..."
7,Seventh Amendment,4,7,jefferson_writings_vol_6_0351,jefferson_writings_vol_6,"The Writings of Thomas Jefferson, Volume 6",Thomas Jefferson,1798-1802,founders_correspondence,https://www.gutenberg.org/cache/epub/55075/pg55075.txt,"22. Authorities for what is common law may therefore be as well cited, as for any part of the Lex Scripta, and there is no better instance of the necessity of holding the judges and writers to a declaration of ..."
7,Seventh Amendment,5,7,jefferson_writings_vol_9_0542,jefferson_writings_vol_9,"The Writings of Thomas Jefferson, Volume 9",Thomas Jefferson,1816-1826,founders_correspondence,https://www.gutenberg.org/cache/epub/56578/pg56578.txt,"XLV. _Observations on the force and obligation of the common law in the United States, on the occasion of Hardin's case, in Kentucky. November 11th, 1812._ The _common law of England_ is that system of law which was established in ..."
7,Seventh Amendment,6,6,bill_of_rights_original_text_1791_0000,bill_of_rights_original_text_1791,Bill of Rights - Original Text,United States Congress,1791-12-15,bill_of_rights,https://www.archives.gov/founding-docs/bill-of-rights-transcript,"THE BILL OF RIGHTS United States of America Ratified December 15, 1791 AMENDMENT I Congress shall make no law respecting an establishment of religion, or prohibiting the free exercise thereof; or abridging the freedom of speech, or of the press; ..."
7,Seventh Amendment,7,6,federalist_lxxxv_0561,federalist_lxxxv,Federalist No. Lxxxv. Concluding Remarks,Alexander Hamilton,1787-10-27/1788-05-28,federalist_papers,https://www.gutenberg.org/cache/epub/18/pg18.txt,The great difference between the limits of the jury trial in different States is not generally understood; and as it must have considerable influence on the sentence we ought to pass upon the omission complained of in regard to this ...
7,Seventh Amendment,8,6,federalist_lxxxv_0565,federalist_lxxxv,Federalist No. Lxxxv. Concluding Remarks,Alexander Hamilton,1787-10-27/1788-05-28,federalist_papers,https://www.gutenberg.org/cache/epub/18/pg18.txt,"These appeared to be conclusive reasons against incorporating the systems of all the States, in the formation of the national judiciary, according to what may be conjectured to have been the attempt of the Pennsylvania minority. Let us now examine ..."
7,Seventh Amendment,9,6,madison_letters_vol_4_0603,madison_letters_vol_4,"Letters and Other Writings of James Madison, Volume 4",James Madison,1829-1836,founders_correspondence,https://archive.org/download/lettersotherwrit04madi/lettersotherwrit04madi_djvu.txt,"In the interval between the commencement of the Revolution and the final ratification of these Articles, the nature and extent of the Union was deter- mined by the circumstances of the crisis, rather than by any accurate delinea- tion of ..."
7,Seventh Amendment,10,6,jefferson_writings_vol_6_0068,jefferson_writings_vol_6,"The Writings of Thomas Jefferson, Volume 6",Thomas Jefferson,1798-1802,founders_correspondence,https://www.gutenberg.org/cache/epub/55075/pg55075.txt,"On the other subject of your letter, the application of the common law to our present situation, I deride with you the ordinary doctrine, that we brought with us from England the _common law rights_. This narrow notion was a ..."
7,Seventh Amendment,11,6,jefferson_writings_vol_6_0353,jefferson_writings_vol_6,"The Writings of Thomas Jefferson, Volume 6",Thomas Jefferson,1798-1802,founders_correspondence,https://www.gutenberg.org/cache/epub/55075/pg55075.txt,"Fleta and Britton, who wrote in the succeeding reign (of Edward I.), are equally silent. So also is Glanvil, an earlier writer than any of them, (viz.: temp. H. 2,) but his subject perhaps might not have led him to ..."
7,Seventh Amendment,12,5,henry_speeches_virginia_1788_0457,henry_speeches_virginia_1788,Patrick Henry — Speeches at the Virginia Ratifying Convention (June 1788),Patrick Henry,1788-06-04/1788-06-25,anti_federalist,https://avalon.law.yale.edu/18th_century/henry.asp,"in its present form. Could not precise terms have been used? You find, by the observations of the gentleman last up, that, when there is a plenitude of power, there is no difficulty; but when you come to a plain ..."
7,Seventh Amendment,13,5,farrand_records_vol_1_0137,farrand_records_vol_1,"The Records of the Federal Convention of 1787, Volume 1",Max Farrand,1787-05-25/1787-07-26,farrands_records,https://archive.org/download/recordsfederalc00farrgoog/recordsfederalc00farrgoog_djvu.txt,"intended, nor can it be supposed that in ordinary cases the inferior tribunals will not have final jurisdiction in order to prevent the evils of which he complains. The great mass of suits in every State lie between Citizen & ..."
7,Seventh Amendment,14,5,farrand_records_vol_2_0137,farrand_records_vol_2,"The Records of the Federal Convention of 1787, Volume 2",Max Farrand,1787-07-27/1787-09-17,farrands_records,https://archive.org/download/recordsfederalc01farrgoog/recordsfederalc01farrgoog_djvu.txt,"intended, nor can it be supposed that in ordinary cases the inferior tribunals will not have final jurisdiction in order to prevent the evils of which he complains. The great mass of suits in every State lie between Citizen & ..."
7,Seventh Amendment,15,5,farrand_records_vol_3_0137,farrand_records_vol_3,"The Records of the Federal Convention of 1787, Volume 3",Max Farrand,1787-02-21/1787-09-17,farrands_records,https://archive.org/download/in.ernet.dli.2015.58320/2015.58320.The-Records-Of-The-Federal-Convention-Of-1787-Volume-Iii_djvu.txt,"intended, nor can it be supposed that in ordinary cases the inferior tribunals will not have final jurisdiction in order to prevent the evils of which he complains. The great mass of suits in every State lie between Citizen & ..."
7,Seventh Amendment,16,5,hamilton_works_vol_4_0185,hamilton_works_vol_4,"The Works of Alexander Hamilton, Volume 4",Alexander Hamilton,1769-1804,founders_correspondence,https://archive.org/download/alexanderworksof04hamirich/alexanderworksof04hamirich_djvu.txt,"270 Alexander Hamilton be supposed, that instead of the mode of indictment and trial by jury, the Legislature was to declare, that every citizen who did not swear he had never adhered to the King of Great Britain, should incur ..."
7,Seventh Amendment,17,5,hamilton_works_vol_8_0311,hamilton_works_vol_8,"The Works of Alexander Hamilton, Volume 8",Alexander Hamilton,1769-1804,founders_correspondence,https://archive.org/download/ofalexander08hamirich/ofalexander08hamirich_djvu.txt,"What have the court done here? Applied moral law to constitutional principles, and thus the judges have confirmed this construction of the common law; and therefore, I say, by our Constitution it is said the truth may be given in ..."
7,Seventh Amendment,18,5,jefferson_writings_vol_4_0336,jefferson_writings_vol_4,"The Writings of Thomas Jefferson, Volume 4",Thomas Jefferson,1789-1793,founders_correspondence,https://www.gutenberg.org/cache/epub/53603/pg53603.txt,"declare a different doctrine in some resolutions. These met universal disapprobation in this, as well as the other States, and if I mistake not, a subsequent Assembly did something to do away the authority of their former unguarded resolutions. In ..."
7,Seventh Amendment,19,5,jefferson_writings_vol_4_0616,jefferson_writings_vol_4,"The Writings of Thomas Jefferson, Volume 4",Thomas Jefferson,1789-1793,founders_correspondence,https://www.gutenberg.org/cache/epub/53603/pg53603.txt,"DEAR SIR,--As we shall have to lay before Congress the proceedings of the British vessels at New York, it will be necessary for us to say to them with certainty which specific aggressions were committed within the common law, which ..."
7,Seventh Amendment,20,5,jefferson_writings_vol_5_0560,jefferson_writings_vol_5,"The Writings of Thomas Jefferson, Volume 5",Thomas Jefferson,1793-1798,founders_correspondence,https://www.gutenberg.org/cache/epub/53767/pg53767.txt,"At length, then, we have a chance of getting a republican majority in the Supreme Judiciary. For ten years has that branch braved the spirit and will of the nation, after the nation had manifested its will by a complete ..."
7,Seventh Amendment,21,5,jefferson_writings_vol_6_0349,jefferson_writings_vol_6,"The Writings of Thomas Jefferson, Volume 6",Thomas Jefferson,1798-1802,founders_correspondence,https://www.gutenberg.org/cache/epub/55075/pg55075.txt,"this false quotation into a maxim of the common law, expressing it in the very words of Finch, but citing Prisot, wing. max. 3. Next comes Sheppard, [in 1675,] who states it in the same words of Finch, and quotes ..."
7,Seventh Amendment,22,5,jefferson_writings_vol_7_0383,jefferson_writings_vol_7,"The Writings of Thomas Jefferson, Volume 7",Thomas Jefferson,1803-1807,founders_correspondence,https://www.gutenberg.org/cache/epub/56035/pg56035.txt,"credence."" And cites Prisot; mistranslating ""_ancien scripture_,"" into ""_holy scripture_."" Whereas Prisot palpably says, ""to such laws as those of holy church have in _ancient writing_, it is proper for us to give credence,"" to wit, to their _ancient written_ ..."
7,Seventh Amendment,23,5,jefferson_writings_vol_8_0664,jefferson_writings_vol_8,"The Writings of Thomas Jefferson, Volume 8",Thomas Jefferson,1807-1815,founders_correspondence,https://www.gutenberg.org/cache/epub/56313/pg56313.txt,"I have said that the marshal received an order, purporting to be an injunction. An authoritative injunction it could not be; because that is a Chancery process, and no Chancery jurisdiction has been given by any law to the superior ..."
7,Seventh Amendment,24,5,jefferson_writings_vol_8_0665,jefferson_writings_vol_8,"The Writings of Thomas Jefferson, Volume 8",Thomas Jefferson,1807-1815,founders_correspondence,https://www.gutenberg.org/cache/epub/56313/pg56313.txt,"common law ending where the chancery begins. The one authority is here given, and therefore they have it; the other is not given, and therefore they have it not. For they have no authority but that which is given by ..."
7,Seventh Amendment,25,5,jefferson_writings_vol_9_0610,jefferson_writings_vol_9,"The Writings of Thomas Jefferson, Volume 9",Thomas Jefferson,1816-1826,founders_correspondence,https://www.gutenberg.org/cache/epub/56578/pg56578.txt,"_Land._-- Vol. i.-- Colonial tenure of, 138. Vol. iv.-- Conveyances of, before Revolution, 371. _Lands, Public._-- Vol. i.-- Best disposition to be made of, 347. Ordinance in relation to, 407. Purchase of, by Congress, 423. Land office, 423, 430. Sales ..."
7,Seventh Amendment,26,4,henry_speeches_virginia_1788_0408,henry_speeches_virginia_1788,Patrick Henry — Speeches at the Virginia Ratifying Convention (June 1788),Patrick Henry,1788-06-04/1788-06-25,anti_federalist,https://avalon.law.yale.edu/18th_century/henry.asp,"bill of rights — without check, limitation, or control. And still you have checks and guards; still you keep barriers — pointed where? Pointed against your weakened, prostrated, enervated state government! You have a bill of rights to defend you ..."
7,Seventh Amendment,27,4,farrand_records_vol_1_0100,farrand_records_vol_1,"The Records of the Federal Convention of 1787, Volume 1",Max Farrand,1787-05-25/1787-07-26,farrands_records,https://archive.org/download/recordsfederalc00farrgoog/recordsfederalc00farrgoog_djvu.txt,"CXXV. James Wilson: Address to a Meeting of the Citizens OF Philadelphia on October 6, 1787.^ Another objection that has been fabricated against the new con- stitution, is expressed in this disingenuous form — "" the trial by jury is ..."
7,Seventh Amendment,28,4,farrand_records_vol_2_0100,farrand_records_vol_2,"The Records of the Federal Convention of 1787, Volume 2",Max Farrand,1787-07-27/1787-09-17,farrands_records,https://archive.org/download/recordsfederalc01farrgoog/recordsfederalc01farrgoog_djvu.txt,"CXXV. James Wilson: Address to a Meeting of the Citizens OF Philadelphia on October 6, 1787.^ Another objection that has been fabricated against the new con- stitution, is expressed in this disingenuous form — ""the trial by jury is abolished ..."
7,Seventh Amendment,29,4,farrand_records_vol_3_0100,farrand_records_vol_3,"The Records of the Federal Convention of 1787, Volume 3",Max Farrand,1787-02-21/1787-09-17,farrands_records,https://archive.org/download/in.ernet.dli.2015.58320/2015.58320.The-Records-Of-The-Federal-Convention-Of-1787-Volume-Iii_djvu.txt,"CXXV. James Wilson: Address to a Meeting of the Citizens of Philadelphia on October 6, 1787. 1 Another objection that has been fabricated against the new con- stitution, is expressed in this disingenuous form — “the trial by jury is ..."
7,Seventh Amendment,30,4,federalist_lxxxv_0553,federalist_lxxxv,Federalist No. Lxxxv. Concluding Remarks,Alexander Hamilton,1787-10-27/1788-05-28,federalist_papers,https://www.gutenberg.org/cache/epub/18/pg18.txt,"The objection to the plan of the convention, which has met with most success in this State, and perhaps in several of the other States, is THAT RELATIVE TO THE WANT OF A CONSTITUTIONAL PROVISION for the trial by jury ..."
8,Eighth Amendment,1,7,henry_speeches_virginia_1788_0409,henry_speeches_virginia_1788,Patrick Henry — Speeches at the Virginia Ratifying Convention (June 1788),Patrick Henry,1788-06-04/1788-06-25,anti_federalist,https://avalon.law.yale.edu/18th_century/henry.asp,"into business of human legislation. They may legislate, in criminal cases, from treason to the lowest offence — petty larceny. They may define crimes and prescribe punishments. In the definition of crimes, I trust they will be directed by what ..."
8,Eighth Amendment,2,5,jefferson_writings_vol_1_0177,jefferson_writings_vol_1,"The Writings of Thomas Jefferson, Volume 1",Thomas Jefferson,1760-1776,founders_correspondence,https://www.gutenberg.org/cache/epub/45847/pg45847.txt,"I have heard little of the proceedings of the Assembly, and do not expect to be with you till about the close of the month. In the meantime, present me respectfully to Mrs. Wythe, and accept assurances of the affectionate ..."
8,Eighth Amendment,3,4,north_carolina_ratification_1789_0001,north_carolina_ratification_1789,North Carolina Ratification and Declaration of Rights,North Carolina Convention,1789-11-21,anti_federalist,https://avalon.law.yale.edu/18th_century/ratnc.asp,"6th. That elections of Representatives in the legislature ought to be free and frequent, and all men having sufficient evidence of permanent common interest with, and attachment to the community, ought to have the right of suffrage: and no aid, ..."
8,Eighth Amendment,4,4,henry_speeches_virginia_1788_0410,henry_speeches_virginia_1788,Patrick Henry — Speeches at the Virginia Ratifying Convention (June 1788),Patrick Henry,1788-06-04/1788-06-25,anti_federalist,https://avalon.law.yale.edu/18th_century/henry.asp,"sufficient if the jurors came from the same county. With less than this the people of England have never been satisfied. That paper ought to have declared the common law in force. In this business of legislation, your members of ..."
8,Eighth Amendment,5,4,virginia_ratification_1788_0003,virginia_ratification_1788,Virginia Ratification and Recommended Amendments,Virginia Ratifying Convention,1788-06-26,anti_federalist,https://avalon.law.yale.edu/18th_century/ratva.asp,"between man and man, the ancient trial by Jury is one of the greatest Securities to the rights of the people, and ought to remain sacred and inviolable. Twelfth. That every freeman ought to find a certain remedy by recourse ..."
8,Eighth Amendment,6,4,bill_of_rights_original_text_1791_0001,bill_of_rights_original_text_1791,Bill of Rights - Original Text,United States Congress,1791-12-15,bill_of_rights,https://www.archives.gov/founding-docs/bill-of-rights-transcript,"AMENDMENT VIII Excessive bail shall not be required, nor excessive fines imposed, nor cruel and unusual punishments inflicted. AMENDMENT IX The enumeration in the Constitution, of certain rights, shall not be construed to deny or disparage others retained by the ..."
8,Eighth Amendment,7,3,new_york_ratification_1788_0001,new_york_ratification_1788,New York Ratification and Circular Letter,New York Ratifying Convention,1788-07-26,anti_federalist,https://avalon.law.yale.edu/18th_century/ratny.asp,"That standing Armies in time of Peace are dangerous to Liberty, and ought not to be kept up, except in Cases of necessity; and that at all times, the Military should be under strict Subordination to the civil Power. That ..."
8,Eighth Amendment,8,3,madison_letters_vol_1_0061,madison_letters_vol_1,"Letters and Other Writings of James Madison, Volume 1",James Madison,1769-1793,founders_correspondence,https://archive.org/download/lettersandotherw01madiiala/lettersandotherw01madiiala_djvu.txt,"5. That the legislative and executive powers of the State should be separate and distinct from the judicative; and that the members of the two first may be restrained from oppression by feeling and participating the burdens of the people, ..."
8,Eighth Amendment,9,3,washington_writings_vol_6_0321,washington_writings_vol_6,"The Writings of George Washington, Volume 6",George Washington,1745-1799,founders_correspondence,https://archive.org/download/georgefordworth06washrich/georgefordworth06washrich_djvu.txt,"Several new regulations will, I imagine be found useful in the articles of war ; which the Judge Advo- cate, from his official experience of the deficiency, can more accurately indicate. One thing we have suffered much from, is the ..."
8,Eighth Amendment,10,3,jefferson_writings_vol_9_0293,jefferson_writings_vol_9,"The Writings of Thomas Jefferson, Volume 9",Thomas Jefferson,1816-1826,founders_correspondence,https://www.gutenberg.org/cache/epub/56578/pg56578.txt,"Ibid. ""Mal-aisé d'indiquer la nuance precise,"" &c. In forming a scale of crimes and punishments, two considerations have principal weight. 1. The atrocity of the crime. 2. The peculiar circumstances of a country, which furnish greater temptations to commit it, ..."
8,Eighth Amendment,11,2,henry_speeches_virginia_1788_0340,henry_speeches_virginia_1788,Patrick Henry — Speeches at the Virginia Ratifying Convention (June 1788),Patrick Henry,1788-06-04/1788-06-25,anti_federalist,https://avalon.law.yale.edu/18th_century/henry.asp,"there was not a member in the federal Convention, who did not feel indignation at such an institution. What remedy, then, could be provided? Leave the country defenceless? In order to provide for our defence, and exclude the dangers of ..."
8,Eighth Amendment,12,2,henry_speeches_virginia_1788_0356,henry_speeches_virginia_1788,Patrick Henry — Speeches at the Virginia Ratifying Convention (June 1788),Patrick Henry,1788-06-04/1788-06-25,anti_federalist,https://avalon.law.yale.edu/18th_century/henry.asp,laws for this state. The honorable gentleman said that the militia should be called forth to quell riots. Have we not seen this business go on very well to-day without military force? It is a long-established principle of the common ...
8,Eighth Amendment,13,2,henry_speeches_virginia_1788_0360,henry_speeches_virginia_1788,Patrick Henry — Speeches at the Virginia Ratifying Convention (June 1788),Patrick Henry,1788-06-04/1788-06-25,anti_federalist,https://avalon.law.yale.edu/18th_century/henry.asp,"proves the contrary. There never was a government without force. What is the meaning of government? An institution to make people do their duty. A government leaving it to a man to do his duty or not, as he pleases, ..."
8,Eighth Amendment,14,2,henry_speeches_virginia_1788_0362,henry_speeches_virginia_1788,Patrick Henry — Speeches at the Virginia Ratifying Convention (June 1788),Patrick Henry,1788-06-04/1788-06-25,anti_federalist,https://avalon.law.yale.edu/18th_century/henry.asp,"the state governments more effectually by insidious, underhanded means, than such as could be openly practised. This, said he, is the opinion of many worthy men, not only in this Convention, but in all parts of America. These laws could ..."
8,Eighth Amendment,15,2,henry_speeches_virginia_1788_0365,henry_speeches_virginia_1788,Patrick Henry — Speeches at the Virginia Ratifying Convention (June 1788),Patrick Henry,1788-06-04/1788-06-25,anti_federalist,https://avalon.law.yale.edu/18th_century/henry.asp,"GRAYSON, in reply to Mr. Corbin, said he was mistaken when he produced the 4th section of the 4th article, to prove that the state governments had a right to intermeddle with the militia. He was of opinion that a ..."
8,Eighth Amendment,16,2,henry_speeches_virginia_1788_0366,henry_speeches_virginia_1788,Patrick Henry — Speeches at the Virginia Ratifying Convention (June 1788),Patrick Henry,1788-06-04/1788-06-25,anti_federalist,https://avalon.law.yale.edu/18th_century/henry.asp,"them, and inflicting punishments for disobedience, neglect, &c. Whether it would be the spirit of the generality to lay unusual punishments, he knew not; but he thought they had the power, if they thought proper to exercise it. He thought ..."
8,Eighth Amendment,17,2,henry_speeches_virginia_1788_0377,henry_speeches_virginia_1788,Patrick Henry — Speeches at the Virginia Ratifying Convention (June 1788),Patrick Henry,1788-06-04/1788-06-25,anti_federalist,https://avalon.law.yale.edu/18th_century/henry.asp,"and consume our time in verbal criticism, we shall never put an end to the business. Mr. GEORGE MASON. Mr. Chairman, a worthy member has asked who are the militia, if they be not the people of this country, and ..."
8,Eighth Amendment,18,2,henry_speeches_virginia_1788_0416,henry_speeches_virginia_1788,Patrick Henry — Speeches at the Virginia Ratifying Convention (June 1788),Patrick Henry,1788-06-04/1788-06-25,anti_federalist,https://avalon.law.yale.edu/18th_century/henry.asp,"it on this ground solely. Is there another reason? He said that it is not only the general wish of this state, but all the states, to have a bill of rights. If it be so, where is the difficulty ..."
8,Eighth Amendment,19,2,madison_letters_vol_1_0015,madison_letters_vol_1,"Letters and Other Writings of James Madison, Volume 1",James Madison,1769-1793,founders_correspondence,https://archive.org/download/lettersandotherw01madiiala/lettersandotherw01madiiala_djvu.txt,"Attempt to repeal the Port bill. Mason. British debts. Public ap- pointments. Bland. Prentis. Ex-Speaker Harrison. E. Randolph elected Governor. His competitors, Bland and R. H. Lee. Delega- tion to Congress. H. Lee reinstated. Vacancy in the council. Boiling Starke. ..."
8,Eighth Amendment,20,2,madison_letters_vol_3_0387,madison_letters_vol_3,"Letters and Other Writings of James Madison, Volume 3",James Madison,1816-1828,founders_correspondence,https://archive.org/download/lettersotherwrit03madi/lettersotherwrit03madi_djvu.txt,"of capital punishments by any State willing to make it, though I do not see the injustice of such punishments, in one case at least. But it is not my purpose to enter into the important dis- cussion; nor do ..."
8,Eighth Amendment,21,2,hamilton_works_vol_9_0040,hamilton_works_vol_9,"The Works of Alexander Hamilton, Volume 9",Alexander Hamilton,1769-1804,founders_correspondence,https://archive.org/download/ofalexander09hamirich/ofalexander09hamirich_djvu.txt,"evidence, and are of a pretty deep dye. The appre hending innocent persons, or those whose offences are of so slender a nature as to make it prudent to dis miss them, furnishes an occasion of triumph, and a foundation ..."
8,Eighth Amendment,22,2,washington_writings_vol_1_0185,washington_writings_vol_1,"The Writings of George Washington, Volume 1",George Washington,1745-1799,founders_correspondence,https://archive.org/download/georgefordworth01washrich/georgefordworth01washrich_djvu.txt,"a law to enforce the military law in all its parts,1 that I must, with great regret, decline the honour that has been so generously intended me, and for this only reason I do it — the foreknowledge 1 have ..."
8,Eighth Amendment,23,2,washington_writings_vol_9_0124,washington_writings_vol_9,"The Writings of George Washington, Volume 9",George Washington,1745-1799,founders_correspondence,https://archive.org/download/georgefordworth09washrich/georgefordworth09washrich_djvu.txt,"There is one evil, however, which I shall particu- larize, resulting from the imperfection of our regula- tions in this respect. It is the increase of arbitrary punishments. Officers, finding discipline cannot be maintained by a regular course of proceeding, ..."
8,Eighth Amendment,24,2,jefferson_writings_vol_1_0054,jefferson_writings_vol_1,"The Writings of Thomas Jefferson, Volume 1",Thomas Jefferson,1760-1776,founders_correspondence,https://www.gutenberg.org/cache/epub/45847/pg45847.txt,"Beccaria, and other writers on crimes and punishments, had satisfied the reasonable world of the unrightfulness and inefficacy of the punishment of crimes by death; and hard labor on roads, canals and other public works, had been suggested as a ..."
8,Eighth Amendment,25,2,jefferson_writings_vol_1_0176,jefferson_writings_vol_1,"The Writings of Thomas Jefferson, Volume 1",Thomas Jefferson,1760-1776,founders_correspondence,https://www.gutenberg.org/cache/epub/45847/pg45847.txt,"I have got through the bill for ""proportioning crimes and punishments in cases heretofore capital,"" and now enclose it to you with a request that you will be so good, as scrupulously to examine and correct it, that it may ..."
8,Eighth Amendment,26,2,jefferson_writings_vol_1_0179,jefferson_writings_vol_1,"The Writings of Thomas Jefferson, Volume 1",Thomas Jefferson,1760-1776,founders_correspondence,https://www.gutenberg.org/cache/epub/45847/pg45847.txt,"And where persons, meaning to commit a trespass[43] only, or larceny, or other unlawful deed, and doing an act from which involuntary homicide hath ensued, have heretofore been adjudged guilty of manslaughter, or of murder, by transferring such their unlawful ..."
8,Eighth Amendment,27,1,mason_objections_1787_0002,mason_objections_1787,George Mason — Objections to this Constitution of Government,George Mason,1787-09-16,anti_federalist,https://founders.archives.gov/documents/Mason/04-01-02-0277,"United States has the unrestrained power of granting pardons for treason, which may be sometimes exercised to screen from punishment those whom he had secretly instigated to commit the crime, and thereby prevent a discovery of his own guilt. By ..."
8,Eighth Amendment,28,1,north_carolina_ratification_1789_0004,north_carolina_ratification_1789,North Carolina Ratification and Declaration of Rights,North Carolina Convention,1789-11-21,anti_federalist,https://avalon.law.yale.edu/18th_century/ratnc.asp,"XI. That each state, respectively, shall have the power to provide for organizing, arming and disciplining its own militia whensoever Congress shall omit or neglect to provide for the same. That the militia shall not be subject to martial law, ..."
8,Eighth Amendment,29,1,henry_speeches_virginia_1788_0341,henry_speeches_virginia_1788,Patrick Henry — Speeches at the Virginia Ratifying Convention (June 1788),Patrick Henry,1788-06-04/1788-06-25,anti_federalist,https://avalon.law.yale.edu/18th_century/henry.asp,"and every other part of the Constitution, was left to those who were to govern. If so, he asked if Congress could not inflict the most ignominious punishments on the most worthy citizens of the community. Would freemen submit to ..."
8,Eighth Amendment,30,1,henry_speeches_virginia_1788_0348,henry_speeches_virginia_1788,Patrick Henry — Speeches at the Virginia Ratifying Convention (June 1788),Patrick Henry,1788-06-04/1788-06-25,anti_federalist,https://avalon.law.yale.edu/18th_century/henry.asp,"civil power, and that a military officer is to be substituted for the sheriff in all cases. This unwarrantable objection is urged, like many others, to produce the rejection of this government, though contrary to reason. What is the meaning ..."
9,Ninth Amendment,1,5,federalist_lxxxv_0289,federalist_lxxxv,Federalist No. Lxxxv. Concluding Remarks,Alexander Hamilton,1787-10-27/1788-05-28,federalist_papers,https://www.gutenberg.org/cache/epub/18/pg18.txt,"Had they attempted to enumerate the particular powers or means not necessary or proper for carrying the general powers into execution, the task would have been no less chimerical; and would have been liable to this further objection, that every ..."
9,Ninth Amendment,2,5,hamilton_works_vol_11_0306,hamilton_works_vol_11,"The Works of Alexander Hamilton, Volume 11",Alexander Hamilton,1769-1804,founders_correspondence,https://archive.org/download/alexanderworksof11hamirich/alexanderworksof11hamirich_djvu.txt,"adopting the second article of Confederation, it is evident that the new Congress would be continually exposed, as their predecessors have been, to the alternative of construing the term ""expressly"" with so much rigor, as to disarm the government of ..."
9,Ninth Amendment,3,5,hamilton_works_vol_3_0327,hamilton_works_vol_3,"The Works of Alexander Hamilton, Volume 3",Alexander Hamilton,1769-1804,founders_correspondence,https://archive.org/download/alexanderworksof03hamirich/alexanderworksof03hamirich_djvu.txt,"power to erect corporations in all cases. A par ticular legislative power implies authority to erect corporations in relation to cases arising under that power only. Hence the affirming that, as incident to sovereign power, Congress may erect a corporation ..."
9,Ninth Amendment,4,5,jefferson_writings_vol_9_0304,jefferson_writings_vol_9,"The Writings of Thomas Jefferson, Volume 9",Thomas Jefferson,1816-1826,founders_correspondence,https://www.gutenberg.org/cache/epub/56578/pg56578.txt,"Still, however, Congress refused to give the enumeration the sanction of a place on their journals, because it was not formed on such evidence as a strict attention to accuracy and truth required. They used it from necessity, because they ..."
9,Ninth Amendment,5,4,bill_of_rights_original_text_1791_0001,bill_of_rights_original_text_1791,Bill of Rights - Original Text,United States Congress,1791-12-15,bill_of_rights,https://www.archives.gov/founding-docs/bill-of-rights-transcript,"AMENDMENT VIII Excessive bail shall not be required, nor excessive fines imposed, nor cruel and unusual punishments inflicted. AMENDMENT IX The enumeration in the Constitution, of certain rights, shall not be construed to deny or disparage others retained by the ..."
9,Ninth Amendment,6,3,federalist_lxxxv_0258,federalist_lxxxv,Federalist No. Lxxxv. Concluding Remarks,Alexander Hamilton,1787-10-27/1788-05-28,federalist_papers,https://www.gutenberg.org/cache/epub/18/pg18.txt,"and general welfare of the United States,” amounts to an unlimited commission to exercise every power which may be alleged to be necessary for the common defense or general welfare. No stronger proof could be given of the distress under ..."
9,Ninth Amendment,7,2,henry_speeches_virginia_1788_0514,henry_speeches_virginia_1788,Patrick Henry — Speeches at the Virginia Ratifying Convention (June 1788),Patrick Henry,1788-06-04/1788-06-25,anti_federalist,https://avalon.law.yale.edu/18th_century/henry.asp,"you, Mr. Chairman, and this committee, what occurred to me as proper amendments to the Constitution, and a declaration of rights containing those fundamental, unalienable privileges, which I conceive to be essential to liberty and happiness. I believe that, on ..."
9,Ninth Amendment,8,2,henry_speeches_virginia_1788_0554,henry_speeches_virginia_1788,Patrick Henry — Speeches at the Virginia Ratifying Convention (June 1788),Patrick Henry,1788-06-04/1788-06-25,anti_federalist,https://avalon.law.yale.edu/18th_century/henry.asp,"amendments are but another name. The gentlemen in opposition {620} seem to insist on those amendments, as if they were all necessary for the liberty and happiness of the people. Were I to hazard an opinion on the subject, I ..."
9,Ninth Amendment,9,2,henry_speeches_virginia_1788_0564,henry_speeches_virginia_1788,Patrick Henry — Speeches at the Virginia Ratifying Convention (June 1788),Patrick Henry,1788-06-04/1788-06-25,anti_federalist,https://avalon.law.yale.edu/18th_century/henry.asp,"but unless I see such amendments, one way or the other, introduced, as will secure the happiness of the people, and prevent their privileges from being endangered, I must, though much against my inclination, vote against this Constitution. Mr. MADISON ..."
9,Ninth Amendment,10,2,jefferson_madison_correspondence_bill_of_rights_0001,jefferson_madison_correspondence_bill_of_rights,Jefferson-Madison Correspondence on the Bill of Rights,Thomas Jefferson and James Madison,1787-1789,bill_of_rights,https://founders.archives.gov/,"Madison's initial argument against a bill of rights was that such a document would be merely ""a parchment barrier"" providing no real protections. He believed that: 1. The enumeration of rights might be incomplete 2. Written protections could not guarantee ..."
9,Ninth Amendment,11,2,us_constitution_1787_article_1_0000,us_constitution_1787_article_1,Constitution of the United States - Article 1,Constitutional Convention,1787-09-17,constitution,https://www.gutenberg.org/cache/epub/5/pg5.txt,"Article 1 Section 1. All legislative Powers herein granted shall be vested in a Congress of the United States, which shall consist of a Senate and House of Representatives. Section 2. The House of Representatives shall be composed of Members ..."
9,Ninth Amendment,12,2,farrand_records_vol_1_0734,farrand_records_vol_1,"The Records of the Federal Convention of 1787, Volume 1",Max Farrand,1787-05-25/1787-07-26,farrands_records,https://archive.org/download/recordsfederalc00farrgoog/recordsfederalc00farrgoog_djvu.txt,"[Qause 3]. Representatives and direct Taxes shall be apportioned among the several States . . . according to their respective Numbers, which shall be determined by adding to the whole Number of free Persons . . . three fifths of ..."
9,Ninth Amendment,13,2,farrand_records_vol_2_0739,farrand_records_vol_2,"The Records of the Federal Convention of 1787, Volume 2",Max Farrand,1787-07-27/1787-09-17,farrands_records,https://archive.org/download/recordsfederalc01farrgoog/recordsfederalc01farrgoog_djvu.txt,"[Cause 3]. Representatives and direct Taxes shall be apportioned among the several States . . . according to their respective Numbers, which shall be determined by adding to the whole Number of free Persons . . . three fifths of ..."
9,Ninth Amendment,14,2,federalist_lxxxv_0287,federalist_lxxxv,Federalist No. Lxxxv. Concluding Remarks,Alexander Hamilton,1787-10-27/1788-05-28,federalist_papers,https://www.gutenberg.org/cache/epub/18/pg18.txt,"The remaining particulars of this clause fall within reasonings which are either so obvious, or have been so fully developed, that they may be passed over without remark. The SIXTH and last class consists of the several powers and provisions ..."
9,Ninth Amendment,15,2,madison_letters_vol_4_0569,madison_letters_vol_4,"Letters and Other Writings of James Madison, Volume 4",James Madison,1829-1836,founders_correspondence,https://archive.org/download/lettersotherwrit04madi/lettersotherwrit04madi_djvu.txt,"For the honor of American understanding, we will not believe that the peo- ple have been allured into the adoption of the Constitution by an affectation of defining powers, whilst the preamble would admit a constructioii which would erect the ..."
9,Ninth Amendment,16,2,madison_letters_vol_4_0585,madison_letters_vol_4,"Letters and Other Writings of James Madison, Volume 4",James Madison,1829-1836,founders_correspondence,https://archive.org/download/lettersotherwrit04madi/lettersotherwrit04madi_djvu.txt,"To these indications might be added, without looking further, the official Re- port on Manufactures, by the late Secretary of the Treasury, made on the 5th of December, 1791, and the Report of a Committee of Congress, in January, 1797, ..."
9,Ninth Amendment,17,2,hamilton_works_vol_11_0007,hamilton_works_vol_11,"The Works of Alexander Hamilton, Volume 11",Alexander Hamilton,1769-1804,founders_correspondence,https://archive.org/download/alexanderworksof11hamirich/alexanderworksof11hamirich_djvu.txt,Miscellaneous powers — Copyrights and patents — The Federal city — Punishment of treason — Admission of new States — Government of territories and control of public property — Guaranty to every State of a republican form of government — ...
9,Ninth Amendment,18,2,hamilton_works_vol_11_0283,hamilton_works_vol_11,"The Works of Alexander Hamilton, Volume 11",Alexander Hamilton,1769-1804,founders_correspondence,https://archive.org/download/alexanderworksof11hamirich/alexanderworksof11hamirich_djvu.txt,"Had no other enumeration or definition of the powers of the Congress been found in the Constitu tion, than the general expressions just cited, the au thors of the objection might have had some color for it; though it would ..."
9,Ninth Amendment,19,2,hamilton_works_vol_11_0305,hamilton_works_vol_11,"The Works of Alexander Hamilton, Volume 11",Alexander Hamilton,1769-1804,founders_correspondence,https://archive.org/download/alexanderworksof11hamirich/alexanderworksof11hamirich_djvu.txt,"The restraint on the power of the States over im ports and exports is enforced by all the arguments which prove the necessity of submitting the regula tion of trade to the federal councils. It is needless, therefore, to remark ..."
9,Ninth Amendment,20,2,hamilton_works_vol_3_0328,hamilton_works_vol_3,"The Works of Alexander Hamilton, Volume 3",Alexander Hamilton,1769-1804,founders_correspondence,https://archive.org/download/alexanderworksof03hamirich/alexanderworksof03hamirich_djvu.txt,"The idea of a stipulation of an interest or no in terest is too confined. It should rather have been said, to stipulate the consideration of the loan. In dividuals often borrow on considerations other than the payment of interest; ..."
9,Ninth Amendment,21,2,hamilton_works_vol_4_0088,hamilton_works_vol_4,"The Works of Alexander Hamilton, Volume 4",Alexander Hamilton,1769-1804,founders_correspondence,https://archive.org/download/alexanderworksof04hamirich/alexanderworksof04hamirich_djvu.txt,"Neither does the above enumeration comprehend all the articles that are manufactured, as regular trades. Many others occur, which are equally well established, but which, not being of equal impor tance, have been omitted. And there are many attempts, still ..."
9,Ninth Amendment,22,2,jefferson_writings_vol_6_0617,jefferson_writings_vol_6,"The Writings of Thomas Jefferson, Volume 6",Thomas Jefferson,1798-1802,founders_correspondence,https://www.gutenberg.org/cache/epub/55075/pg55075.txt,"You ask me for observations on the memorandum you transcribe, relating to a map of the States, a mineralogical survey and statistical tables. The field is very broad, and new to me. I have never turned my mind to this ..."
9,Ninth Amendment,23,2,jefferson_writings_vol_7_0583,jefferson_writings_vol_7,"The Writings of Thomas Jefferson, Volume 7",Thomas Jefferson,1803-1807,founders_correspondence,https://www.gutenberg.org/cache/epub/56035/pg56035.txt,"3. To ""regulate commerce with foreign nations, and among the States, and with the Indian tribes."" To erect a bank, and to regulate commerce, are very different acts. He who erects a bank, creates a subject of commerce in its ..."
9,Ninth Amendment,24,2,jefferson_writings_vol_9_0302,jefferson_writings_vol_9,"The Writings of Thomas Jefferson, Volume 9",Thomas Jefferson,1816-1826,founders_correspondence,https://www.gutenberg.org/cache/epub/56578/pg56578.txt,"Georgia having not yet acceded to the measures of the other States, was not quotaed; but her numbers were generally estimated at about thirty thousand, and so would have made the whole two million four hundred and forty-eight thousand persons, ..."
9,Ninth Amendment,25,2,madison_debates_1787_07_17_0001,madison_debates_1787_07_17,"Madison Debates - July 17, 1787",James Madison,1787-07-17,madisons_notes,https://avalon.law.yale.edu/18th_century/debates_717.asp,"Mr. Govr. MORRIS opposed it. The internal police, as it would be called & understood by the States ought to be infringed in many cases, as in the case of paper money & other tricks by which Citizens of other ..."
9,Ninth Amendment,26,2,madison_debates_complete_avalon_0567,madison_debates_complete_avalon,Madison Debates Complete Avalon Collection,James Madison,1787-05-14/1787-09-17,madisons_notes,https://avalon.law.yale.edu/subject_menus/debcont.asp,"of South Carolina, and the interest the weak Southn. States had in being united with the strong Eastern States, he thought it proper that no fetters should be imposed on the power of making commercial regulations; and that his constituents ..."
9,Ninth Amendment,27,2,madison_debates_complete_avalon_0635,madison_debates_complete_avalon,Madison Debates Complete Avalon Collection,James Madison,1787-05-14/1787-09-17,madisons_notes,https://avalon.law.yale.edu/subject_menus/debcont.asp,"Representatives and direct taxes shall be apportioned among the several states which may be included within this Union, according to their respective numbers, which shall be determined by adding to the whole number of free persons, including those bound to ..."
9,Ninth Amendment,28,1,new_york_ratification_1788_0005,new_york_ratification_1788,New York Ratification and Circular Letter,New York Ratifying Convention,1788-07-26,anti_federalist,https://avalon.law.yale.edu/18th_century/ratny.asp,"AND the Convention do in the Name and Behalf of the People of the State of New York enjoin it upon their Representatives in the Congress, to Exert all their Influence, and use all reasonable means to Obtain a Ratification ..."
9,Ninth Amendment,29,1,north_carolina_ratification_1789_0003,north_carolina_ratification_1789,North Carolina Ratification and Declaration of Rights,North Carolina Convention,1789-11-21,anti_federalist,https://avalon.law.yale.edu/18th_century/ratnc.asp,"II. That there shall be one representative for every 30.000, according to the enumeration or census, mentioned in the constitution , until the whole number of representatives amounts to two hundred; after which, that number shall be continued or increased, ..."
9,Ninth Amendment,30,1,henry_speeches_virginia_1788_0000,henry_speeches_virginia_1788,Patrick Henry — Speeches at the Virginia Ratifying Convention (June 1788),Patrick Henry,1788-06-04/1788-06-25,anti_federalist,https://avalon.law.yale.edu/18th_century/henry.asp,"Speeches of Patrick Henry Speeches of Patrick Henry In the Virginia Ratifying Convention Thursday, June 5, 1788, Dangerous ambiguities Saturday, June 7, 1788, Legitimate government Monday, June 9, 1788, Dangers Thursday, June 12, 1788, Amendments needed Friday, June 13, 1788, ..."
10,Tenth Amendment,1,7,jefferson_writings_vol_9_0519,jefferson_writings_vol_9,"The Writings of Thomas Jefferson, Volume 9",Thomas Jefferson,1816-1826,founders_correspondence,https://www.gutenberg.org/cache/epub/56578/pg56578.txt,"3. _Resolved_, That it is true as a general principle, and is also expressly declared by one of the amendments to the Constitution, that ""the powers not delegated to the United States by the Constitution, nor prohibited by it to ..."
10,Tenth Amendment,2,7,jefferson_writings_vol_9_0520,jefferson_writings_vol_9,"The Writings of Thomas Jefferson, Volume 9",Thomas Jefferson,1816-1826,founders_correspondence,https://www.gutenberg.org/cache/epub/56578/pg56578.txt,"4. _Resolved_, That alien friends are under the jurisdiction and protection of the laws of the State wherein they are: that no power over them has been delegated to the United States, nor prohibited to the individual States, distinct from ..."
10,Tenth Amendment,3,6,jefferson_writings_vol_9_0518,jefferson_writings_vol_9,"The Writings of Thomas Jefferson, Volume 9",Thomas Jefferson,1816-1826,founders_correspondence,https://www.gutenberg.org/cache/epub/56578/pg56578.txt,"2. _Resolved_, That the Constitution of the United States, having delegated to Congress a power to punish treason, counterfeiting the securities and current coin of the United States, piracies, and felonies committed on the high seas, and offences against the ..."
10,Tenth Amendment,4,5,bill_of_rights_original_text_1791_0001,bill_of_rights_original_text_1791,Bill of Rights - Original Text,United States Congress,1791-12-15,bill_of_rights,https://www.archives.gov/founding-docs/bill-of-rights-transcript,"AMENDMENT VIII Excessive bail shall not be required, nor excessive fines imposed, nor cruel and unusual punishments inflicted. AMENDMENT IX The enumeration in the Constitution, of certain rights, shall not be construed to deny or disparage others retained by the ..."
10,Tenth Amendment,5,5,madison_letters_vol_4_0440,madison_letters_vol_4,"Letters and Other Writings of James Madison, Volume 4",James Madison,1829-1836,founders_correspondence,https://archive.org/download/lettersotherwrit04madi/lettersotherwrit04madi_djvu.txt,"and liberties reserved to the States respectively or to the peo- ple."" Here it distinctly appears, as in the third resolution, that the course contemplated by the Legislature for "" maintaining the authorities, rights, and liberties reserved to the States ..."
10,Tenth Amendment,6,5,madison_letters_vol_4_0577,madison_letters_vol_4,"Letters and Other Writings of James Madison, Volume 4",James Madison,1829-1836,founders_correspondence,https://archive.org/download/lettersotherwrit04madi/lettersotherwrit04madi_djvu.txt,"On this resolution the committee have bestowed all the attention which its importance merits. They have scanned it not merely with a strict, but with a severe eye; and they feel confidence in pronouncing that, in its just and fair ..."
10,Tenth Amendment,7,4,farrand_records_vol_1_0484,farrand_records_vol_1,"The Records of the Federal Convention of 1787, Volume 1",Max Farrand,1787-05-25/1787-07-26,farrands_records,https://archive.org/download/recordsfederalc00farrgoog/recordsfederalc00farrgoog_djvu.txt,"That it was, however, certain the President and Vice President would be taken from the larger States, unless the smaller had some proportion of their original right preserved, and therefore the number of electors is compounded of the number of ..."
10,Tenth Amendment,8,4,farrand_records_vol_2_0486,farrand_records_vol_2,"The Records of the Federal Convention of 1787, Volume 2",Max Farrand,1787-07-27/1787-09-17,farrands_records,https://archive.org/download/recordsfederalc01farrgoog/recordsfederalc01farrgoog_djvu.txt,"That it was, however, certain the President and Vice President would be taken from the larger States, unless the smaller had some proportion of their original right preserved, and therefore the number of electors is compounded of the number of ..."
10,Tenth Amendment,9,4,farrand_records_vol_3_0486,farrand_records_vol_3,"The Records of the Federal Convention of 1787, Volume 3",Max Farrand,1787-02-21/1787-09-17,farrands_records,https://archive.org/download/in.ernet.dli.2015.58320/2015.58320.The-Records-Of-The-Federal-Convention-Of-1787-Volume-Iii_djvu.txt,"That it was, however, certain the President and Vice President would be taken from the larger States, unless the smaller had some proportion of their original right preserved, and therefore the number of electors is compounded of the number of ..."
10,Tenth Amendment,10,4,madison_letters_vol_4_0566,madison_letters_vol_4,"Letters and Other Writings of James Madison, Volume 4",James Madison,1829-1836,founders_correspondence,https://archive.org/download/lettersotherwrit04madi/lettersotherwrit04madi_djvu.txt,"first of which exercises a power nowhere delegated to the Federal Govern- ment, and which, by uniting legislative and judicial powers to those of [tin'] executive, subvert the general principles of free government, as well as the particular organization and ..."
10,Tenth Amendment,11,4,hamilton_works_vol_3_0314,hamilton_works_vol_3,"The Works of Alexander Hamilton, Volume 3",Alexander Hamilton,1769-1804,founders_correspondence,https://archive.org/download/alexanderworksof03hamirich/alexanderworksof03hamirich_djvu.txt,"Here, then, as far as concerns the reasonings of the Secretary of State and the Attorney- General, the affirmative of the constitutionality of the bill might be permitted to rest. It will occur to the President, that the principle here ..."
10,Tenth Amendment,12,4,jefferson_writings_vol_7_0582,jefferson_writings_vol_7,"The Writings of Thomas Jefferson, Volume 7",Thomas Jefferson,1803-1807,founders_correspondence,https://www.gutenberg.org/cache/epub/56035/pg56035.txt,The bill for establishing a National Bank undertakes among other things:-- 1. To form the subscribers into a corporation. 2. To enable them in their corporate capacities to receive grants of land; and so far is against the laws of ...
10,Tenth Amendment,13,3,henry_speeches_virginia_1788_0406,henry_speeches_virginia_1788,Patrick Henry — Speeches at the Virginia Ratifying Convention (June 1788),Patrick Henry,1788-06-04/1788-06-25,anti_federalist,https://avalon.law.yale.edu/18th_century/henry.asp,"not more necessary in this government, where they were but inadequately represented? He declared that artful sophistry and evasions could not satisfy him. He could see no clear distinction between rights relinquished by a positive grant, and lost by implication. ..."
10,Tenth Amendment,14,3,anti_federalist_positions_bill_of_rights_0002,anti_federalist_positions_bill_of_rights,Anti-Federalist Positions and Bill of Rights Influence,Various Anti-Federalist Writers,1787-1791,bill_of_rights,https://constitution.org/1-Constitution/afp/afp.htm,"""No person shall be compelled to render military service in person if conscientiously opposed to bearing arms; nor shall any person be compelled to pay a tax to support the worship of any religion opposite to their conscientious belief."" 2. ..."
10,Tenth Amendment,15,3,farrand_records_vol_1_0683,farrand_records_vol_1,"The Records of the Federal Convention of 1787, Volume 1",Max Farrand,1787-05-25/1787-07-26,farrands_records,https://archive.org/download/recordsfederalc00farrgoog/recordsfederalc00farrgoog_djvu.txt,"In Assembly March 6th 1787. Resolved, that the Honorable Robert Yates Esquire, and Alex* ander Hamilton and John Lansing, Junior Esquires, be, and they are hereby nominated by this House, Delegates on the part of this State, to meet such ..."
10,Tenth Amendment,16,3,farrand_records_vol_2_0688,farrand_records_vol_2,"The Records of the Federal Convention of 1787, Volume 2",Max Farrand,1787-07-27/1787-09-17,farrands_records,https://archive.org/download/recordsfederalc01farrgoog/recordsfederalc01farrgoog_djvu.txt,"In Assembly March 6th 1787. Resolved, that the Honorable Robert Yates Esquire, and Alex- ander Hamilton and John Lansing, Junior Esquires, be, and they are hereby nominated by this House, Delegates on the part of this State, to meet such ..."
10,Tenth Amendment,17,3,farrand_records_vol_3_0688,farrand_records_vol_3,"The Records of the Federal Convention of 1787, Volume 3",Max Farrand,1787-02-21/1787-09-17,farrands_records,https://archive.org/download/in.ernet.dli.2015.58320/2015.58320.The-Records-Of-The-Federal-Convention-Of-1787-Volume-Iii_djvu.txt,"Resolved, that the Honorable Robert Yates Esquire, and Alex- ander Hamilton and John Lansing, Junior Esquires, be, and they are hereby nominated by this House, Delegates on the part of this State, to meet such Delegates as may be appointed ..."
10,Tenth Amendment,18,3,madison_letters_vol_3_0620,madison_letters_vol_3,"Letters and Other Writings of James Madison, Volume 3",James Madison,1816-1828,founders_correspondence,https://archive.org/download/lettersotherwrit03madi/lettersotherwrit03madi_djvu.txt,"I thank you, sir, for the dates of the recorded letters from General Washington to me. Of these I do not find on my files those noted in the annexed list; some of which I should be par- ticularly glad ..."
10,Tenth Amendment,19,3,madison_letters_vol_4_0445,madison_letters_vol_4,"Letters and Other Writings of James Madison, Volume 4",James Madison,1829-1836,founders_correspondence,https://archive.org/download/lettersotherwrit04madi/lettersotherwrit04madi_djvu.txt,"opinions, unaccompanied with any other effect than what they may produce on opinion by exciting; reflection. The expositions of the judiciary, on the other hand, arc carried into immediate effect by force. The former may lead to a change in ..."
10,Tenth Amendment,20,3,madison_letters_vol_4_0848,madison_letters_vol_4,"Letters and Other Writings of James Madison, Volume 4",James Madison,1829-1836,founders_correspondence,https://archive.org/download/lettersotherwrit04madi/lettersotherwrit04madi_djvu.txt,"in the forms of the Constitution, and the ulterior resorts to the authority paramount to the Constitution, 319, 397. A case between the Govern- ment of U. S. and the Constituent body distinguished 'from a case among the States themselves ..."
10,Tenth Amendment,21,3,hamilton_works_vol_4_0252,hamilton_works_vol_4,"The Works of Alexander Hamilton, Volume 4",Alexander Hamilton,1769-1804,founders_correspondence,https://archive.org/download/alexanderworksof04hamirich/alexanderworksof04hamirich_djvu.txt,"Though a treaty of commerce like that contem plated in the report ought not to be rejected, if desired by Spain, and coupled with a satisfactory ad justment of the boundary and navigation, yet ought not something more to be ..."
10,Tenth Amendment,22,3,hamilton_works_vol_8_0187,hamilton_works_vol_8,"The Works of Alexander Hamilton, Volume 8",Alexander Hamilton,1769-1804,founders_correspondence,https://archive.org/download/ofalexander08hamirich/ofalexander08hamirich_djvu.txt,"What has been observed is sufficient to render it manifest that, independent of the extinguishment of the debt, the revenues proposed to be yielded up would find ample and very useful employment for a variety of public purposes. Already in ..."
10,Tenth Amendment,23,3,jefferson_writings_vol_2_0362,jefferson_writings_vol_2,"The Writings of Thomas Jefferson, Volume 2",Thomas Jefferson,1776-1781,founders_correspondence,https://www.gutenberg.org/cache/epub/50046/pg50046.txt,"I like much the general idea of framing a government, which should go on of itself, peaceably, without needing continual recurrence to the State legislatures. I like the organization of the government into legislative, judiciary and executive. I like the ..."
10,Tenth Amendment,24,3,jefferson_writings_vol_4_0514,jefferson_writings_vol_4,"The Writings of Thomas Jefferson, Volume 4",Thomas Jefferson,1789-1793,founders_correspondence,https://www.gutenberg.org/cache/epub/53603/pg53603.txt,"Mr. Madison enjoys better health since his removal to this place than he had done in Orange. Mr. Giles is in a state of health feared to be irrecoverable, although he may hold on for some time, and perhaps be ..."
10,Tenth Amendment,25,3,jefferson_writings_vol_6_0018,jefferson_writings_vol_6,"The Writings of Thomas Jefferson, Volume 6",Thomas Jefferson,1798-1802,founders_correspondence,https://www.gutenberg.org/cache/epub/55075/pg55075.txt,"Our latest arrival brings information of the death of the king of England. Its coming from Ireland and not direct from England would make it little worthy of notice, were not the event so probable. On the 26th of July ..."
10,Tenth Amendment,26,3,jefferson_writings_vol_7_0408,jefferson_writings_vol_7,"The Writings of Thomas Jefferson, Volume 7",Thomas Jefferson,1803-1807,founders_correspondence,https://www.gutenberg.org/cache/epub/56035/pg56035.txt,"The part which you quote, may draw on me the host of judges and divines. They may cavil but cannot refute it. Those who read Prisot's opinion with a candid view to understand, and not to chicane it, cannot mistake ..."
10,Tenth Amendment,27,3,jefferson_writings_vol_7_0458,jefferson_writings_vol_7,"The Writings of Thomas Jefferson, Volume 7",Thomas Jefferson,1803-1807,founders_correspondence,https://www.gutenberg.org/cache/epub/56035/pg56035.txt,"DEAR SIR,--I wrote you a letter yesterday, of which you will be free to make what use you please. This will contain matters not intended for the public eye. I see, as you do, and with the deepest affliction, the ..."
10,Tenth Amendment,28,2,henry_speeches_virginia_1788_0169,henry_speeches_virginia_1788,Patrick Henry — Speeches at the Virginia Ratifying Convention (June 1788),Patrick Henry,1788-06-04/1788-06-25,anti_federalist,https://avalon.law.yale.edu/18th_century/henry.asp,"system shows, in stronger terms than words could declare, that the liberties of the people are secure. It goes on the principle that all power is in the people, and that rulers have no powers but what are enumerated in ..."
10,Tenth Amendment,29,2,henry_speeches_virginia_1788_0412,henry_speeches_virginia_1788,Patrick Henry — Speeches at the Virginia Ratifying Convention (June 1788),Patrick Henry,1788-06-04/1788-06-25,anti_federalist,https://avalon.law.yale.edu/18th_century/henry.asp,"the press, I need say nothing; for it is hoped that the gentlemen who shall compose Congress will take care to infringe as little as possible the rights of human nature. This will result from their integrity. They should, from ..."
10,Tenth Amendment,30,2,henry_speeches_virginia_1788_0424,henry_speeches_virginia_1788,Patrick Henry — Speeches at the Virginia Ratifying Convention (June 1788),Patrick Henry,1788-06-04/1788-06-25,anti_federalist,https://avalon.law.yale.edu/18th_century/henry.asp,"Mr. HENRY. Mr. Chairman, this great national concern is handled in a manner quite new to me. When arguments are used which are calculated in their nature to mislead men, — when I reflect on the subject, I dread that ..."
