us_chunk_id,us_title,rank,score,world_chunk_id,world_document_id,country,world_title,world_preview,world_source_url
us_constitution_1787_article_1_0000,Constitution of the United States - Article 1,1,0.99166516,world_constitution_united_states_of_america_1992_article_i_0000,world_constitution_united_states_of_america_1992_article_i,United States of America,United States of America's Constitution of 1789 with Amendments through 1992 - Article I,"Article I Section 1 All legislative Powers herein granted shall be vested in a Congress of the United States, which shall consist of a Senate and House of Representatives. Section 2 The House of Representatives shall be composed of Members ...",https://www.constituteproject.org/service/html?cons_id=United_States_of_America_1992&lang=en
us_constitution_1787_article_1_0000,Constitution of the United States - Article 1,2,0.5455616,world_constitution_united_states_of_america_1992_article_i_0001,world_constitution_united_states_of_america_1992_article_i,United States of America,United States of America's Constitution of 1789 with Amendments through 1992 - Article I,"Carolina five, South Carolina five, and Georgia three. When vacancies happen in the Representation from any State, the Executive Authority thereof shall issue Writs of Election to fill such Vacancies. The House of Representatives shall chuse their Speaker and other ...",https://www.constituteproject.org/service/html?cons_id=United_States_of_America_1992&lang=en
us_constitution_1787_article_1_0000,Constitution of the United States - Article 1,3,0.46918339,world_constitution_united_states_of_america_1992_article_ii_0000,world_constitution_united_states_of_america_1992_article_ii,United States of America,United States of America's Constitution of 1789 with Amendments through 1992 - Article II,"Article II Section 1 The executive Power shall be vested in a President of the United States of America. He shall hold his Office during the Term of four Years, and, together with the Vice President, chosen for the same ...",https://www.constituteproject.org/service/html?cons_id=United_States_of_America_1992&lang=en
us_constitution_1787_article_1_0000,Constitution of the United States - Article 1,4,0.43407755,world_constitution_united_states_of_america_1992_article_v_003_0006,world_constitution_united_states_of_america_1992_article_v_003,United States of America,United States of America's Constitution of 1789 with Amendments through 1992 - Article V,"same, or given aid or comfort to the enemies thereof. But Congress may by a vote of two-thirds of each House, remove such disability. Section 4 The validity of the public debt of the United States, authorized by law, including ...",https://www.constituteproject.org/service/html?cons_id=United_States_of_America_1992&lang=en
us_constitution_1787_article_1_0000,Constitution of the United States - Article 1,5,0.4266221,world_constitution_united_states_of_america_1992_article_v_003_0005,world_constitution_united_states_of_america_1992_article_v_003,United States of America,United States of America's Constitution of 1789 with Amendments through 1992 - Article V,"make or enforce any law which shall abridge the privileges or immunities of citizens of the United States; nor shall any State deprive any person of life, liberty, or property, without due process of law; nor deny to any person ...",https://www.constituteproject.org/service/html?cons_id=United_States_of_America_1992&lang=en
us_constitution_1787_article_1_0000,Constitution of the United States - Article 1,6,0.37476098,world_constitution_united_states_of_america_1992_article_ii_0001,world_constitution_united_states_of_america_1992_article_ii,United States of America,United States of America's Constitution of 1789 with Amendments through 1992 - Article II,"from the five highest on the List the said House shall in like Manner chuse the President. But in chusing the President, the Votes shall be taken by States, the Representatives from each State having one Vote; a quorum for ...",https://www.constituteproject.org/service/html?cons_id=United_States_of_America_1992&lang=en
us_constitution_1787_article_1_0000,Constitution of the United States - Article 1,7,0.36654795,world_constitution_united_states_of_america_1992_article_v_003_0007,world_constitution_united_states_of_america_1992_article_v_003,United States of America,United States of America's Constitution of 1789 with Amendments through 1992 - Article V,"Senate, the executive authority of such State shall issue writs of election to fill such vacancies: Provided, That the legislature of any State may empower the executive thereof to make temporary appointments until the people fill the vacancies by election ...",https://www.constituteproject.org/service/html?cons_id=United_States_of_America_1992&lang=en
us_constitution_1787_article_1_0000,Constitution of the United States - Article 1,8,0.36213534,world_constitution_australia_1985_preamble_0007,world_constitution_australia_1985_preamble,Australia,Australia's Constitution of 1901 with Amendments through 1985 - Preamble,"Questions arising in the Senate shall be determined by a majority of votes, and each senator shall have one vote. The President shall in all cases be entitled to a vote; and when the votes are equal the question shall ...",https://www.constituteproject.org/service/html?cons_id=Australia_1985&lang=en
us_constitution_1787_article_1_0000,Constitution of the United States - Article 1,9,0.36111428,world_constitution_united_states_of_america_1992_article_v_002_0000,world_constitution_united_states_of_america_1992_article_v_002,United States of America,United States of America's Constitution of 1789 with Amendments through 1992 - Article V,"Article VI All Debts contracted and Engagements entered into, before the Adoption of this Constitution, shall be as valid against the United States under this Constitution, as under the Confederation. This Constitution, and the Laws of the United States which ...",https://www.constituteproject.org/service/html?cons_id=United_States_of_America_1992&lang=en
us_constitution_1787_article_1_0000,Constitution of the United States - Article 1,10,0.3604152,world_constitution_united_states_of_america_1992_article_i_002_0000,world_constitution_united_states_of_america_1992_article_i_002,United States of America,United States of America's Constitution of 1789 with Amendments through 1992 - Article I,"Article IV Section 1 Full Faith and Credit shall be given in each State to the public Acts, Records, and judicial Proceedings of every other State. And the Congress may by general Laws prescribe the Manner in which such Acts, ...",https://www.constituteproject.org/service/html?cons_id=United_States_of_America_1992&lang=en
us_constitution_1787_article_1_0000,Constitution of the United States - Article 1,11,0.35592985,world_constitution_australia_1985_preamble_0008,world_constitution_australia_1985_preamble,Australia,Australia's Constitution of 1901 with Amendments through 1985 - Preamble,"29. Electoral divisions Until the Parliament of the Commonwealth otherwise provides, the Parliament of any State may make laws for determining the divisions in each State for which members of the House of Representatives may be chosen, and the number ...",https://www.constituteproject.org/service/html?cons_id=Australia_1985&lang=en
us_constitution_1787_article_1_0000,Constitution of the United States - Article 1,12,0.35133303,world_constitution_united_states_of_america_1992_article_v_003_0003,world_constitution_united_states_of_america_1992_article_v_003,United States of America,United States of America's Constitution of 1789 with Amendments through 1992 - Article V,"States by the Constitution, nor prohibited by it to the States, are reserved to the States respectively, or to the people. Additional Amendments Amendment XI The Judicial power of the United States shall not be construed to extend to any ...",https://www.constituteproject.org/service/html?cons_id=United_States_of_America_1992&lang=en
us_constitution_1787_article_1_0000,Constitution of the United States - Article 1,13,0.34625621,world_constitution_united_states_of_america_1992_article_ii_0002,world_constitution_united_states_of_america_1992_article_ii,United States of America,United States of America's Constitution of 1789 with Amendments through 1992 - Article II,"Officer shall act accordingly, until the Disability be removed, or a President shall be elected. The President shall, at stated Times, receive for his Services, a Compensation, which shall neither be encreased nor diminished during the Period for which he ...",https://www.constituteproject.org/service/html?cons_id=United_States_of_America_1992&lang=en
us_constitution_1787_article_1_0000,Constitution of the United States - Article 1,14,0.34028587,world_constitution_united_states_of_america_1992_article_v_003_0004,world_constitution_united_states_of_america_1992_article_v_003,United States of America,United States of America's Constitution of 1789 with Amendments through 1992 - Article V,"the votes shall be taken by states, the representation from each state having one vote; a quorum for this purpose shall consist of a member or members from two-thirds of the states, and a majority of all the states shall ...",https://www.constituteproject.org/service/html?cons_id=United_States_of_America_1992&lang=en
us_constitution_1787_article_1_0000,Constitution of the United States - Article 1,15,0.32157752,world_constitution_united_states_of_america_1992_article_v_003_0010,world_constitution_united_states_of_america_1992_article_v_003,United States of America,United States of America's Constitution of 1789 with Amendments through 1992 - Article V,the legislatures of three-fourths of the several States within seven years from the date of its submission to the States by the Congress. Amendment XXIII Section 1 The District constituting the seat of Government of the United States shall appoint ...,https://www.constituteproject.org/service/html?cons_id=United_States_of_America_1992&lang=en
us_constitution_1787_article_1_0000,Constitution of the United States - Article 1,16,0.31524357,world_constitution_united_states_of_america_1992_article_i_0003,world_constitution_united_states_of_america_1992_article_i,United States of America,United States of America's Constitution of 1789 with Amendments through 1992 - Article I,"disorderly Behaviour, and, with the Concurrence of two thirds, expel a Member. Each House shall keep a Journal of its Proceedings, and from time to time publish the same, excepting such Parts as may in their Judgment require Secrecy; and ...",https://www.constituteproject.org/service/html?cons_id=United_States_of_America_1992&lang=en
us_constitution_1787_article_1_0000,Constitution of the United States - Article 1,17,0.31089579,world_constitution_united_states_of_america_1992_article_v_003_0009,world_constitution_united_states_of_america_1992_article_v_003,United States of America,United States of America's Constitution of 1789 with Amendments through 1992 - Article V,be inoperative unless it shall have been ratified as an amendment to the Constitution by the legislatures of three-fourths of the several States within seven years from the date of its submission. Amendment XXI Section 1 The eighteenth article of ...,https://www.constituteproject.org/service/html?cons_id=United_States_of_America_1992&lang=en
us_constitution_1787_article_1_0000,Constitution of the United States - Article 1,18,0.30322026,world_constitution_united_states_of_america_1992_article_i_0006,world_constitution_united_states_of_america_1992_article_i,United States of America,United States of America's Constitution of 1789 with Amendments through 1992 - Article I,"the Union, suppress Insurrections and repel Invasions; To provide for organizing, arming, and disciplining, the Militia, and for governing such Part of them as may be employed in the Service of the United States, reserving to the States respectively, the ...",https://www.constituteproject.org/service/html?cons_id=United_States_of_America_1992&lang=en
us_constitution_1787_article_1_0000,Constitution of the United States - Article 1,19,0.29438085,world_constitution_united_states_of_america_1992_article_v_0000,world_constitution_united_states_of_america_1992_article_v,United States of America,United States of America's Constitution of 1789 with Amendments through 1992 - Article V,"Article V The Congress, whenever two thirds of both Houses shall deem it necessary, shall propose Amendments to this Constitution, or, on the Application of the Legislatures of two thirds of the several States, shall call a Convention for proposing ...",https://www.constituteproject.org/service/html?cons_id=United_States_of_America_1992&lang=en
us_constitution_1787_article_1_0000,Constitution of the United States - Article 1,20,0.29242035,world_constitution_united_states_of_america_1992_article_i_0004,world_constitution_united_states_of_america_1992_article_i,United States of America,United States of America's Constitution of 1789 with Amendments through 1992 - Article I,"Bills. Every Bill which shall have passed the House of Representatives and the Senate, shall, before it become a Law, be presented to the President of the United States: If he approve he shall sign it, but if not he ...",https://www.constituteproject.org/service/html?cons_id=United_States_of_America_1992&lang=en
us_constitution_1787_article_1_0000,Constitution of the United States - Article 1,21,0.29141709,world_constitution_nepal_2016_article_84_0000,world_constitution_nepal_2016_article_84,Nepal,Nepal's Constitution of 2015 with Amendments through 2016 - Article 84,"Article 84, the party that fails to ensure one-third representation shall have to elect at least one-third of total numbers as woman in the Federal Parliament while electing members under section (b) of clause (1). Election of House of Representatives ...",https://www.constituteproject.org/service/html?cons_id=Nepal_2016&lang=en
us_constitution_1787_article_1_0000,Constitution of the United States - Article 1,22,0.29086548,world_constitution_united_states_of_america_1992_article_v_003_0012,world_constitution_united_states_of_america_1992_article_v_003,United States of America,United States of America's Constitution of 1789 with Amendments through 1992 - Article V,"forty-eight hours for that purpose if not in session. If the Congress, within twenty-one days after receipt of the latter written declaration, or, if Congress is not in session, within twenty-one days after Congress is required to assemble, determines by ...",https://www.constituteproject.org/service/html?cons_id=United_States_of_America_1992&lang=en
us_constitution_1787_article_1_0000,Constitution of the United States - Article 1,23,0.28854841,world_constitution_united_states_of_america_1992_article_i_0002,world_constitution_united_states_of_america_1992_article_i,United States of America,United States of America's Constitution of 1789 with Amendments through 1992 - Article I,"in the Absence of the Vice President, or when he shall exercise the Office of President of the United States. The Senate shall have the sole Power to try all Impeachments. When sitting for that Purpose, they shall be on ...",https://www.constituteproject.org/service/html?cons_id=United_States_of_America_1992&lang=en
us_constitution_1787_article_1_0000,Constitution of the United States - Article 1,24,0.28531414,world_constitution_united_states_of_america_1992_article_iii_0000,world_constitution_united_states_of_america_1992_article_iii,United States of America,United States of America's Constitution of 1789 with Amendments through 1992 - Article III,"Article III Section 1 The judicial Power of the United States, shall be vested in one supreme Court, and in such inferior Courts as the Congress may from time to time ordain and establish. The Judges, both of the supreme ...",https://www.constituteproject.org/service/html?cons_id=United_States_of_America_1992&lang=en
us_constitution_1787_article_1_0000,Constitution of the United States - Article 1,25,0.27027764,world_constitution_india_2016_preamble_0064,world_constitution_india_2016_preamble,India,India's Constitution of 1949 with Amendments through 2016 - Preamble,"Every member of the Legislative Assembly or the Legislative Council of a State shall, before taking his seat, make and subscribe before the Governor, or some person appointed in that behalf by him, an oath or affirmation according to the ...",https://www.constituteproject.org/service/html?cons_id=India_2016&lang=en
us_constitution_1787_article_1_0000,Constitution of the United States - Article 1,26,0.26930402,world_constitution_united_states_of_america_1992_article_v_003_0000,world_constitution_united_states_of_america_1992_article_v_003,United States of America,United States of America's Constitution of 1789 with Amendments through 1992 - Article V,"Article VII The Ratification of the Conventions of nine States, shall be sufficient for the Establishment of this Constitution between the States so ratifying the Same. DONE in Convention by the Unanimous Consent of the States present the Seventeenth Day ...",https://www.constituteproject.org/service/html?cons_id=United_States_of_America_1992&lang=en
us_constitution_1787_article_1_0000,Constitution of the United States - Article 1,27,0.26694089,world_constitution_philippines_1987_article_i_006_0001,world_constitution_philippines_1987_article_i_006,Philippines,Philippines's Constitution of 1987 - Article I,"through a party-list system of registered national, regional, and sectoral parties of organizations. The party-list representatives shall constitute twenty per centum of the total number of representatives including those under the party list. For three consecutive terms after the ratification ...",https://www.constituteproject.org/service/html?cons_id=Philippines_1987&lang=en
us_constitution_1787_article_1_0000,Constitution of the United States - Article 1,28,0.26240217,world_constitution_united_states_of_america_1992_article_ii_0003,world_constitution_united_states_of_america_1992_article_ii,United States of America,United States of America's Constitution of 1789 with Amendments through 1992 - Article II,"by Law: but the Congress may by Law vest the Appointment of such inferior Officers, as they think proper, in the President alone, in the Courts of Law, or in the Heads of Departments. The President shall have Power to ...",https://www.constituteproject.org/service/html?cons_id=United_States_of_America_1992&lang=en
us_constitution_1787_article_1_0000,Constitution of the United States - Article 1,29,0.26142944,world_constitution_india_2016_preamble_0016,world_constitution_india_2016_preamble,India,India's Constitution of 1949 with Amendments through 2016 - Preamble,There shall be a President of India. 53. Executive power of the Union The executive power of the Union shall be vested in the President and shall be exercised by him either directly or through officers subordinate to him in ...,https://www.constituteproject.org/service/html?cons_id=India_2016&lang=en
us_constitution_1787_article_1_0000,Constitution of the United States - Article 1,30,0.2578112,world_constitution_mexico_2015_article_116_002_0000,world_constitution_mexico_2015_article_116_002,Mexico,Mexico's Constitution of 1917 with Amendments through 2015 - Article 116,"Article 116 Public power of a state shall be divided into three branches: executive, legislative and judicial. Two or more of these powers cannot be united in one single person or corporation, nor shall the legislative branch be vested in ...",https://www.constituteproject.org/service/html?cons_id=Mexico_2015&lang=en
us_constitution_1787_article_1_0000,Constitution of the United States - Article 1,31,0.25514104,world_constitution_south_sudan_2013_article_85_0001,world_constitution_south_sudan_2013_article_85,South Sudan,South Sudan's Constitution of 2011 with Amendments through 2013 - Article 85,and approve appointments as required by this Constitution or the law; cast a vote of no confidence against any Minister. enact legislation to regulate the conditions and terms of service of the Judiciary and its oversight mechanisms; and perform any ...,https://www.constituteproject.org/service/html?cons_id=South_Sudan_2013&lang=en
us_constitution_1787_article_1_0000,Constitution of the United States - Article 1,32,0.25506116,world_constitution_belize_2011_preamble_0034,world_constitution_belize_2011_preamble,Belize,Belize's Constitution of 1981 with Amendments through 2011 - Preamble,The question whether or not the Council has validly performed any functions conferred or imposed on it by this Constitution or any other law shall not be enquired into in any court of law. Within four months after the end ...,https://www.constituteproject.org/service/html?cons_id=Belize_2011&lang=en
us_constitution_1787_article_1_0000,Constitution of the United States - Article 1,33,0.24701906,world_constitution_australia_1985_preamble_0002,world_constitution_australia_1985_preamble,Australia,Australia's Constitution of 1901 with Amendments through 1985 - Preamble,"The provisions of this Constitution relating to the Governor-General extend and apply to the Governor-General for the time being, or such person as the Queen may appoint to administer the Government of the Commonwealth; but no such person shall be ...",https://www.constituteproject.org/service/html?cons_id=Australia_1985&lang=en
us_constitution_1787_article_1_0000,Constitution of the United States - Article 1,34,0.24699995,world_constitution_philippines_1987_article_i_006_0004,world_constitution_philippines_1987_article_i_006,Philippines,Philippines's Constitution of 1987 - Article I,"Each House shall choose such other officers as it may deem necessary. A majority of each House shall constitute a quorum to do business, but a smaller number may adjourn from day to day and may compel the attendance of ...",https://www.constituteproject.org/service/html?cons_id=Philippines_1987&lang=en
us_constitution_1787_article_1_0000,Constitution of the United States - Article 1,35,0.24376037,world_constitution_india_2016_preamble_0025,world_constitution_india_2016_preamble,India,India's Constitution of 1949 with Amendments through 2016 - Preamble,The representatives of each State in the Council of States shall be elected by the elected members of the Legislative Assembly of the State in accordance with the system of proportional representation by means of the single transferable vote. The ...,https://www.constituteproject.org/service/html?cons_id=India_2016&lang=en
us_constitution_1787_article_1_0000,Constitution of the United States - Article 1,36,0.24251602,world_constitution_india_2016_preamble_0026,world_constitution_india_2016_preamble,India,India's Constitution of 1949 with Amendments through 2016 - Preamble,"Provided further that such readjustment shall take effect from such date as the President may, by order, specify and until such readjustment takes effect, any election to the House may be held on the basis of the territorial constituencies existing ...",https://www.constituteproject.org/service/html?cons_id=India_2016&lang=en
us_constitution_1787_article_1_0000,Constitution of the United States - Article 1,37,0.24217531,world_constitution_thailand_2017_preamble_0024,world_constitution_thailand_2017_preamble,Thailand,Thailand's Constitution of 2017 - Preamble,"In the case where the office of a Member of the House of Representatives becomes vacant for any reason, and an election of a Member of the House of Representatives has not been held to fill the vacancy, or no ...",https://www.constituteproject.org/service/html?cons_id=Thailand_2017&lang=en
us_constitution_1787_article_1_0000,Constitution of the United States - Article 1,38,0.23959359,world_constitution_nigeria_2011_preamble_0023,world_constitution_nigeria_2011_preamble,Nigeria,Nigeria's Constitution of 1999 with Amendments through 2011 - Preamble,"for the rendering of financial assistance to any indigent citizen of Nigeria where his right under this Chapter has been infringed or with a view to enabling him to engage the services of a legal practitioner to prosecute his claim, ...",https://www.constituteproject.org/service/html?cons_id=Nigeria_2011&lang=en
us_constitution_1787_article_1_0000,Constitution of the United States - Article 1,39,0.23842684,world_constitution_trinidad_and_tobago_2007_preamble_0037,world_constitution_trinidad_and_tobago_2007_preamble,Trinidad and Tobago,Trinidad and Tobago's Constitution of 1976 with Amendments through 2007 - Preamble,"There shall be a session of each House once at least in every year, so that a period of six months shall not intervene between the last sitting of Parliament in one session and the first sitting thereof in the ...",https://www.constituteproject.org/service/html?cons_id=Trinidad_and_Tobago_2007&lang=en
us_constitution_1787_article_1_0000,Constitution of the United States - Article 1,40,0.23719483,world_constitution_united_states_of_america_1992_article_v_003_0008,world_constitution_united_states_of_america_1992_article_v_003,United States of America,United States of America's Constitution of 1789 with Amendments through 1992 - Article V,"this article had not been ratified; and the terms of their successors shall then begin. Section 2 The Congress shall assemble at least once in every year, and such meeting shall begin at noon on the 3d day of January, ...",https://www.constituteproject.org/service/html?cons_id=United_States_of_America_1992&lang=en
us_constitution_1787_article_1_0000,Constitution of the United States - Article 1,41,0.23717189,world_constitution_india_2016_preamble_0059,world_constitution_india_2016_preamble,India,India's Constitution of 1949 with Amendments through 2016 - Preamble,"as nearly as may be, one-third shall be elected by the members of the Legislative Assembly of the State from amongst persons who are not members of the Assembly; the remainder shall be nominated by the Governor in accordance with ...",https://www.constituteproject.org/service/html?cons_id=India_2016&lang=en
us_constitution_1787_article_1_0000,Constitution of the United States - Article 1,42,0.23589972,world_constitution_micronesia_1990_article_i_010_0001,world_constitution_micronesia_1990_article_i_010,Micronesia (Federated States of),Micronesia (Federated States of)'s Constitution of 1978 with Amendments through 1990 - Article I,"public credit; to establish systems of social security and public welfare. Section 4 A treaty is ratified by vote of 2/3 of the members of Congress, except that a treaty delegating major powers of government of the Federated States of ...",https://www.constituteproject.org/service/html?cons_id=Micronesia_1990&lang=en
us_constitution_1787_article_1_0000,Constitution of the United States - Article 1,43,0.23467653,world_constitution_brazil_2017_article_77_0022,world_constitution_brazil_2017_article_77,Brazil,Brazil's Constitution of 1988 with Amendments through 2017 - Article 77,Union shall grant incentives for recovery of arid lands and cooperate with small and medium-sized rural land owners to establish water sources and small-scale irrigation on their lands. TITLE IV. ORGANIZATION OF THE BRANCHES CHAPTER I. THE LEGISLATIVE BRANCH SECTION ...,https://www.constituteproject.org/service/html?cons_id=Brazil_2017&lang=en
us_constitution_1787_article_1_0000,Constitution of the United States - Article 1,44,0.23358662,world_constitution_micronesia_1990_article_i_010_0002,world_constitution_micronesia_1990_article_i_010,Micronesia (Federated States of),Micronesia (Federated States of)'s Constitution of 1978 with Amendments through 1990 - Article I,as provided by statute. Section 9 A person is ineligible to be a member of Congress unless he is at least 30 years of age on the day of election and has been a citizen of the Federated States of ...,https://www.constituteproject.org/service/html?cons_id=Micronesia_1990&lang=en
us_constitution_1787_article_1_0000,Constitution of the United States - Article 1,45,0.23172016,world_constitution_philippines_1987_article_i_006_0000,world_constitution_philippines_1987_article_i_006,Philippines,Philippines's Constitution of 1987 - Article I,"ARTICLE VI. LEGISLATIVE DEPARTMENT Sec 1 The legislative power shall be vested in the Congress of the Philippines which shall consist of a Senate and a House of Representatives, except to the extent reserved to the people by the provision ...",https://www.constituteproject.org/service/html?cons_id=Philippines_1987&lang=en
us_constitution_1787_article_1_0000,Constitution of the United States - Article 1,46,0.22649914,world_constitution_south_sudan_2013_article_64_0000,world_constitution_south_sudan_2013_article_64,South Sudan,South Sudan's Constitution of 2011 with Amendments through 2013 - Article 64,"Article 64 herein. 64. By-elections When a vacancy occurs in respect of any seat in the National Legislative Assembly or the Council of States, the Speaker of the appropriate House shall, in writing, notify the National Elections Commission within ten ...",https://www.constituteproject.org/service/html?cons_id=South_Sudan_2013&lang=en
us_constitution_1787_article_1_0000,Constitution of the United States - Article 1,47,0.22613251,world_constitution_philippines_1987_article_i_006_0002,world_constitution_philippines_1987_article_i_006,Philippines,Philippines's Constitution of 1987 - Article I,than three consecutive terms. Voluntary renunciation of the office for any length of time shall not be considered as an interruption in the continuity of his service for the full term for which he was elected. Sec 8 Unless otherwise ...,https://www.constituteproject.org/service/html?cons_id=Philippines_1987&lang=en
us_constitution_1787_article_1_0000,Constitution of the United States - Article 1,48,0.22464172,world_constitution_australia_1985_preamble_0009,world_constitution_australia_1985_preamble,Australia,Australia's Constitution of 1901 with Amendments through 1985 - Preamble,"The House of Representatives shall, before proceeding to the despatch of any other business, choose a member to be the Speaker of the House, and as often as the office of Speaker becomes vacant the House shall again choose a ...",https://www.constituteproject.org/service/html?cons_id=Australia_1985&lang=en
us_constitution_1787_article_1_0000,Constitution of the United States - Article 1,49,0.22451548,world_constitution_south_sudan_2013_article_85_0002,world_constitution_south_sudan_2013_article_85,South Sudan,South Sudan's Constitution of 2011 with Amendments through 2013 - Article 85,"culture of peace, reconciliation and communal harmony among all the people of the states; approve changes in state names, capital towns and boundaries; and perform any other function as determined by this Constitution or the law. 60. Rules of the ...",https://www.constituteproject.org/service/html?cons_id=South_Sudan_2013&lang=en
us_constitution_1787_article_1_0000,Constitution of the United States - Article 1,50,0.22404742,world_constitution_thailand_2017_preamble_0055,world_constitution_thailand_2017_preamble,Thailand,Thailand's Constitution of 2017 - Preamble,"The provisions applicable to both Houses shall apply mutatis mutandis to the joint sitting of the National Assembly, except that, for the appointment of a committee, the number of committee members appointed from the members of each House must be ...",https://www.constituteproject.org/service/html?cons_id=Thailand_2017&lang=en
us_constitution_1787_article_1_0001,Constitution of the United States - Article 1,1,0.98022893,world_constitution_united_states_of_america_1992_article_i_0001,world_constitution_united_states_of_america_1992_article_i,United States of America,United States of America's Constitution of 1789 with Amendments through 1992 - Article I,"Carolina five, South Carolina five, and Georgia three. When vacancies happen in the Representation from any State, the Executive Authority thereof shall issue Writs of Election to fill such Vacancies. The House of Representatives shall chuse their Speaker and other ...",https://www.constituteproject.org/service/html?cons_id=United_States_of_America_1992&lang=en
us_constitution_1787_article_1_0001,Constitution of the United States - Article 1,2,0.54070651,world_constitution_united_states_of_america_1992_article_i_0000,world_constitution_united_states_of_america_1992_article_i,United States of America,United States of America's Constitution of 1789 with Amendments through 1992 - Article I,"Article I Section 1 All legislative Powers herein granted shall be vested in a Congress of the United States, which shall consist of a Senate and House of Representatives. Section 2 The House of Representatives shall be composed of Members ...",https://www.constituteproject.org/service/html?cons_id=United_States_of_America_1992&lang=en
us_constitution_1787_article_1_0001,Constitution of the United States - Article 1,3,0.44579899,world_constitution_united_states_of_america_1992_article_v_003_0006,world_constitution_united_states_of_america_1992_article_v_003,United States of America,United States of America's Constitution of 1789 with Amendments through 1992 - Article V,"same, or given aid or comfort to the enemies thereof. But Congress may by a vote of two-thirds of each House, remove such disability. Section 4 The validity of the public debt of the United States, authorized by law, including ...",https://www.constituteproject.org/service/html?cons_id=United_States_of_America_1992&lang=en
us_constitution_1787_article_1_0001,Constitution of the United States - Article 1,4,0.41215807,world_constitution_united_states_of_america_1992_article_ii_0002,world_constitution_united_states_of_america_1992_article_ii,United States of America,United States of America's Constitution of 1789 with Amendments through 1992 - Article II,"Officer shall act accordingly, until the Disability be removed, or a President shall be elected. The President shall, at stated Times, receive for his Services, a Compensation, which shall neither be encreased nor diminished during the Period for which he ...",https://www.constituteproject.org/service/html?cons_id=United_States_of_America_1992&lang=en
us_constitution_1787_article_1_0001,Constitution of the United States - Article 1,5,0.40997863,world_constitution_united_states_of_america_1992_article_v_003_0007,world_constitution_united_states_of_america_1992_article_v_003,United States of America,United States of America's Constitution of 1789 with Amendments through 1992 - Article V,"Senate, the executive authority of such State shall issue writs of election to fill such vacancies: Provided, That the legislature of any State may empower the executive thereof to make temporary appointments until the people fill the vacancies by election ...",https://www.constituteproject.org/service/html?cons_id=United_States_of_America_1992&lang=en
us_constitution_1787_article_1_0001,Constitution of the United States - Article 1,6,0.40853737,world_constitution_united_states_of_america_1992_article_ii_0000,world_constitution_united_states_of_america_1992_article_ii,United States of America,United States of America's Constitution of 1789 with Amendments through 1992 - Article II,"Article II Section 1 The executive Power shall be vested in a President of the United States of America. He shall hold his Office during the Term of four Years, and, together with the Vice President, chosen for the same ...",https://www.constituteproject.org/service/html?cons_id=United_States_of_America_1992&lang=en
us_constitution_1787_article_1_0001,Constitution of the United States - Article 1,7,0.37881833,world_constitution_united_states_of_america_1992_article_ii_0001,world_constitution_united_states_of_america_1992_article_ii,United States of America,United States of America's Constitution of 1789 with Amendments through 1992 - Article II,"from the five highest on the List the said House shall in like Manner chuse the President. But in chusing the President, the Votes shall be taken by States, the Representatives from each State having one Vote; a quorum for ...",https://www.constituteproject.org/service/html?cons_id=United_States_of_America_1992&lang=en
us_constitution_1787_article_1_0001,Constitution of the United States - Article 1,8,0.36504728,world_constitution_united_states_of_america_1992_article_i_0002,world_constitution_united_states_of_america_1992_article_i,United States of America,United States of America's Constitution of 1789 with Amendments through 1992 - Article I,"in the Absence of the Vice President, or when he shall exercise the Office of President of the United States. The Senate shall have the sole Power to try all Impeachments. When sitting for that Purpose, they shall be on ...",https://www.constituteproject.org/service/html?cons_id=United_States_of_America_1992&lang=en
us_constitution_1787_article_1_0001,Constitution of the United States - Article 1,9,0.36143521,world_constitution_united_states_of_america_1992_article_v_003_0004,world_constitution_united_states_of_america_1992_article_v_003,United States of America,United States of America's Constitution of 1789 with Amendments through 1992 - Article V,"the votes shall be taken by states, the representation from each state having one vote; a quorum for this purpose shall consist of a member or members from two-thirds of the states, and a majority of all the states shall ...",https://www.constituteproject.org/service/html?cons_id=United_States_of_America_1992&lang=en
us_constitution_1787_article_1_0001,Constitution of the United States - Article 1,10,0.3566682,world_constitution_united_states_of_america_1992_article_v_003_0005,world_constitution_united_states_of_america_1992_article_v_003,United States of America,United States of America's Constitution of 1789 with Amendments through 1992 - Article V,"make or enforce any law which shall abridge the privileges or immunities of citizens of the United States; nor shall any State deprive any person of life, liberty, or property, without due process of law; nor deny to any person ...",https://www.constituteproject.org/service/html?cons_id=United_States_of_America_1992&lang=en
us_constitution_1787_article_1_0001,Constitution of the United States - Article 1,11,0.35629202,world_constitution_united_states_of_america_1992_article_v_003_0003,world_constitution_united_states_of_america_1992_article_v_003,United States of America,United States of America's Constitution of 1789 with Amendments through 1992 - Article V,"States by the Constitution, nor prohibited by it to the States, are reserved to the States respectively, or to the people. Additional Amendments Amendment XI The Judicial power of the United States shall not be construed to extend to any ...",https://www.constituteproject.org/service/html?cons_id=United_States_of_America_1992&lang=en
us_constitution_1787_article_1_0001,Constitution of the United States - Article 1,12,0.34790196,world_constitution_united_states_of_america_1992_article_ii_0003,world_constitution_united_states_of_america_1992_article_ii,United States of America,United States of America's Constitution of 1789 with Amendments through 1992 - Article II,"by Law: but the Congress may by Law vest the Appointment of such inferior Officers, as they think proper, in the President alone, in the Courts of Law, or in the Heads of Departments. The President shall have Power to ...",https://www.constituteproject.org/service/html?cons_id=United_States_of_America_1992&lang=en
us_constitution_1787_article_1_0001,Constitution of the United States - Article 1,13,0.33353887,world_constitution_united_states_of_america_1992_article_v_003_0010,world_constitution_united_states_of_america_1992_article_v_003,United States of America,United States of America's Constitution of 1789 with Amendments through 1992 - Article V,the legislatures of three-fourths of the several States within seven years from the date of its submission to the States by the Congress. Amendment XXIII Section 1 The District constituting the seat of Government of the United States shall appoint ...,https://www.constituteproject.org/service/html?cons_id=United_States_of_America_1992&lang=en
us_constitution_1787_article_1_0001,Constitution of the United States - Article 1,14,0.33260153,world_constitution_australia_1985_preamble_0003,world_constitution_australia_1985_preamble,Australia,Australia's Constitution of 1901 with Amendments through 1985 - Preamble,"The Parliament of the Commonwealth may make laws prescribing the method of choosing senators, but so that the method shall be uniform for all the States. Subject to any such law, the Parliament of each State may make laws prescribing ...",https://www.constituteproject.org/service/html?cons_id=Australia_1985&lang=en
us_constitution_1787_article_1_0001,Constitution of the United States - Article 1,15,0.32579873,world_constitution_united_states_of_america_1992_article_v_002_0000,world_constitution_united_states_of_america_1992_article_v_002,United States of America,United States of America's Constitution of 1789 with Amendments through 1992 - Article V,"Article VI All Debts contracted and Engagements entered into, before the Adoption of this Constitution, shall be as valid against the United States under this Constitution, as under the Confederation. This Constitution, and the Laws of the United States which ...",https://www.constituteproject.org/service/html?cons_id=United_States_of_America_1992&lang=en
us_constitution_1787_article_1_0001,Constitution of the United States - Article 1,16,0.31723294,world_constitution_india_2016_preamble_0064,world_constitution_india_2016_preamble,India,India's Constitution of 1949 with Amendments through 2016 - Preamble,"Every member of the Legislative Assembly or the Legislative Council of a State shall, before taking his seat, make and subscribe before the Governor, or some person appointed in that behalf by him, an oath or affirmation according to the ...",https://www.constituteproject.org/service/html?cons_id=India_2016&lang=en
us_constitution_1787_article_1_0001,Constitution of the United States - Article 1,17,0.31351335,world_constitution_united_states_of_america_1992_article_i_002_0000,world_constitution_united_states_of_america_1992_article_i_002,United States of America,United States of America's Constitution of 1789 with Amendments through 1992 - Article I,"Article IV Section 1 Full Faith and Credit shall be given in each State to the public Acts, Records, and judicial Proceedings of every other State. And the Congress may by general Laws prescribe the Manner in which such Acts, ...",https://www.constituteproject.org/service/html?cons_id=United_States_of_America_1992&lang=en
us_constitution_1787_article_1_0001,Constitution of the United States - Article 1,18,0.30121348,world_constitution_united_states_of_america_1992_article_i_0003,world_constitution_united_states_of_america_1992_article_i,United States of America,United States of America's Constitution of 1789 with Amendments through 1992 - Article I,"disorderly Behaviour, and, with the Concurrence of two thirds, expel a Member. Each House shall keep a Journal of its Proceedings, and from time to time publish the same, excepting such Parts as may in their Judgment require Secrecy; and ...",https://www.constituteproject.org/service/html?cons_id=United_States_of_America_1992&lang=en
us_constitution_1787_article_1_0001,Constitution of the United States - Article 1,19,0.29593975,world_constitution_australia_1985_preamble_0004,world_constitution_australia_1985_preamble,Australia,Australia's Constitution of 1901 with Amendments through 1985 - Preamble,"Whenever the number of senators for a State is increased or diminished, the Parliament of the Commonwealth may make such provision for the vacating of the places of senators for the State as it deems necessary to maintain regularity in ...",https://www.constituteproject.org/service/html?cons_id=Australia_1985&lang=en
us_constitution_1787_article_1_0001,Constitution of the United States - Article 1,20,0.29294319,world_constitution_australia_1985_preamble_0005,world_constitution_australia_1985_preamble,Australia,Australia's Constitution of 1901 with Amendments through 1985 - Preamble,"If the place of a senator chosen by the people of the State at the election of senators last held before the commencement of the Constitution Alteration (Senate Casual Vacancies) 1977 became vacant before that commencement and, at that commencement, ...",https://www.constituteproject.org/service/html?cons_id=Australia_1985&lang=en
us_constitution_1787_article_1_0001,Constitution of the United States - Article 1,21,0.29252271,world_constitution_australia_1985_preamble_0006,world_constitution_australia_1985_preamble,Australia,Australia's Constitution of 1901 with Amendments through 1985 - Preamble,"if the senator elected by the people of the State had a term of service expiring on the thirtieth day of June, One thousand nine hundred and seventy-eight, until the expiration or dissolution of the first House of Representatives to ...",https://www.constituteproject.org/service/html?cons_id=Australia_1985&lang=en
us_constitution_1787_article_1_0001,Constitution of the United States - Article 1,22,0.29183833,world_constitution_cambodia_2008_article_157_0000,world_constitution_cambodia_2008_article_157,Cambodia,Cambodia's Constitution of 1993 with Amendments through 2008 - Article 157,"Article 157 The first term of the Senate shall be five years and shall end when the new Senate takes office. For the first term of the Senate: The King shall appoint two Senators, as well as the President, the ...",https://www.constituteproject.org/service/html?cons_id=Cambodia_2008&lang=en
us_constitution_1787_article_1_0001,Constitution of the United States - Article 1,23,0.29103527,world_constitution_bahamas_1973_article_45_0001,world_constitution_bahamas_1973_article_45,Bahamas (The),Bahamas (The)'s Constitution of 1973 - Article 45,"be given without the approval signified by resolution, of the Senate. If, on the determination of any appeal, such circumstances continue to exist and no further appeal is open to the Senator, or if, by reason of the expiration of ...",https://www.constituteproject.org/service/html?cons_id=Bahamas_1973&lang=en
us_constitution_1787_article_1_0001,Constitution of the United States - Article 1,24,0.28696981,world_constitution_india_2016_preamble_0019,world_constitution_india_2016_preamble,India,India's Constitution of 1949 with Amendments through 2016 - Preamble,"If as a result of the investigation a resolution is passed by a majority of not less than two-thirds of the total membership of the House by which the charge was investigated or caused to be investigated, declaring that the ...",https://www.constituteproject.org/service/html?cons_id=India_2016&lang=en
us_constitution_1787_article_1_0001,Constitution of the United States - Article 1,25,0.28618723,world_constitution_lesotho_2018_preamble_0036,world_constitution_lesotho_2018_preamble,Lesotho,Lesotho's Constitution of 1993 with Amendments through 2018 - Preamble,if he becomes a Minister or a Deputy Minister; or when the Senate first meets after a dissolution of Parliament; or if he is removed from office by resolution of the Senate supported by the votes of two-thirds of all ...,https://www.constituteproject.org/service/html?cons_id=Lesotho_2018&lang=en
us_constitution_1787_article_1_0001,Constitution of the United States - Article 1,26,0.28294457,world_constitution_trinidad_and_tobago_2007_preamble_0021,world_constitution_trinidad_and_tobago_2007_preamble,Trinidad and Tobago,Trinidad and Tobago's Constitution of 1976 with Amendments through 2007 - Preamble,"he announces the resignation of his office to the Senate or where, by writing under his hand addressed, in the case of the President of the Senate, to the Clerk of the Senate, and in the case of the Vice-President ...",https://www.constituteproject.org/service/html?cons_id=Trinidad_and_Tobago_2007&lang=en
us_constitution_1787_article_1_0001,Constitution of the United States - Article 1,27,0.28223451,world_constitution_united_states_of_america_1992_article_v_003_0008,world_constitution_united_states_of_america_1992_article_v_003,United States of America,United States of America's Constitution of 1789 with Amendments through 1992 - Article V,"this article had not been ratified; and the terms of their successors shall then begin. Section 2 The Congress shall assemble at least once in every year, and such meeting shall begin at noon on the 3d day of January, ...",https://www.constituteproject.org/service/html?cons_id=United_States_of_America_1992&lang=en
us_constitution_1787_article_1_0001,Constitution of the United States - Article 1,28,0.28204779,world_constitution_trinidad_and_tobago_2007_preamble_0020,world_constitution_trinidad_and_tobago_2007_preamble,Trinidad and Tobago,Trinidad and Tobago's Constitution of 1976 with Amendments through 2007 - Preamble,"Section 43(1) and (2) shall apply in relation to a person appointed under this section as they apply in relation to a Senator, except that paragraph (d) of the said subsection (2) shall apply as if it were not expressed ...",https://www.constituteproject.org/service/html?cons_id=Trinidad_and_Tobago_2007&lang=en
us_constitution_1787_article_1_0001,Constitution of the United States - Article 1,29,0.28112833,world_constitution_australia_1985_preamble_0002,world_constitution_australia_1985_preamble,Australia,Australia's Constitution of 1901 with Amendments through 1985 - Preamble,"The provisions of this Constitution relating to the Governor-General extend and apply to the Governor-General for the time being, or such person as the Queen may appoint to administer the Government of the Commonwealth; but no such person shall be ...",https://www.constituteproject.org/service/html?cons_id=Australia_1985&lang=en
us_constitution_1787_article_1_0001,Constitution of the United States - Article 1,30,0.27822188,world_constitution_antigua_and_barbuda_1981_preamble_0025,world_constitution_antigua_and_barbuda_1981_preamble,Antigua and Barbuda,Antigua and Barbuda's Constitution of 1981 - Preamble,"In the exercise of the powers conferred upon him by this section, the Governor-General shall act- in accordance with the advice of the Prime Minister in relation to a Senator appointed in pursuance of section 28(2) or 28(6) of this ...",https://www.constituteproject.org/service/html?cons_id=Antigua_and_Barbuda_1981&lang=en
us_constitution_1787_article_1_0001,Constitution of the United States - Article 1,31,0.27800003,world_constitution_swaziland_2005_preamble_0045,world_constitution_swaziland_2005_preamble,Eswatini,Eswatini's Constitution of 2005 - Preamble,A person shall not be elected President unless that person has some parliamentary experience and is otherwise able to maintain order in the Senate and properly guide the Senators in their business in terms of the Standing Orders. A person ...,https://www.constituteproject.org/service/html?cons_id=Swaziland_2005&lang=en
us_constitution_1787_article_1_0001,Constitution of the United States - Article 1,32,0.27660411,world_constitution_liberia_1986_article_46_0000,world_constitution_liberia_1986_article_46,Liberia,Liberia's Constitution of 1986 - Article 46,"Article 46 Immediately after the Senate shall have assembled following the elections prior to the coming into force of this Constitution, the Senators shall be divided into two categories as a result of the votes cast in each county. The ...",https://www.constituteproject.org/service/html?cons_id=Liberia_1986&lang=en
us_constitution_1787_article_1_0001,Constitution of the United States - Article 1,33,0.27354597,world_constitution_india_2016_preamble_0020,world_constitution_india_2016_preamble,India,India's Constitution of 1949 with Amendments through 2016 - Preamble,"The Vice-President shall, during, and in respect of, the period while he is so acting as, or discharging the functions of, President have all the powers and immunities of the President and be entitled to such emoluments, allowances and privileges ...",https://www.constituteproject.org/service/html?cons_id=India_2016&lang=en
us_constitution_1787_article_1_0001,Constitution of the United States - Article 1,34,0.27203605,world_constitution_belize_2011_preamble_0046,world_constitution_belize_2011_preamble,Belize,Belize's Constitution of 1981 with Amendments through 2011 - Preamble,in accordance with the advice of the Prime Minister in relation to an appointment to be temporarily a member of the Senate in place of a Senator appointed in pursuance of paragraph (a) of subsection (2) of section 61 of ...,https://www.constituteproject.org/service/html?cons_id=Belize_2011&lang=en
us_constitution_1787_article_1_0001,Constitution of the United States - Article 1,35,0.26927496,world_constitution_barbados_2007_preamble_0029,world_constitution_barbados_2007_preamble,Barbados,Barbados's Constitution of 1966 with Amendments through 2007 - Preamble,"When the Senate first meets after any dissolution of Parliament and before it proceeds to the despatch of any other business, it shall elect a Senator, not being a Minister or Parliamentary Secretary, to be President of the Senate; and ...",https://www.constituteproject.org/service/html?cons_id=Barbados_2007&lang=en
us_constitution_1787_article_1_0001,Constitution of the United States - Article 1,36,0.26876625,world_constitution_united_states_of_america_1992_article_v_003_0009,world_constitution_united_states_of_america_1992_article_v_003,United States of America,United States of America's Constitution of 1789 with Amendments through 1992 - Article V,be inoperative unless it shall have been ratified as an amendment to the Constitution by the legislatures of three-fourths of the several States within seven years from the date of its submission. Amendment XXI Section 1 The eighteenth article of ...,https://www.constituteproject.org/service/html?cons_id=United_States_of_America_1992&lang=en
us_constitution_1787_article_1_0001,Constitution of the United States - Article 1,37,0.26865203,world_constitution_india_2016_preamble_0026,world_constitution_india_2016_preamble,India,India's Constitution of 1949 with Amendments through 2016 - Preamble,"Provided further that such readjustment shall take effect from such date as the President may, by order, specify and until such readjustment takes effect, any election to the House may be held on the basis of the territorial constituencies existing ...",https://www.constituteproject.org/service/html?cons_id=India_2016&lang=en
us_constitution_1787_article_1_0001,Constitution of the United States - Article 1,38,0.26809209,world_constitution_philippines_1987_article_i_007_0002,world_constitution_philippines_1987_article_i_007,Philippines,Philippines's Constitution of 1987 - Article I,"So help me God."" (In case of affirmation, last sentence will be omitted.) Sec 6 The President shall have an official residence. The salaries of the President and Vice-President shall be determined by law and shall not be decreased during ...",https://www.constituteproject.org/service/html?cons_id=Philippines_1987&lang=en
us_constitution_1787_article_1_0001,Constitution of the United States - Article 1,39,0.26434504,world_constitution_united_states_of_america_1992_article_iii_0000,world_constitution_united_states_of_america_1992_article_iii,United States of America,United States of America's Constitution of 1789 with Amendments through 1992 - Article III,"Article III Section 1 The judicial Power of the United States, shall be vested in one supreme Court, and in such inferior Courts as the Congress may from time to time ordain and establish. The Judges, both of the supreme ...",https://www.constituteproject.org/service/html?cons_id=United_States_of_America_1992&lang=en
us_constitution_1787_article_1_0001,Constitution of the United States - Article 1,40,0.2596068,world_constitution_india_2016_preamble_0059,world_constitution_india_2016_preamble,India,India's Constitution of 1949 with Amendments through 2016 - Preamble,"as nearly as may be, one-third shall be elected by the members of the Legislative Assembly of the State from amongst persons who are not members of the Assembly; the remainder shall be nominated by the Governor in accordance with ...",https://www.constituteproject.org/service/html?cons_id=India_2016&lang=en
us_constitution_1787_article_1_0001,Constitution of the United States - Article 1,41,0.25871555,world_constitution_united_states_of_america_1992_article_v_003_0012,world_constitution_united_states_of_america_1992_article_v_003,United States of America,United States of America's Constitution of 1789 with Amendments through 1992 - Article V,"forty-eight hours for that purpose if not in session. If the Congress, within twenty-one days after receipt of the latter written declaration, or, if Congress is not in session, within twenty-one days after Congress is required to assemble, determines by ...",https://www.constituteproject.org/service/html?cons_id=United_States_of_America_1992&lang=en
us_constitution_1787_article_1_0001,Constitution of the United States - Article 1,42,0.25806464,world_constitution_united_states_of_america_1992_article_i_0004,world_constitution_united_states_of_america_1992_article_i,United States of America,United States of America's Constitution of 1789 with Amendments through 1992 - Article I,"Bills. Every Bill which shall have passed the House of Representatives and the Senate, shall, before it become a Law, be presented to the President of the United States: If he approve he shall sign it, but if not he ...",https://www.constituteproject.org/service/html?cons_id=United_States_of_America_1992&lang=en
us_constitution_1787_article_1_0001,Constitution of the United States - Article 1,43,0.25544393,world_constitution_trinidad_and_tobago_2007_preamble_0031,world_constitution_trinidad_and_tobago_2007_preamble,Trinidad and Tobago,Trinidad and Tobago's Constitution of 1976 with Amendments through 2007 - Preamble,"The Speaker or, in his absence, the Deputy Speaker or, where they are both absent, a member of the House of Representatives, not being a Minister or a Parliamentary Secretary, elected by the House for that sitting shall preside at ...",https://www.constituteproject.org/service/html?cons_id=Trinidad_and_Tobago_2007&lang=en
us_constitution_1787_article_1_0001,Constitution of the United States - Article 1,44,0.25414252,world_constitution_australia_1985_preamble_0008,world_constitution_australia_1985_preamble,Australia,Australia's Constitution of 1901 with Amendments through 1985 - Preamble,"29. Electoral divisions Until the Parliament of the Commonwealth otherwise provides, the Parliament of any State may make laws for determining the divisions in each State for which members of the House of Representatives may be chosen, and the number ...",https://www.constituteproject.org/service/html?cons_id=Australia_1985&lang=en
us_constitution_1787_article_1_0001,Constitution of the United States - Article 1,45,0.25362415,world_constitution_st_lucia_1978_preamble_0025,world_constitution_st_lucia_1978_preamble,Saint Lucia,Saint Lucia's Constitution of 1978 - Preamble,in his own deliberate judgment after such consultation as is specified in paragraph (c) of that subsection in relation to a Senator appointed in pursuance of that paragraph. 29 When the Senate first meets after any dissolution of Parliament and ...,https://www.constituteproject.org/service/html?cons_id=St_Lucia_1978&lang=en
us_constitution_1787_article_1_0001,Constitution of the United States - Article 1,46,0.25340056,world_constitution_australia_1985_preamble_0007,world_constitution_australia_1985_preamble,Australia,Australia's Constitution of 1901 with Amendments through 1985 - Preamble,"Questions arising in the Senate shall be determined by a majority of votes, and each senator shall have one vote. The President shall in all cases be entitled to a vote; and when the votes are equal the question shall ...",https://www.constituteproject.org/service/html?cons_id=Australia_1985&lang=en
us_constitution_1787_article_1_0001,Constitution of the United States - Article 1,47,0.25274634,world_constitution_grenada_1992_preamble_0022,world_constitution_grenada_1992_preamble,Grenada,"Grenada's Constitution of 1973, Reinstated in 1991, with Amendments through 1992 - Preamble","If any circumstances such as are referred to in paragraph (d) of subsection (2) of this section arise because any Senator in under sentence of death or imprisonment, adjudged to be of unsound mind, declared bankrupt or convicted or reported ...",https://www.constituteproject.org/service/html?cons_id=Grenada_1992&lang=en
us_constitution_1787_article_1_0001,Constitution of the United States - Article 1,48,0.25145147,world_constitution_united_states_of_america_1992_article_v_003_0011,world_constitution_united_states_of_america_1992_article_v_003,United States of America,United States of America's Constitution of 1789 with Amendments through 1992 - Article V,the President shall nominate a Vice President who shall take office upon confirmation by a majority vote of both Houses of Congress. Section 3 Whenever the President transmits to the President pro tempore of the Senate and the Speaker of ...,https://www.constituteproject.org/service/html?cons_id=United_States_of_America_1992&lang=en
us_constitution_1787_article_1_0001,Constitution of the United States - Article 1,49,0.24796006,world_constitution_pakistan_2018_article_48_0000,world_constitution_pakistan_2018_article_48,Pakistan,"Pakistan's Constitution of 1973, Reinstated in 2002, with Amendments through 2018 - Article 48","Article 48, the President may also dissolve the National Assembly in his discretion where, a vote of no-confidence having been passed against the Prime Minister, no other member of the National Assembly command the confidence of the majority of the ...",https://www.constituteproject.org/service/html?cons_id=Pakistan_2018&lang=en
us_constitution_1787_article_1_0001,Constitution of the United States - Article 1,50,0.24584972,world_constitution_malawi_2017_preamble_0025,world_constitution_malawi_2017_preamble,Malawi,Malawi's Constitution of 1994 with Amendments through 2017 - Preamble,"“I, ............. do solemnly swear that I will well and truly perform the functions of the high office of President (or Vice-President) of the Republic of Malawi, and that I will preserve and defend the Constitution, and that I will ...",https://www.constituteproject.org/service/html?cons_id=Malawi_2017&lang=en
us_constitution_1787_article_1_0002,Constitution of the United States - Article 1,1,0.971507,world_constitution_united_states_of_america_1992_article_i_0002,world_constitution_united_states_of_america_1992_article_i,United States of America,United States of America's Constitution of 1789 with Amendments through 1992 - Article I,"in the Absence of the Vice President, or when he shall exercise the Office of President of the United States. The Senate shall have the sole Power to try all Impeachments. When sitting for that Purpose, they shall be on ...",https://www.constituteproject.org/service/html?cons_id=United_States_of_America_1992&lang=en
us_constitution_1787_article_1_0002,Constitution of the United States - Article 1,2,0.57817224,world_constitution_philippines_1987_article_i_006_0004,world_constitution_philippines_1987_article_i_006,Philippines,Philippines's Constitution of 1987 - Article I,"Each House shall choose such other officers as it may deem necessary. A majority of each House shall constitute a quorum to do business, but a smaller number may adjourn from day to day and may compel the attendance of ...",https://www.constituteproject.org/service/html?cons_id=Philippines_1987&lang=en
us_constitution_1787_article_1_0002,Constitution of the United States - Article 1,3,0.51166509,world_constitution_united_states_of_america_1992_article_i_0003,world_constitution_united_states_of_america_1992_article_i,United States of America,United States of America's Constitution of 1789 with Amendments through 1992 - Article I,"disorderly Behaviour, and, with the Concurrence of two thirds, expel a Member. Each House shall keep a Journal of its Proceedings, and from time to time publish the same, excepting such Parts as may in their Judgment require Secrecy; and ...",https://www.constituteproject.org/service/html?cons_id=United_States_of_America_1992&lang=en
us_constitution_1787_article_1_0002,Constitution of the United States - Article 1,4,0.39064214,world_constitution_united_states_of_america_1992_article_ii_0001,world_constitution_united_states_of_america_1992_article_ii,United States of America,United States of America's Constitution of 1789 with Amendments through 1992 - Article II,"from the five highest on the List the said House shall in like Manner chuse the President. But in chusing the President, the Votes shall be taken by States, the Representatives from each State having one Vote; a quorum for ...",https://www.constituteproject.org/service/html?cons_id=United_States_of_America_1992&lang=en
us_constitution_1787_article_1_0002,Constitution of the United States - Article 1,5,0.38768454,world_constitution_united_states_of_america_1992_article_ii_0000,world_constitution_united_states_of_america_1992_article_ii,United States of America,United States of America's Constitution of 1789 with Amendments through 1992 - Article II,"Article II Section 1 The executive Power shall be vested in a President of the United States of America. He shall hold his Office during the Term of four Years, and, together with the Vice President, chosen for the same ...",https://www.constituteproject.org/service/html?cons_id=United_States_of_America_1992&lang=en
us_constitution_1787_article_1_0002,Constitution of the United States - Article 1,6,0.37985214,world_constitution_united_states_of_america_1992_article_v_003_0004,world_constitution_united_states_of_america_1992_article_v_003,United States of America,United States of America's Constitution of 1789 with Amendments through 1992 - Article V,"the votes shall be taken by states, the representation from each state having one vote; a quorum for this purpose shall consist of a member or members from two-thirds of the states, and a majority of all the states shall ...",https://www.constituteproject.org/service/html?cons_id=United_States_of_America_1992&lang=en
us_constitution_1787_article_1_0002,Constitution of the United States - Article 1,7,0.37938571,world_constitution_united_states_of_america_1992_article_i_0004,world_constitution_united_states_of_america_1992_article_i,United States of America,United States of America's Constitution of 1789 with Amendments through 1992 - Article I,"Bills. Every Bill which shall have passed the House of Representatives and the Senate, shall, before it become a Law, be presented to the President of the United States: If he approve he shall sign it, but if not he ...",https://www.constituteproject.org/service/html?cons_id=United_States_of_America_1992&lang=en
us_constitution_1787_article_1_0002,Constitution of the United States - Article 1,8,0.3719908,world_constitution_united_states_of_america_1992_article_i_0001,world_constitution_united_states_of_america_1992_article_i,United States of America,United States of America's Constitution of 1789 with Amendments through 1992 - Article I,"Carolina five, South Carolina five, and Georgia three. When vacancies happen in the Representation from any State, the Executive Authority thereof shall issue Writs of Election to fill such Vacancies. The House of Representatives shall chuse their Speaker and other ...",https://www.constituteproject.org/service/html?cons_id=United_States_of_America_1992&lang=en
us_constitution_1787_article_1_0002,Constitution of the United States - Article 1,9,0.3692045,world_constitution_united_states_of_america_1992_article_ii_0002,world_constitution_united_states_of_america_1992_article_ii,United States of America,United States of America's Constitution of 1789 with Amendments through 1992 - Article II,"Officer shall act accordingly, until the Disability be removed, or a President shall be elected. The President shall, at stated Times, receive for his Services, a Compensation, which shall neither be encreased nor diminished during the Period for which he ...",https://www.constituteproject.org/service/html?cons_id=United_States_of_America_1992&lang=en
us_constitution_1787_article_1_0002,Constitution of the United States - Article 1,10,0.35343953,world_constitution_united_states_of_america_1992_article_v_003_0005,world_constitution_united_states_of_america_1992_article_v_003,United States of America,United States of America's Constitution of 1789 with Amendments through 1992 - Article V,"make or enforce any law which shall abridge the privileges or immunities of citizens of the United States; nor shall any State deprive any person of life, liberty, or property, without due process of law; nor deny to any person ...",https://www.constituteproject.org/service/html?cons_id=United_States_of_America_1992&lang=en
us_constitution_1787_article_1_0002,Constitution of the United States - Article 1,11,0.33696475,world_constitution_united_states_of_america_1992_article_iii_0000,world_constitution_united_states_of_america_1992_article_iii,United States of America,United States of America's Constitution of 1789 with Amendments through 1992 - Article III,"Article III Section 1 The judicial Power of the United States, shall be vested in one supreme Court, and in such inferior Courts as the Congress may from time to time ordain and establish. The Judges, both of the supreme ...",https://www.constituteproject.org/service/html?cons_id=United_States_of_America_1992&lang=en
us_constitution_1787_article_1_0002,Constitution of the United States - Article 1,12,0.33529549,world_constitution_liberia_1986_article_43_0000,world_constitution_liberia_1986_article_43,Liberia,Liberia's Constitution of 1986 - Article 43,"Article 43 The power to prepare a bill of impeachment is vested solely in the House of Representatives, and the power to try all impeachments is vested solely in the Senate. When the President, Vice President or an Associate Justice ...",https://www.constituteproject.org/service/html?cons_id=Liberia_1986&lang=en
us_constitution_1787_article_1_0002,Constitution of the United States - Article 1,13,0.33064123,world_constitution_united_states_of_america_1992_article_i_002_0000,world_constitution_united_states_of_america_1992_article_i_002,United States of America,United States of America's Constitution of 1789 with Amendments through 1992 - Article I,"Article IV Section 1 Full Faith and Credit shall be given in each State to the public Acts, Records, and judicial Proceedings of every other State. And the Congress may by general Laws prescribe the Manner in which such Acts, ...",https://www.constituteproject.org/service/html?cons_id=United_States_of_America_1992&lang=en
us_constitution_1787_article_1_0002,Constitution of the United States - Article 1,14,0.33042996,world_constitution_united_states_of_america_1992_article_v_003_0006,world_constitution_united_states_of_america_1992_article_v_003,United States of America,United States of America's Constitution of 1789 with Amendments through 1992 - Article V,"same, or given aid or comfort to the enemies thereof. But Congress may by a vote of two-thirds of each House, remove such disability. Section 4 The validity of the public debt of the United States, authorized by law, including ...",https://www.constituteproject.org/service/html?cons_id=United_States_of_America_1992&lang=en
us_constitution_1787_article_1_0002,Constitution of the United States - Article 1,15,0.32372669,world_constitution_united_states_of_america_1992_article_v_003_0003,world_constitution_united_states_of_america_1992_article_v_003,United States of America,United States of America's Constitution of 1789 with Amendments through 1992 - Article V,"States by the Constitution, nor prohibited by it to the States, are reserved to the States respectively, or to the people. Additional Amendments Amendment XI The Judicial power of the United States shall not be construed to extend to any ...",https://www.constituteproject.org/service/html?cons_id=United_States_of_America_1992&lang=en
us_constitution_1787_article_1_0002,Constitution of the United States - Article 1,16,0.32343311,world_constitution_united_states_of_america_1992_article_v_003_0010,world_constitution_united_states_of_america_1992_article_v_003,United States of America,United States of America's Constitution of 1789 with Amendments through 1992 - Article V,the legislatures of three-fourths of the several States within seven years from the date of its submission to the States by the Congress. Amendment XXIII Section 1 The District constituting the seat of Government of the United States shall appoint ...,https://www.constituteproject.org/service/html?cons_id=United_States_of_America_1992&lang=en
us_constitution_1787_article_1_0002,Constitution of the United States - Article 1,17,0.32307768,world_constitution_philippines_1987_article_i_011_0001,world_constitution_philippines_1987_article_i_011,Philippines,Philippines's Constitution of 1987 - Article I,"recorded. In case the verified compliant or resolution of impeachment is filed by at least one third of all the Members of the House, the same shall constitute the Articles of Impeachment, and trial by the Senate shall forthwith proceed. ...",https://www.constituteproject.org/service/html?cons_id=Philippines_1987&lang=en
us_constitution_1787_article_1_0002,Constitution of the United States - Article 1,18,0.32141679,world_constitution_trinidad_and_tobago_2007_preamble_0030,world_constitution_trinidad_and_tobago_2007_preamble,Trinidad and Tobago,Trinidad and Tobago's Constitution of 1976 with Amendments through 2007 - Preamble,"No civil or criminal proceedings may be instituted against any member of either House for words spoken before, or written in a report to, the House of which he is a member or in which he has a right of ...",https://www.constituteproject.org/service/html?cons_id=Trinidad_and_Tobago_2007&lang=en
us_constitution_1787_article_1_0002,Constitution of the United States - Article 1,19,0.31629331,world_constitution_micronesia_1990_article_i_010_0003,world_constitution_micronesia_1990_article_i_010,Micronesia (Federated States of),Micronesia (Federated States of)'s Constitution of 1978 with Amendments through 1990 - Article I,"another public office or employment. During the term for which he is elected and 3 years thereafter, a member may not be elected or appointed to a public office or employment created by national statute during his term. A member ...",https://www.constituteproject.org/service/html?cons_id=Micronesia_1990&lang=en
us_constitution_1787_article_1_0002,Constitution of the United States - Article 1,20,0.31048444,world_constitution_united_states_of_america_1992_article_v_002_0000,world_constitution_united_states_of_america_1992_article_v_002,United States of America,United States of America's Constitution of 1789 with Amendments through 1992 - Article V,"Article VI All Debts contracted and Engagements entered into, before the Adoption of this Constitution, shall be as valid against the United States under this Constitution, as under the Confederation. This Constitution, and the Laws of the United States which ...",https://www.constituteproject.org/service/html?cons_id=United_States_of_America_1992&lang=en
us_constitution_1787_article_1_0002,Constitution of the United States - Article 1,21,0.30419125,world_constitution_united_states_of_america_1992_article_v_003_0007,world_constitution_united_states_of_america_1992_article_v_003,United States of America,United States of America's Constitution of 1789 with Amendments through 1992 - Article V,"Senate, the executive authority of such State shall issue writs of election to fill such vacancies: Provided, That the legislature of any State may empower the executive thereof to make temporary appointments until the people fill the vacancies by election ...",https://www.constituteproject.org/service/html?cons_id=United_States_of_America_1992&lang=en
us_constitution_1787_article_1_0002,Constitution of the United States - Article 1,22,0.29772932,world_constitution_antigua_and_barbuda_1981_preamble_0036,world_constitution_antigua_and_barbuda_1981_preamble,Antigua and Barbuda,Antigua and Barbuda's Constitution of 1981 - Preamble,References in this section to a member of a House of Parliament include references to any person who is a member of the House by virtue of holding the office of Speaker or by virtue of holding or acting in ...,https://www.constituteproject.org/service/html?cons_id=Antigua_and_Barbuda_1981&lang=en
us_constitution_1787_article_1_0002,Constitution of the United States - Article 1,23,0.29193601,world_constitution_south_sudan_2013_article_101_0000,world_constitution_south_sudan_2013_article_101,South Sudan,South Sudan's Constitution of 2011 with Amendments through 2013 - Article 101,"Article 101 (g) herein, each House shall determine the dates of commencement and closure of its sessions. The National Legislature or each House may convene an emergency or extraordinary session on the request of half of its members or upon ...",https://www.constituteproject.org/service/html?cons_id=South_Sudan_2013&lang=en
us_constitution_1787_article_1_0002,Constitution of the United States - Article 1,24,0.29184172,world_constitution_australia_1985_preamble_0003,world_constitution_australia_1985_preamble,Australia,Australia's Constitution of 1901 with Amendments through 1985 - Preamble,"The Parliament of the Commonwealth may make laws prescribing the method of choosing senators, but so that the method shall be uniform for all the States. Subject to any such law, the Parliament of each State may make laws prescribing ...",https://www.constituteproject.org/service/html?cons_id=Australia_1985&lang=en
us_constitution_1787_article_1_0002,Constitution of the United States - Article 1,25,0.29141103,world_constitution_united_states_of_america_1992_article_ii_0003,world_constitution_united_states_of_america_1992_article_ii,United States of America,United States of America's Constitution of 1789 with Amendments through 1992 - Article II,"by Law: but the Congress may by Law vest the Appointment of such inferior Officers, as they think proper, in the President alone, in the Courts of Law, or in the Heads of Departments. The President shall have Power to ...",https://www.constituteproject.org/service/html?cons_id=United_States_of_America_1992&lang=en
us_constitution_1787_article_1_0002,Constitution of the United States - Article 1,26,0.29011533,world_constitution_philippines_1987_article_i_006_0008,world_constitution_philippines_1987_article_i_006,Philippines,Philippines's Constitution of 1987 - Article I,force and effect until the general appropriations bill is passed by the Congress. Sec 26 Every bill passed by the Congress shall embrace only one subject which shall be expressed in the title thereof. No bill passed by either House ...,https://www.constituteproject.org/service/html?cons_id=Philippines_1987&lang=en
us_constitution_1787_article_1_0002,Constitution of the United States - Article 1,27,0.28987371,world_constitution_st_lucia_1978_preamble_0041,world_constitution_st_lucia_1978_preamble,Saint Lucia,Saint Lucia's Constitution of 1978 - Preamble,"In this section and sections 49 and 50 of this Constitution references to the Speaker shall, if the person holding the office of Speaker is for any reason unable to perform the functions of his office and no other person ...",https://www.constituteproject.org/service/html?cons_id=St_Lucia_1978&lang=en
us_constitution_1787_article_1_0002,Constitution of the United States - Article 1,28,0.28764312,world_constitution_united_states_of_america_1992_article_i_0000,world_constitution_united_states_of_america_1992_article_i,United States of America,United States of America's Constitution of 1789 with Amendments through 1992 - Article I,"Article I Section 1 All legislative Powers herein granted shall be vested in a Congress of the United States, which shall consist of a Senate and House of Representatives. Section 2 The House of Representatives shall be composed of Members ...",https://www.constituteproject.org/service/html?cons_id=United_States_of_America_1992&lang=en
us_constitution_1787_article_1_0002,Constitution of the United States - Article 1,29,0.28673119,world_constitution_philippines_1987_article_i_006_0003,world_constitution_philippines_1987_article_i_006,Philippines,Philippines's Constitution of 1987 - Article I,"they are authors. Sec 13 No Senator or Member of the House of Representatives may hold any other office or employment in the Government, or any subdivision, agency, or instrumentality thereof, including government-owned or controlled corporations or their subsidiaries, during ...",https://www.constituteproject.org/service/html?cons_id=Philippines_1987&lang=en
us_constitution_1787_article_1_0002,Constitution of the United States - Article 1,30,0.28524646,world_constitution_united_states_of_america_1992_article_v_003_0008,world_constitution_united_states_of_america_1992_article_v_003,United States of America,United States of America's Constitution of 1789 with Amendments through 1992 - Article V,"this article had not been ratified; and the terms of their successors shall then begin. Section 2 The Congress shall assemble at least once in every year, and such meeting shall begin at noon on the 3d day of January, ...",https://www.constituteproject.org/service/html?cons_id=United_States_of_America_1992&lang=en
us_constitution_1787_article_1_0002,Constitution of the United States - Article 1,31,0.2847973,world_constitution_belize_2011_preamble_0050,world_constitution_belize_2011_preamble,Belize,Belize's Constitution of 1981 with Amendments through 2011 - Preamble,"The Speaker, or in his absence, the Deputy Speaker, or, if they are both absent, a member of the House of Representatives (not being a Minister) elected by the House for that sitting shall preside at each sitting of the ...",https://www.constituteproject.org/service/html?cons_id=Belize_2011&lang=en
us_constitution_1787_article_1_0002,Constitution of the United States - Article 1,32,0.2841353,world_constitution_nigeria_2011_preamble_0039,world_constitution_nigeria_2011_preamble,Nigeria,Nigeria's Constitution of 1999 with Amendments through 2011 - Preamble,"At any sitting of a House of Assembly, the Speaker of that House shall preside, and in his absence the Deputy Speaker shall preside. In the absence of the Speaker and Deputy Speaker of the House, such member of the ...",https://www.constituteproject.org/service/html?cons_id=Nigeria_2011&lang=en
us_constitution_1787_article_1_0002,Constitution of the United States - Article 1,33,0.28402686,world_constitution_india_2016_preamble_0064,world_constitution_india_2016_preamble,India,India's Constitution of 1949 with Amendments through 2016 - Preamble,"Every member of the Legislative Assembly or the Legislative Council of a State shall, before taking his seat, make and subscribe before the Governor, or some person appointed in that behalf by him, an oath or affirmation according to the ...",https://www.constituteproject.org/service/html?cons_id=India_2016&lang=en
us_constitution_1787_article_1_0002,Constitution of the United States - Article 1,34,0.2790398,world_constitution_bahamas_1973_article_52_0002,world_constitution_bahamas_1973_article_52,Bahamas (The),Bahamas (The)'s Constitution of 1973 - Article 52,"the provisions of this Constitution or The Bahamas Independence Act 1973 include references to he amendment, modification or re-enactment with of without amendment or modification, of that provision, the suspension or repeal of that provision and the making of a ...",https://www.constituteproject.org/service/html?cons_id=Bahamas_1973&lang=en
us_constitution_1787_article_1_0002,Constitution of the United States - Article 1,35,0.27758405,world_constitution_spain_2011_preamble_0014,world_constitution_spain_2011_preamble,Spain,Spain's Constitution of 1978 with Amendments through 2011 - Preamble,"The Self-governing Communities shall, in addition, appoint one Senator and a further Senator for every million inhabitants in their respective territories. The appointment shall be incumbent upon the Legislative Assembly or, in default thereof, upon the Selfgoverning Community's highest corporate ...",https://www.constituteproject.org/service/html?cons_id=Spain_2011&lang=en
us_constitution_1787_article_1_0002,Constitution of the United States - Article 1,36,0.27669991,world_constitution_dominica_2014_preamble_0037,world_constitution_dominica_2014_preamble,Dominica,Dominica's Constitution of 1978 with Amendments through 2014 - Preamble,"proceed upon any motion (including any amendment to a motion) the effect of which, in the opinion of the person presiding, would be to make provision for any of those purposes. 51. Scrutiny of electoral legislation Every proposed bill and ...",https://www.constituteproject.org/service/html?cons_id=Dominica_2014&lang=en
us_constitution_1787_article_1_0002,Constitution of the United States - Article 1,37,0.27573396,world_constitution_trinidad_and_tobago_2007_preamble_0031,world_constitution_trinidad_and_tobago_2007_preamble,Trinidad and Tobago,Trinidad and Tobago's Constitution of 1976 with Amendments through 2007 - Preamble,"The Speaker or, in his absence, the Deputy Speaker or, where they are both absent, a member of the House of Representatives, not being a Minister or a Parliamentary Secretary, elected by the House for that sitting shall preside at ...",https://www.constituteproject.org/service/html?cons_id=Trinidad_and_Tobago_2007&lang=en
us_constitution_1787_article_1_0002,Constitution of the United States - Article 1,38,0.27342531,world_constitution_united_states_of_america_1992_article_v_003_0012,world_constitution_united_states_of_america_1992_article_v_003,United States of America,United States of America's Constitution of 1789 with Amendments through 1992 - Article V,"forty-eight hours for that purpose if not in session. If the Congress, within twenty-one days after receipt of the latter written declaration, or, if Congress is not in session, within twenty-one days after Congress is required to assemble, determines by ...",https://www.constituteproject.org/service/html?cons_id=United_States_of_America_1992&lang=en
us_constitution_1787_article_1_0002,Constitution of the United States - Article 1,39,0.27097545,world_constitution_united_states_of_america_1992_article_v_003_0009,world_constitution_united_states_of_america_1992_article_v_003,United States of America,United States of America's Constitution of 1789 with Amendments through 1992 - Article V,be inoperative unless it shall have been ratified as an amendment to the Constitution by the legislatures of three-fourths of the several States within seven years from the date of its submission. Amendment XXI Section 1 The eighteenth article of ...,https://www.constituteproject.org/service/html?cons_id=United_States_of_America_1992&lang=en
us_constitution_1787_article_1_0002,Constitution of the United States - Article 1,40,0.26958492,world_constitution_italy_2020_preamble_0008,world_constitution_italy_2020_preamble,Italy,Italy's Constitution of 1947 with Amendments through 2020 - Preamble,"The President of the Republic may appoint citizens who have honoured the Nation through their outstanding achievements in the social, scientific, artistic and literary fields as life Senators. The total number of sitting Senators appointed by the President of the ...",https://www.constituteproject.org/service/html?cons_id=Italy_2020&lang=en
us_constitution_1787_article_1_0002,Constitution of the United States - Article 1,41,0.2680459,world_constitution_japan_1946_article_57_0000,world_constitution_japan_1946_article_57,Japan,Japan's Constitution of 1946 - Article 57,"Article 57 Deliberation in each House shall be public. However, a secret meeting may be held where a majority of two-thirds or more of those members present passes a resolution therefor. Each House shall keep a record of proceedings. This ...",https://www.constituteproject.org/service/html?cons_id=Japan_1946&lang=en
us_constitution_1787_article_1_0002,Constitution of the United States - Article 1,42,0.26778769,world_constitution_france_2008_article_i_028_0000,world_constitution_france_2008_article_i_028,France,France's Constitution of 1958 with Amendments through 2008 - Article I,ARTICLE 28 Parliament shall sit as of right in one ordinary session which shall start on the first working day of October and shall end on the last working day of June. The number of days for which each House ...,https://www.constituteproject.org/service/html?cons_id=France_2008&lang=en
us_constitution_1787_article_1_0002,Constitution of the United States - Article 1,43,0.26616161,world_constitution_lesotho_2018_preamble_0048,world_constitution_lesotho_2018_preamble,Lesotho,Lesotho's Constitution of 1993 with Amendments through 2018 - Preamble,Each House of Parliament may act notwithstanding any vacancy in its membership (including any vacancy not filled when the House first meets after any general election) and the presence or participation of any person not entitled to be present at ...,https://www.constituteproject.org/service/html?cons_id=Lesotho_2018&lang=en
us_constitution_1787_article_1_0002,Constitution of the United States - Article 1,44,0.26101341,world_constitution_belize_2011_preamble_0049,world_constitution_belize_2011_preamble,Belize,Belize's Constitution of 1981 with Amendments through 2011 - Preamble,"For the removal of doubts, it is hereby declared that the provisions of this section are all-inclusive and exhaustive and there is no other limitation, whether substantive or procedural, on the power of the National Assembly to alter this Constitution. ...",https://www.constituteproject.org/service/html?cons_id=Belize_2011&lang=en
us_constitution_1787_article_1_0002,Constitution of the United States - Article 1,45,0.26066302,world_constitution_australia_1985_preamble_0002,world_constitution_australia_1985_preamble,Australia,Australia's Constitution of 1901 with Amendments through 1985 - Preamble,"The provisions of this Constitution relating to the Governor-General extend and apply to the Governor-General for the time being, or such person as the Queen may appoint to administer the Government of the Commonwealth; but no such person shall be ...",https://www.constituteproject.org/service/html?cons_id=Australia_1985&lang=en
us_constitution_1787_article_1_0002,Constitution of the United States - Article 1,46,0.26012772,world_constitution_jamaica_2015_preamble_0036,world_constitution_jamaica_2015_preamble,Jamaica,Jamaica's Constitution of 1962 with Amendments through 2015 - Preamble,it is passed by the Senate in the manner so prescribed with any amendment which is not agreed to by the House of Representatives. For the purposes of subsection (5) and subsection (6) of this section a Bill that is ...,https://www.constituteproject.org/service/html?cons_id=Jamaica_2015&lang=en
us_constitution_1787_article_1_0002,Constitution of the United States - Article 1,47,0.25869969,world_constitution_australia_1985_preamble_0008,world_constitution_australia_1985_preamble,Australia,Australia's Constitution of 1901 with Amendments through 1985 - Preamble,"29. Electoral divisions Until the Parliament of the Commonwealth otherwise provides, the Parliament of any State may make laws for determining the divisions in each State for which members of the House of Representatives may be chosen, and the number ...",https://www.constituteproject.org/service/html?cons_id=Australia_1985&lang=en
us_constitution_1787_article_1_0002,Constitution of the United States - Article 1,48,0.25731208,world_constitution_united_states_of_america_1992_article_i_0006,world_constitution_united_states_of_america_1992_article_i,United States of America,United States of America's Constitution of 1789 with Amendments through 1992 - Article I,"the Union, suppress Insurrections and repel Invasions; To provide for organizing, arming, and disciplining, the Militia, and for governing such Part of them as may be employed in the Service of the United States, reserving to the States respectively, the ...",https://www.constituteproject.org/service/html?cons_id=United_States_of_America_1992&lang=en
us_constitution_1787_article_1_0002,Constitution of the United States - Article 1,49,0.25694455,world_constitution_nigeria_2011_preamble_0025,world_constitution_nigeria_2011_preamble,Nigeria,Nigeria's Constitution of 1999 with Amendments through 2011 - Preamble,If objection is taken by any member of the Senate or the House of Representatives present that there are present in the House of which he is a member (besides the person presiding) fewer than one-third of all the members ...,https://www.constituteproject.org/service/html?cons_id=Nigeria_2011&lang=en
us_constitution_1787_article_1_0002,Constitution of the United States - Article 1,50,0.25683309,world_constitution_malaysia_2007_article_66_0000,world_constitution_malaysia_2007_article_66,Malaysia,Malaysia's Constitution of 1957 with Amendments through 2007 - Article 66,Article 66 shall not lapse by reason of the prorogation or dissolution of Parliament. 56. President and Deputy President of Senate The Senate shall from time to time choose one of its members to be Yang di-Pertua Dewan Negara (President ...,https://www.constituteproject.org/service/html?cons_id=Malaysia_2007&lang=en
us_constitution_1787_article_1_0003,Constitution of the United States - Article 1,1,0.96450034,world_constitution_united_states_of_america_1992_article_i_0003,world_constitution_united_states_of_america_1992_article_i,United States of America,United States of America's Constitution of 1789 with Amendments through 1992 - Article I,"disorderly Behaviour, and, with the Concurrence of two thirds, expel a Member. Each House shall keep a Journal of its Proceedings, and from time to time publish the same, excepting such Parts as may in their Judgment require Secrecy; and ...",https://www.constituteproject.org/service/html?cons_id=United_States_of_America_1992&lang=en
us_constitution_1787_article_1_0003,Constitution of the United States - Article 1,2,0.5325985,world_constitution_united_states_of_america_1992_article_i_0004,world_constitution_united_states_of_america_1992_article_i,United States of America,United States of America's Constitution of 1789 with Amendments through 1992 - Article I,"Bills. Every Bill which shall have passed the House of Representatives and the Senate, shall, before it become a Law, be presented to the President of the United States: If he approve he shall sign it, but if not he ...",https://www.constituteproject.org/service/html?cons_id=United_States_of_America_1992&lang=en
us_constitution_1787_article_1_0003,Constitution of the United States - Article 1,3,0.51671675,world_constitution_philippines_1987_article_i_006_0004,world_constitution_philippines_1987_article_i_006,Philippines,Philippines's Constitution of 1987 - Article I,"Each House shall choose such other officers as it may deem necessary. A majority of each House shall constitute a quorum to do business, but a smaller number may adjourn from day to day and may compel the attendance of ...",https://www.constituteproject.org/service/html?cons_id=Philippines_1987&lang=en
us_constitution_1787_article_1_0003,Constitution of the United States - Article 1,4,0.51546552,world_constitution_united_states_of_america_1992_article_i_0002,world_constitution_united_states_of_america_1992_article_i,United States of America,United States of America's Constitution of 1789 with Amendments through 1992 - Article I,"in the Absence of the Vice President, or when he shall exercise the Office of President of the United States. The Senate shall have the sole Power to try all Impeachments. When sitting for that Purpose, they shall be on ...",https://www.constituteproject.org/service/html?cons_id=United_States_of_America_1992&lang=en
us_constitution_1787_article_1_0003,Constitution of the United States - Article 1,5,0.41554989,world_constitution_united_states_of_america_1992_article_ii_0002,world_constitution_united_states_of_america_1992_article_ii,United States of America,United States of America's Constitution of 1789 with Amendments through 1992 - Article II,"Officer shall act accordingly, until the Disability be removed, or a President shall be elected. The President shall, at stated Times, receive for his Services, a Compensation, which shall neither be encreased nor diminished during the Period for which he ...",https://www.constituteproject.org/service/html?cons_id=United_States_of_America_1992&lang=en
us_constitution_1787_article_1_0003,Constitution of the United States - Article 1,6,0.40170043,world_constitution_trinidad_and_tobago_2007_preamble_0030,world_constitution_trinidad_and_tobago_2007_preamble,Trinidad and Tobago,Trinidad and Tobago's Constitution of 1976 with Amendments through 2007 - Preamble,"No civil or criminal proceedings may be instituted against any member of either House for words spoken before, or written in a report to, the House of which he is a member or in which he has a right of ...",https://www.constituteproject.org/service/html?cons_id=Trinidad_and_Tobago_2007&lang=en
us_constitution_1787_article_1_0003,Constitution of the United States - Article 1,7,0.40166224,world_constitution_philippines_1987_article_i_006_0008,world_constitution_philippines_1987_article_i_006,Philippines,Philippines's Constitution of 1987 - Article I,force and effect until the general appropriations bill is passed by the Congress. Sec 26 Every bill passed by the Congress shall embrace only one subject which shall be expressed in the title thereof. No bill passed by either House ...,https://www.constituteproject.org/service/html?cons_id=Philippines_1987&lang=en
us_constitution_1787_article_1_0003,Constitution of the United States - Article 1,8,0.37421225,world_constitution_united_states_of_america_1992_article_v_003_0004,world_constitution_united_states_of_america_1992_article_v_003,United States of America,United States of America's Constitution of 1789 with Amendments through 1992 - Article V,"the votes shall be taken by states, the representation from each state having one vote; a quorum for this purpose shall consist of a member or members from two-thirds of the states, and a majority of all the states shall ...",https://www.constituteproject.org/service/html?cons_id=United_States_of_America_1992&lang=en
us_constitution_1787_article_1_0003,Constitution of the United States - Article 1,9,0.36824964,world_constitution_united_states_of_america_1992_article_ii_0000,world_constitution_united_states_of_america_1992_article_ii,United States of America,United States of America's Constitution of 1789 with Amendments through 1992 - Article II,"Article II Section 1 The executive Power shall be vested in a President of the United States of America. He shall hold his Office during the Term of four Years, and, together with the Vice President, chosen for the same ...",https://www.constituteproject.org/service/html?cons_id=United_States_of_America_1992&lang=en
us_constitution_1787_article_1_0003,Constitution of the United States - Article 1,10,0.36078638,world_constitution_nigeria_2011_preamble_0025,world_constitution_nigeria_2011_preamble,Nigeria,Nigeria's Constitution of 1999 with Amendments through 2011 - Preamble,If objection is taken by any member of the Senate or the House of Representatives present that there are present in the House of which he is a member (besides the person presiding) fewer than one-third of all the members ...,https://www.constituteproject.org/service/html?cons_id=Nigeria_2011&lang=en
us_constitution_1787_article_1_0003,Constitution of the United States - Article 1,11,0.35882476,world_constitution_united_states_of_america_1992_article_v_003_0005,world_constitution_united_states_of_america_1992_article_v_003,United States of America,United States of America's Constitution of 1789 with Amendments through 1992 - Article V,"make or enforce any law which shall abridge the privileges or immunities of citizens of the United States; nor shall any State deprive any person of life, liberty, or property, without due process of law; nor deny to any person ...",https://www.constituteproject.org/service/html?cons_id=United_States_of_America_1992&lang=en
us_constitution_1787_article_1_0003,Constitution of the United States - Article 1,12,0.35844642,world_constitution_united_states_of_america_1992_article_iii_0000,world_constitution_united_states_of_america_1992_article_iii,United States of America,United States of America's Constitution of 1789 with Amendments through 1992 - Article III,"Article III Section 1 The judicial Power of the United States, shall be vested in one supreme Court, and in such inferior Courts as the Congress may from time to time ordain and establish. The Judges, both of the supreme ...",https://www.constituteproject.org/service/html?cons_id=United_States_of_America_1992&lang=en
us_constitution_1787_article_1_0003,Constitution of the United States - Article 1,13,0.35551772,world_constitution_united_states_of_america_1992_article_ii_0001,world_constitution_united_states_of_america_1992_article_ii,United States of America,United States of America's Constitution of 1789 with Amendments through 1992 - Article II,"from the five highest on the List the said House shall in like Manner chuse the President. But in chusing the President, the Votes shall be taken by States, the Representatives from each State having one Vote; a quorum for ...",https://www.constituteproject.org/service/html?cons_id=United_States_of_America_1992&lang=en
us_constitution_1787_article_1_0003,Constitution of the United States - Article 1,14,0.35539975,world_constitution_philippines_1987_article_i_006_0002,world_constitution_philippines_1987_article_i_006,Philippines,Philippines's Constitution of 1987 - Article I,than three consecutive terms. Voluntary renunciation of the office for any length of time shall not be considered as an interruption in the continuity of his service for the full term for which he was elected. Sec 8 Unless otherwise ...,https://www.constituteproject.org/service/html?cons_id=Philippines_1987&lang=en
us_constitution_1787_article_1_0003,Constitution of the United States - Article 1,15,0.35491442,world_constitution_india_2016_preamble_0033,world_constitution_india_2016_preamble,India,India's Constitution of 1949 with Amendments through 2016 - Preamble,"No member of Parliament shall be liable to any proceedings in any court in respect of anything said or any vote given by him in Parliament or any committee thereof, and no person shall be so liable in respect of ...",https://www.constituteproject.org/service/html?cons_id=India_2016&lang=en
us_constitution_1787_article_1_0003,Constitution of the United States - Article 1,16,0.35467253,world_constitution_trinidad_and_tobago_2007_preamble_0031,world_constitution_trinidad_and_tobago_2007_preamble,Trinidad and Tobago,Trinidad and Tobago's Constitution of 1976 with Amendments through 2007 - Preamble,"The Speaker or, in his absence, the Deputy Speaker or, where they are both absent, a member of the House of Representatives, not being a Minister or a Parliamentary Secretary, elected by the House for that sitting shall preside at ...",https://www.constituteproject.org/service/html?cons_id=Trinidad_and_Tobago_2007&lang=en
us_constitution_1787_article_1_0003,Constitution of the United States - Article 1,17,0.35405439,world_constitution_belize_2011_preamble_0050,world_constitution_belize_2011_preamble,Belize,Belize's Constitution of 1981 with Amendments through 2011 - Preamble,"The Speaker, or in his absence, the Deputy Speaker, or, if they are both absent, a member of the House of Representatives (not being a Minister) elected by the House for that sitting shall preside at each sitting of the ...",https://www.constituteproject.org/service/html?cons_id=Belize_2011&lang=en
us_constitution_1787_article_1_0003,Constitution of the United States - Article 1,18,0.35133912,world_constitution_nigeria_2011_preamble_0039,world_constitution_nigeria_2011_preamble,Nigeria,Nigeria's Constitution of 1999 with Amendments through 2011 - Preamble,"At any sitting of a House of Assembly, the Speaker of that House shall preside, and in his absence the Deputy Speaker shall preside. In the absence of the Speaker and Deputy Speaker of the House, such member of the ...",https://www.constituteproject.org/service/html?cons_id=Nigeria_2011&lang=en
us_constitution_1787_article_1_0003,Constitution of the United States - Article 1,19,0.3498173,world_constitution_united_states_of_america_1992_article_v_002_0000,world_constitution_united_states_of_america_1992_article_v_002,United States of America,United States of America's Constitution of 1789 with Amendments through 1992 - Article V,"Article VI All Debts contracted and Engagements entered into, before the Adoption of this Constitution, shall be as valid against the United States under this Constitution, as under the Confederation. This Constitution, and the Laws of the United States which ...",https://www.constituteproject.org/service/html?cons_id=United_States_of_America_1992&lang=en
us_constitution_1787_article_1_0003,Constitution of the United States - Article 1,20,0.34880157,world_constitution_australia_1985_preamble_0009,world_constitution_australia_1985_preamble,Australia,Australia's Constitution of 1901 with Amendments through 1985 - Preamble,"The House of Representatives shall, before proceeding to the despatch of any other business, choose a member to be the Speaker of the House, and as often as the office of Speaker becomes vacant the House shall again choose a ...",https://www.constituteproject.org/service/html?cons_id=Australia_1985&lang=en
us_constitution_1787_article_1_0003,Constitution of the United States - Article 1,21,0.34687415,world_constitution_malaysia_2007_article_49_0000,world_constitution_malaysia_2007_article_49,Malaysia,Malaysia's Constitution of 1957 with Amendments through 2007 - Article 49,"Article 49, the election or appointment shall be void. (Repealed). A person cannot be validly nominated for election to membership of either House or appointed to the Senate without his consent. 51. Resignation of members A member of either House ...",https://www.constituteproject.org/service/html?cons_id=Malaysia_2007&lang=en
us_constitution_1787_article_1_0003,Constitution of the United States - Article 1,22,0.34656381,world_constitution_ireland_2019_article_i_015_0002,world_constitution_ireland_2019_article_i_015,Ireland,Ireland's Constitution of 1937 with Amendments through 2019 - Article I,"of the Oireachtas or of either House thereof and utterances made in either House wherever published shall be privileged. The members of each House of the Oireachtas shall, except in case of treason as defined in this Constitution, felony or ...",https://www.constituteproject.org/service/html?cons_id=Ireland_2019&lang=en
us_constitution_1787_article_1_0003,Constitution of the United States - Article 1,23,0.33641183,world_constitution_united_states_of_america_1992_article_v_003_0003,world_constitution_united_states_of_america_1992_article_v_003,United States of America,United States of America's Constitution of 1789 with Amendments through 1992 - Article V,"States by the Constitution, nor prohibited by it to the States, are reserved to the States respectively, or to the people. Additional Amendments Amendment XI The Judicial power of the United States shall not be construed to extend to any ...",https://www.constituteproject.org/service/html?cons_id=United_States_of_America_1992&lang=en
us_constitution_1787_article_1_0003,Constitution of the United States - Article 1,24,0.33503192,world_constitution_st_lucia_1978_preamble_0041,world_constitution_st_lucia_1978_preamble,Saint Lucia,Saint Lucia's Constitution of 1978 - Preamble,"In this section and sections 49 and 50 of this Constitution references to the Speaker shall, if the person holding the office of Speaker is for any reason unable to perform the functions of his office and no other person ...",https://www.constituteproject.org/service/html?cons_id=St_Lucia_1978&lang=en
us_constitution_1787_article_1_0003,Constitution of the United States - Article 1,25,0.33367645,world_constitution_united_states_of_america_1992_article_ii_0003,world_constitution_united_states_of_america_1992_article_ii,United States of America,United States of America's Constitution of 1789 with Amendments through 1992 - Article II,"by Law: but the Congress may by Law vest the Appointment of such inferior Officers, as they think proper, in the President alone, in the Courts of Law, or in the Heads of Departments. The President shall have Power to ...",https://www.constituteproject.org/service/html?cons_id=United_States_of_America_1992&lang=en
us_constitution_1787_article_1_0003,Constitution of the United States - Article 1,26,0.33338509,world_constitution_trinidad_and_tobago_2007_preamble_0032,world_constitution_trinidad_and_tobago_2007_preamble,Trinidad and Tobago,Trinidad and Tobago's Constitution of 1976 with Amendments through 2007 - Preamble,"62. Attendance of Ministers in either House A Minister who is a Member of the House of Representatives and a Minister who is a Senator— has the right to attend any sitting of the Senate or the House of Representatives, ...",https://www.constituteproject.org/service/html?cons_id=Trinidad_and_Tobago_2007&lang=en
us_constitution_1787_article_1_0003,Constitution of the United States - Article 1,27,0.32964066,world_constitution_belize_2011_preamble_0051,world_constitution_belize_2011_preamble,Belize,Belize's Constitution of 1981 with Amendments through 2011 - Preamble,"If at any sitting of either House any member of the House who is present draws the attention of the person presiding at the sitting to the absence of a quorum and, after such interval as may be prescribed in ...",https://www.constituteproject.org/service/html?cons_id=Belize_2011&lang=en
us_constitution_1787_article_1_0003,Constitution of the United States - Article 1,28,0.32797594,world_constitution_united_states_of_america_1992_article_v_003_0006,world_constitution_united_states_of_america_1992_article_v_003,United States of America,United States of America's Constitution of 1789 with Amendments through 1992 - Article V,"same, or given aid or comfort to the enemies thereof. But Congress may by a vote of two-thirds of each House, remove such disability. Section 4 The validity of the public debt of the United States, authorized by law, including ...",https://www.constituteproject.org/service/html?cons_id=United_States_of_America_1992&lang=en
us_constitution_1787_article_1_0003,Constitution of the United States - Article 1,29,0.32679702,world_constitution_thailand_2017_preamble_0041,world_constitution_thailand_2017_preamble,Thailand,Thailand's Constitution of 2017 - Preamble,"During a session, no Member of the House of Representatives or Senator shall be arrested, detained or summoned by a warrant for inquiry as a suspect in a criminal case unless permission of the House of which he or she ...",https://www.constituteproject.org/service/html?cons_id=Thailand_2017&lang=en
us_constitution_1787_article_1_0003,Constitution of the United States - Article 1,30,0.32651259,world_constitution_jordan_2016_article_95_0000,world_constitution_jordan_2016_article_95,Jordan,Jordan's Constitution of 1952 with Amendments through 2016 - Article 95,Article 95 1. Ten or more members of either the Senate and the House of Representatives may propose laws. Every proposal shall be referred to the concerned committee in the House for opinion. If the House contends to accept the ...,https://www.constituteproject.org/service/html?cons_id=Jordan_2016&lang=en
us_constitution_1787_article_1_0003,Constitution of the United States - Article 1,31,0.32543177,world_constitution_jamaica_2015_preamble_0037,world_constitution_jamaica_2015_preamble,Jamaica,Jamaica's Constitution of 1962 with Amendments through 2015 - Preamble,"If at any time during a sitting of either House objection is taken by a member that there is not a quorum present and, after such interval as may be prescribed in the Standing Orders of that House, the person ...",https://www.constituteproject.org/service/html?cons_id=Jamaica_2015&lang=en
us_constitution_1787_article_1_0003,Constitution of the United States - Article 1,32,0.32542426,world_constitution_nigeria_2011_preamble_0023,world_constitution_nigeria_2011_preamble,Nigeria,Nigeria's Constitution of 1999 with Amendments through 2011 - Preamble,"for the rendering of financial assistance to any indigent citizen of Nigeria where his right under this Chapter has been infringed or with a view to enabling him to engage the services of a legal practitioner to prosecute his claim, ...",https://www.constituteproject.org/service/html?cons_id=Nigeria_2011&lang=en
us_constitution_1787_article_1_0003,Constitution of the United States - Article 1,33,0.3231972,world_constitution_grenada_1992_preamble_0034,world_constitution_grenada_1992_preamble,Grenada,"Grenada's Constitution of 1973, Reinstated in 1991, with Amendments through 1992 - Preamble","in the absence of the President, the Deputy President; or in the absence of the President and the Deputy President, such member of the Senate (not being a Minister or a Parliamentary Secretary) as the Senate may elect for the ...",https://www.constituteproject.org/service/html?cons_id=Grenada_1992&lang=en
us_constitution_1787_article_1_0003,Constitution of the United States - Article 1,34,0.32169465,world_constitution_united_states_of_america_1992_article_i_002_0000,world_constitution_united_states_of_america_1992_article_i_002,United States of America,United States of America's Constitution of 1789 with Amendments through 1992 - Article I,"Article IV Section 1 Full Faith and Credit shall be given in each State to the public Acts, Records, and judicial Proceedings of every other State. And the Congress may by general Laws prescribe the Manner in which such Acts, ...",https://www.constituteproject.org/service/html?cons_id=United_States_of_America_1992&lang=en
us_constitution_1787_article_1_0003,Constitution of the United States - Article 1,35,0.31896643,world_constitution_malaysia_2007_article_46_0002,world_constitution_malaysia_2007_article_46,Malaysia,Malaysia's Constitution of 1957 with Amendments through 2007 - Article 46,"and subscribe before the person presiding in the House an oath in the form set out in the Sixth Schedule, but a member may before taking that oath take part in the election of a President of the Senate or ...",https://www.constituteproject.org/service/html?cons_id=Malaysia_2007&lang=en
us_constitution_1787_article_1_0003,Constitution of the United States - Article 1,36,0.3169489,world_constitution_nepal_2016_article_88_0000,world_constitution_nepal_2016_article_88,Nepal,Nepal's Constitution of 2015 with Amendments through 2016 - Article 88,"Article 88, or knowing that s/he is not qualified for membership in the House, s/he shall, on order of the person chairing the House, be liable to a fine of five thousand rupees for each day of such presence or ...",https://www.constituteproject.org/service/html?cons_id=Nepal_2016&lang=en
us_constitution_1787_article_1_0003,Constitution of the United States - Article 1,37,0.316588,world_constitution_united_states_of_america_1992_article_i_0000,world_constitution_united_states_of_america_1992_article_i,United States of America,United States of America's Constitution of 1789 with Amendments through 1992 - Article I,"Article I Section 1 All legislative Powers herein granted shall be vested in a Congress of the United States, which shall consist of a Senate and House of Representatives. Section 2 The House of Representatives shall be composed of Members ...",https://www.constituteproject.org/service/html?cons_id=United_States_of_America_1992&lang=en
us_constitution_1787_article_1_0003,Constitution of the United States - Article 1,38,0.31652357,world_constitution_malaysia_2007_article_48_0002,world_constitution_malaysia_2007_article_48,Malaysia,Malaysia's Constitution of 1957 with Amendments through 2007 - Article 48,other court proceeding is disposed of by the court; or if within the period specified in paragraph (a) or the period after the disposal of the appeal or other court proceeding specified in paragraph (b) there is filed a petition ...,https://www.constituteproject.org/service/html?cons_id=Malaysia_2007&lang=en
us_constitution_1787_article_1_0003,Constitution of the United States - Article 1,39,0.31637981,world_constitution_antigua_and_barbuda_1981_preamble_0036,world_constitution_antigua_and_barbuda_1981_preamble,Antigua and Barbuda,Antigua and Barbuda's Constitution of 1981 - Preamble,References in this section to a member of a House of Parliament include references to any person who is a member of the House by virtue of holding the office of Speaker or by virtue of holding or acting in ...,https://www.constituteproject.org/service/html?cons_id=Antigua_and_Barbuda_1981&lang=en
us_constitution_1787_article_1_0003,Constitution of the United States - Article 1,40,0.31568844,world_constitution_nigeria_2011_preamble_0026,world_constitution_nigeria_2011_preamble,Nigeria,Nigeria's Constitution of 1999 with Amendments through 2011 - Preamble,Any person who sits or votes in the Senate or the House of Representatives knowing or having reasonable grounds for knowing that he is not entitled to do so commits an offence and is liable on conviction to such punishment ...,https://www.constituteproject.org/service/html?cons_id=Nigeria_2011&lang=en
us_constitution_1787_article_1_0003,Constitution of the United States - Article 1,41,0.31480526,world_constitution_nigeria_2011_preamble_0038,world_constitution_nigeria_2011_preamble,Nigeria,Nigeria's Constitution of 1999 with Amendments through 2011 - Preamble,A summons or warrant issued under this section may be served or executed by any member of the Nigeria Police Force or by any person authorised in that behalf by the President of the Senate or the Speaker of the ...,https://www.constituteproject.org/service/html?cons_id=Nigeria_2011&lang=en
us_constitution_1787_article_1_0003,Constitution of the United States - Article 1,42,0.31334734,world_constitution_grenada_1992_preamble_0027,world_constitution_grenada_1992_preamble,Grenada,"Grenada's Constitution of 1973, Reinstated in 1991, with Amendments through 1992 - Preamble","Provided that the Speaker may, at the request of the member, from time to time, extend that period for further periods of thirty days to enable the member to pursue an appeal against the decision, so, however, that extensions of ...",https://www.constituteproject.org/service/html?cons_id=Grenada_1992&lang=en
us_constitution_1787_article_1_0003,Constitution of the United States - Article 1,43,0.31285577,world_constitution_philippines_1987_article_i_006_0003,world_constitution_philippines_1987_article_i_006,Philippines,Philippines's Constitution of 1987 - Article I,"they are authors. Sec 13 No Senator or Member of the House of Representatives may hold any other office or employment in the Government, or any subdivision, agency, or instrumentality thereof, including government-owned or controlled corporations or their subsidiaries, during ...",https://www.constituteproject.org/service/html?cons_id=Philippines_1987&lang=en
us_constitution_1787_article_1_0003,Constitution of the United States - Article 1,44,0.31171969,world_constitution_malaysia_2007_article_66_0000,world_constitution_malaysia_2007_article_66,Malaysia,Malaysia's Constitution of 1957 with Amendments through 2007 - Article 66,Article 66 shall not lapse by reason of the prorogation or dissolution of Parliament. 56. President and Deputy President of Senate The Senate shall from time to time choose one of its members to be Yang di-Pertua Dewan Negara (President ...,https://www.constituteproject.org/service/html?cons_id=Malaysia_2007&lang=en
us_constitution_1787_article_1_0003,Constitution of the United States - Article 1,45,0.31168123,world_constitution_nepal_2016_article_91_002_0003,world_constitution_nepal_2016_article_91_002,Nepal,Nepal's Constitution of 2015 with Amendments through 2016 - Article 91,"House or a joint sitting of both the Houses of Parliament, and s/he may summon the members for that purpose. President shall address the first session after an election to the House of Representatives and a joint sitting of both ...",https://www.constituteproject.org/service/html?cons_id=Nepal_2016&lang=en
us_constitution_1787_article_1_0003,Constitution of the United States - Article 1,46,0.31153251,world_constitution_belize_2011_preamble_0049,world_constitution_belize_2011_preamble,Belize,Belize's Constitution of 1981 with Amendments through 2011 - Preamble,"For the removal of doubts, it is hereby declared that the provisions of this section are all-inclusive and exhaustive and there is no other limitation, whether substantive or procedural, on the power of the National Assembly to alter this Constitution. ...",https://www.constituteproject.org/service/html?cons_id=Belize_2011&lang=en
us_constitution_1787_article_1_0003,Constitution of the United States - Article 1,47,0.31148208,world_constitution_belize_2011_preamble_0039,world_constitution_belize_2011_preamble,Belize,Belize's Constitution of 1981 with Amendments through 2011 - Preamble,"shall cease to perform his functions as a member of the House but, subject to subsection (6), shall not vacate his seat until after the determination for his appeal by the Supreme Court. If, on the determination of any appeal ...",https://www.constituteproject.org/service/html?cons_id=Belize_2011&lang=en
us_constitution_1787_article_1_0003,Constitution of the United States - Article 1,48,0.3108106,world_constitution_nigeria_2011_preamble_0040,world_constitution_nigeria_2011_preamble,Nigeria,Nigeria's Constitution of 1999 with Amendments through 2011 - Preamble,Any person who sits or votes in a House of Assembly of a State knowing or having reasonable grounds for knowing that he is not entitled to do so commits an offence and is liable on conviction to such punishment ...,https://www.constituteproject.org/service/html?cons_id=Nigeria_2011&lang=en
us_constitution_1787_article_1_0003,Constitution of the United States - Article 1,49,0.31048443,world_constitution_belgium_2014_article_59_0000,world_constitution_belgium_2014_article_59,Belgium,Belgium's Constitution of 1831 with Amendments through 2014 - Article 59,"Article 59 Except in the case of a flagrant offence, no member of either House may, during a session and in criminal matters, be directly referred or summoned before a court or be arrested, except with the authorisation of the ...",https://www.constituteproject.org/service/html?cons_id=Belgium_2014&lang=en
us_constitution_1787_article_1_0003,Constitution of the United States - Article 1,50,0.30983301,world_constitution_nepal_2016_article_91_002_0002,world_constitution_nepal_2016_article_91_002,Nepal,Nepal's Constitution of 2015 with Amendments through 2016 - Article 91,"Assembly, if s/he submits a written resignation, if a resolution is passed by a majority of two-thirds of the total members of the National Assembly to the effect that his or her conduct is not compatible with his/her position. The ...",https://www.constituteproject.org/service/html?cons_id=Nepal_2016&lang=en
us_constitution_1787_article_1_0004,Constitution of the United States - Article 1,1,0.98735844,world_constitution_united_states_of_america_1992_article_i_0004,world_constitution_united_states_of_america_1992_article_i,United States of America,United States of America's Constitution of 1789 with Amendments through 1992 - Article I,"Bills. Every Bill which shall have passed the House of Representatives and the Senate, shall, before it become a Law, be presented to the President of the United States: If he approve he shall sign it, but if not he ...",https://www.constituteproject.org/service/html?cons_id=United_States_of_America_1992&lang=en
us_constitution_1787_article_1_0004,Constitution of the United States - Article 1,2,0.64673458,world_constitution_philippines_1987_article_i_006_0008,world_constitution_philippines_1987_article_i_006,Philippines,Philippines's Constitution of 1987 - Article I,force and effect until the general appropriations bill is passed by the Congress. Sec 26 Every bill passed by the Congress shall embrace only one subject which shall be expressed in the title thereof. No bill passed by either House ...,https://www.constituteproject.org/service/html?cons_id=Philippines_1987&lang=en
us_constitution_1787_article_1_0004,Constitution of the United States - Article 1,3,0.50490019,world_constitution_united_states_of_america_1992_article_i_0003,world_constitution_united_states_of_america_1992_article_i,United States of America,United States of America's Constitution of 1789 with Amendments through 1992 - Article I,"disorderly Behaviour, and, with the Concurrence of two thirds, expel a Member. Each House shall keep a Journal of its Proceedings, and from time to time publish the same, excepting such Parts as may in their Judgment require Secrecy; and ...",https://www.constituteproject.org/service/html?cons_id=United_States_of_America_1992&lang=en
us_constitution_1787_article_1_0004,Constitution of the United States - Article 1,4,0.4740777,world_constitution_belarus_2004_article_100_0000,world_constitution_belarus_2004_article_100,Belarus,Belarus's Constitution of 1994 with Amendments through 2004 - Article 100,"Article 100 Any bill, unless otherwise specified by the Constitution, shall be initially considered in the House of Representatives and then in the Council of the Republic. A bill, unless otherwise specified in the Constitution, shall become a law after ...",https://www.constituteproject.org/service/html?cons_id=Belarus_2004&lang=en
us_constitution_1787_article_1_0004,Constitution of the United States - Article 1,5,0.45005486,world_constitution_mexico_2015_article_72_0000,world_constitution_mexico_2015_article_72,Mexico,Mexico's Constitution of 1917 with Amendments through 2015 - Article 72,"Article 72 Every single bill or decree shall be discussed successively at both Houses, except the issues that are within the exclusive jurisdiction of one of the Houses. The House shall observe the methods, periods of time and debating and ...",https://www.constituteproject.org/service/html?cons_id=Mexico_2015&lang=en
us_constitution_1787_article_1_0004,Constitution of the United States - Article 1,6,0.44096025,world_constitution_liberia_1986_article_35_0000,world_constitution_liberia_1986_article_35,Liberia,Liberia's Constitution of 1986 - Article 35,"Article 35 Each bill or resolution which shall have passed both Houses of the Legislature shall, before it becomes law, be laid before the President for his approval. If he grants approval, it shall become law. If the President does ...",https://www.constituteproject.org/service/html?cons_id=Liberia_1986&lang=en
us_constitution_1787_article_1_0004,Constitution of the United States - Article 1,7,0.4230771,world_constitution_thailand_2017_preamble_0046,world_constitution_thailand_2017_preamble,Thailand,Thailand's Constitution of 2017 - Preamble,"If the joint sitting under paragraph one decides that the amendment resulted in such bill exhibiting the characteristic of a money bill, the President of the House of Representatives shall refer it to the Prime Minister for endorsement. In the ...",https://www.constituteproject.org/service/html?cons_id=Thailand_2017&lang=en
us_constitution_1787_article_1_0004,Constitution of the United States - Article 1,8,0.41763031,world_constitution_nigeria_2011_preamble_0026,world_constitution_nigeria_2011_preamble,Nigeria,Nigeria's Constitution of 1999 with Amendments through 2011 - Preamble,Any person who sits or votes in the Senate or the House of Representatives knowing or having reasonable grounds for knowing that he is not entitled to do so commits an offence and is liable on conviction to such punishment ...,https://www.constituteproject.org/service/html?cons_id=Nigeria_2011&lang=en
us_constitution_1787_article_1_0004,Constitution of the United States - Article 1,9,0.40691095,world_constitution_nepal_2016_article_88_0005,world_constitution_nepal_2016_article_88,Nepal,Nepal's Constitution of 2015 with Amendments through 2016 - Article 88,"timeframe, the House of Representatives shall send such Bills to the President for certification, after making a decision on them with a majority voting of total existing number of members. If one House rejects the Bill passed by another House, ...",https://www.constituteproject.org/service/html?cons_id=Nepal_2016&lang=en
us_constitution_1787_article_1_0004,Constitution of the United States - Article 1,10,0.40677402,world_constitution_mexico_2015_article_72_0001,world_constitution_mexico_2015_article_72,Mexico,Mexico's Constitution of 1917 with Amendments through 2015 - Article 72,"by a two-thirds majority of votes, it shall be submitted again to the reviewer House. If a two-thirds majority of votes supports the bill at the second House, it shall be considered as enacted law or decree and shall be ...",https://www.constituteproject.org/service/html?cons_id=Mexico_2015&lang=en
us_constitution_1787_article_1_0004,Constitution of the United States - Article 1,11,0.4051321,world_constitution_jamaica_2015_preamble_0039,world_constitution_jamaica_2015_preamble,Jamaica,Jamaica's Constitution of 1962 with Amendments through 2015 - Preamble,"in two successive sessions (whether of the same Parliament or not) and, having been sent to the Senate in each of those sessions at least one month before the end of the session, the second occasion being at least six ...",https://www.constituteproject.org/service/html?cons_id=Jamaica_2015&lang=en
us_constitution_1787_article_1_0004,Constitution of the United States - Article 1,12,0.39418785,world_constitution_thailand_2017_preamble_0047,world_constitution_thailand_2017_preamble,Thailand,Thailand's Constitution of 2017 - Preamble,"if there is an amendment, the amended bill shall be returned to the House of Representatives. If the House of Representatives approves such amendment, further proceedings under section 81 shall be taken. In other cases, each House shall appoint persons, ...",https://www.constituteproject.org/service/html?cons_id=Thailand_2017&lang=en
us_constitution_1787_article_1_0004,Constitution of the United States - Article 1,13,0.39274443,world_constitution_bhutan_2008_article_13_0000,world_constitution_bhutan_2008_article_13,Bhutan,Bhutan's Constitution of 2008 - Article 13,Article 13. Passing of Bills A Bill passed by Parliament shall come into force upon Assent of the Druk Gyalpo. Money Bills and financial Bills shall originate only in the National Assembly whereas any other legislative Bill may originate in ...,https://www.constituteproject.org/service/html?cons_id=Bhutan_2008&lang=en
us_constitution_1787_article_1_0004,Constitution of the United States - Article 1,14,0.38900446,world_constitution_philippines_1987_article_i_006_0004,world_constitution_philippines_1987_article_i_006,Philippines,Philippines's Constitution of 1987 - Article I,"Each House shall choose such other officers as it may deem necessary. A majority of each House shall constitute a quorum to do business, but a smaller number may adjourn from day to day and may compel the attendance of ...",https://www.constituteproject.org/service/html?cons_id=Philippines_1987&lang=en
us_constitution_1787_article_1_0004,Constitution of the United States - Article 1,15,0.38746556,world_constitution_nepal_2016_article_88_0006,world_constitution_nepal_2016_article_88,Nepal,Nepal's Constitution of 2015 with Amendments through 2016 - Article 88,"to the House of Representatives and is under consideration, or it is sent to National Assembly after passing it, but if the House of Representatives is dissolved while the Bill is still under consideration in the National Assembly, or if ...",https://www.constituteproject.org/service/html?cons_id=Nepal_2016&lang=en
us_constitution_1787_article_1_0004,Constitution of the United States - Article 1,16,0.38602234,world_constitution_micronesia_1990_article_i_010_0004,world_constitution_micronesia_1990_article_i_010,Micronesia (Federated States of),Micronesia (Federated States of)'s Constitution of 1978 with Amendments through 1990 - Article I,Section 19 The Congress shall keep and publish a journal of its proceedings. A roll call vote entered on the journal shall be taken at the request of 1/5 of the members present. Legislative proceedings shall be conducted in the ...,https://www.constituteproject.org/service/html?cons_id=Micronesia_1990&lang=en
us_constitution_1787_article_1_0004,Constitution of the United States - Article 1,17,0.38285268,world_constitution_swaziland_2005_preamble_0050,world_constitution_swaziland_2005_preamble,Eswatini,Eswatini's Constitution of 2005 - Preamble,"is not passed by the Senate as required, or is passed by the Senate with amendments to which the House does not agree within the period of thirty days after that bill was sent to the Senate, the bill, with ...",https://www.constituteproject.org/service/html?cons_id=Swaziland_2005&lang=en
us_constitution_1787_article_1_0004,Constitution of the United States - Article 1,18,0.3823682,world_constitution_trinidad_and_tobago_2007_preamble_0030,world_constitution_trinidad_and_tobago_2007_preamble,Trinidad and Tobago,Trinidad and Tobago's Constitution of 1976 with Amendments through 2007 - Preamble,"No civil or criminal proceedings may be instituted against any member of either House for words spoken before, or written in a report to, the House of which he is a member or in which he has a right of ...",https://www.constituteproject.org/service/html?cons_id=Trinidad_and_Tobago_2007&lang=en
us_constitution_1787_article_1_0004,Constitution of the United States - Article 1,19,0.38226799,world_constitution_united_states_of_america_1992_article_i_0002,world_constitution_united_states_of_america_1992_article_i,United States of America,United States of America's Constitution of 1789 with Amendments through 1992 - Article I,"in the Absence of the Vice President, or when he shall exercise the Office of President of the United States. The Senate shall have the sole Power to try all Impeachments. When sitting for that Purpose, they shall be on ...",https://www.constituteproject.org/service/html?cons_id=United_States_of_America_1992&lang=en
us_constitution_1787_article_1_0004,Constitution of the United States - Article 1,20,0.38027345,world_constitution_nepal_2016_article_88_0004,world_constitution_nepal_2016_article_88,Nepal,Nepal's Constitution of 2015 with Amendments through 2016 - Article 88,"(d). Provided that a bill shall not be deemed to be a Finance bill by reason only that it provides for the payment of any fees such as license fee, application fee, renewal fee, or it provides for imposition of ...",https://www.constituteproject.org/service/html?cons_id=Nepal_2016&lang=en
us_constitution_1787_article_1_0004,Constitution of the United States - Article 1,21,0.37839058,world_constitution_trinidad_and_tobago_2007_preamble_0033,world_constitution_trinidad_and_tobago_2007_preamble,Trinidad and Tobago,Trinidad and Tobago's Constitution of 1976 with Amendments through 2007 - Preamble,"Where a Money Bill, having been passed by the House of Representatives and sent to the Senate at least one month before the end of the session, is not passed by the Senate without amendment within one month after it ...",https://www.constituteproject.org/service/html?cons_id=Trinidad_and_Tobago_2007&lang=en
us_constitution_1787_article_1_0004,Constitution of the United States - Article 1,22,0.37679384,world_constitution_nigeria_2011_preamble_0040,world_constitution_nigeria_2011_preamble,Nigeria,Nigeria's Constitution of 1999 with Amendments through 2011 - Preamble,Any person who sits or votes in a House of Assembly of a State knowing or having reasonable grounds for knowing that he is not entitled to do so commits an offence and is liable on conviction to such punishment ...,https://www.constituteproject.org/service/html?cons_id=Nigeria_2011&lang=en
us_constitution_1787_article_1_0004,Constitution of the United States - Article 1,23,0.37397902,world_constitution_grenada_1992_preamble_0037,world_constitution_grenada_1992_preamble,Grenada,"Grenada's Constitution of 1973, Reinstated in 1991, with Amendments through 1992 - Preamble",For the purposes of this section a bill that is sent to the Senate from the House of Representatives in any session shall be deemed to be the same bill as a former bill sent to the Senate in the ...,https://www.constituteproject.org/service/html?cons_id=Grenada_1992&lang=en
us_constitution_1787_article_1_0004,Constitution of the United States - Article 1,24,0.3735012,world_constitution_grenada_1992_preamble_0036,world_constitution_grenada_1992_preamble,Grenada,"Grenada's Constitution of 1973, Reinstated in 1991, with Amendments through 1992 - Preamble","47. Restricting on powers of Senate as to money bills If a money bill, having been passed by the House of Representatives and sent to the Senate at least one month before the end of the session, is not passed ...",https://www.constituteproject.org/service/html?cons_id=Grenada_1992&lang=en
us_constitution_1787_article_1_0004,Constitution of the United States - Article 1,25,0.37238423,world_constitution_trinidad_and_tobago_2007_preamble_0031,world_constitution_trinidad_and_tobago_2007_preamble,Trinidad and Tobago,Trinidad and Tobago's Constitution of 1976 with Amendments through 2007 - Preamble,"The Speaker or, in his absence, the Deputy Speaker or, where they are both absent, a member of the House of Representatives, not being a Minister or a Parliamentary Secretary, elected by the House for that sitting shall preside at ...",https://www.constituteproject.org/service/html?cons_id=Trinidad_and_Tobago_2007&lang=en
us_constitution_1787_article_1_0004,Constitution of the United States - Article 1,26,0.37092266,world_constitution_trinidad_and_tobago_2007_preamble_0034,world_constitution_trinidad_and_tobago_2007_preamble,Trinidad and Tobago,Trinidad and Tobago's Constitution of 1976 with Amendments through 2007 - Preamble,"The House of Representatives may, if it thinks fit, on the passage through that House of a Bill that is deemed to be the same Bill as a former Bill sent to the Senate in the preceding session, suggest any ...",https://www.constituteproject.org/service/html?cons_id=Trinidad_and_Tobago_2007&lang=en
us_constitution_1787_article_1_0004,Constitution of the United States - Article 1,27,0.36954941,world_constitution_thailand_2017_preamble_0045,world_constitution_thailand_2017_preamble,Thailand,Thailand's Constitution of 2017 - Preamble,A bill shall be first submitted to the House of Representatives and may be introduced only by the followings: Council of Ministers; Members of the House of Representatives of not fewer than twenty in number; persons having the right to ...,https://www.constituteproject.org/service/html?cons_id=Thailand_2017&lang=en
us_constitution_1787_article_1_0004,Constitution of the United States - Article 1,28,0.36857563,world_constitution_malaysia_2007_article_68_003_0001,world_constitution_malaysia_2007_article_68_003,Malaysia,Malaysia's Constitution of 1957 with Amendments through 2007 - Article 68,Bill making any such provision shall not be introduced in the Senate. A Bill or amendment shall not be deemed to make provision for any of the said matters by reason only that it provides- for the imposition or alteration ...,https://www.constituteproject.org/service/html?cons_id=Malaysia_2007&lang=en
us_constitution_1787_article_1_0004,Constitution of the United States - Article 1,29,0.36706386,world_constitution_barbados_2007_preamble_0039,world_constitution_barbados_2007_preamble,Barbados,Barbados's Constitution of 1966 with Amendments through 2007 - Preamble,"proceed upon any motion (including any amendment to a motion) the effect of which, in the opinion of the person presiding, is that provision shall be made for any of the purposes aforesaid. 55 Subject to the provisions of this ...",https://www.constituteproject.org/service/html?cons_id=Barbados_2007&lang=en
us_constitution_1787_article_1_0004,Constitution of the United States - Article 1,30,0.36481266,world_constitution_japan_1946_article_59_0000,world_constitution_japan_1946_article_59,Japan,Japan's Constitution of 1946 - Article 59,"Article 59 A bill becomes a law on passage by both Houses, except as otherwise provided by the Constitution. A bill which is passed by the House of Representatives, and upon which the House of Councillors makes a decision different ...",https://www.constituteproject.org/service/html?cons_id=Japan_1946&lang=en
us_constitution_1787_article_1_0004,Constitution of the United States - Article 1,31,0.3625972,world_constitution_nigeria_2011_preamble_0027,world_constitution_nigeria_2011_preamble,Nigeria,Nigeria's Constitution of 1999 with Amendments through 2011 - Preamble,"Where the joint finance committee fails to resolve such differences, then the bill shall be presented to the National Assembly sitting at a joint meeting, and if the bill is passed at such joint meeting, it shall be presented to ...",https://www.constituteproject.org/service/html?cons_id=Nigeria_2011&lang=en
us_constitution_1787_article_1_0004,Constitution of the United States - Article 1,32,0.36196533,world_constitution_antigua_and_barbuda_1981_preamble_0034,world_constitution_antigua_and_barbuda_1981_preamble,Antigua and Barbuda,Antigua and Barbuda's Constitution of 1981 - Preamble,Any person who sits or votes in either House of Parliament knowing or having reasonable grounds for knowing that he is not entitled to do so shall be guilty of an offence and liable to a fine not exceeding five ...,https://www.constituteproject.org/service/html?cons_id=Antigua_and_Barbuda_1981&lang=en
us_constitution_1787_article_1_0004,Constitution of the United States - Article 1,33,0.36111877,world_constitution_bahamas_1973_article_54_0002,world_constitution_bahamas_1973_article_54,Bahamas (The),Bahamas (The)'s Constitution of 1973 - Article 54,"those sessions at least one month before the end of the session, is rejected by the Senate in each of those sessions, that Bill shall, on its rejection for the second time by the Senate, unless the House of Assembly ...",https://www.constituteproject.org/service/html?cons_id=Bahamas_1973&lang=en
us_constitution_1787_article_1_0004,Constitution of the United States - Article 1,34,0.36004072,world_constitution_barbados_2007_preamble_0040,world_constitution_barbados_2007_preamble,Barbados,Barbados's Constitution of 1966 with Amendments through 2007 - Preamble,For the purposes of this section a Bill that it sent to the Senate from the House of Assembly in any session shall be deemed to be the same Bill as a former Bill sent to the Senate in the ...,https://www.constituteproject.org/service/html?cons_id=Barbados_2007&lang=en
us_constitution_1787_article_1_0004,Constitution of the United States - Article 1,35,0.3598596,world_constitution_antigua_and_barbuda_1981_preamble_0038,world_constitution_antigua_and_barbuda_1981_preamble,Antigua and Barbuda,Antigua and Barbuda's Constitution of 1981 - Preamble,"proceed upon any motion (including any amendment to a motion) the effect of which, in the opinion of the person presiding, would be to make provision for any of those purposes. 54. Restrictions on powers of Senate as to money ...",https://www.constituteproject.org/service/html?cons_id=Antigua_and_Barbuda_1981&lang=en
us_constitution_1787_article_1_0004,Constitution of the United States - Article 1,36,0.35908135,world_constitution_belize_2011_preamble_0052,world_constitution_belize_2011_preamble,Belize,Belize's Constitution of 1981 with Amendments through 2011 - Preamble,There shall be endorsed on every money Bill when it is sent to the Senate the certificate of the Speaker signed by him that it is a money Bill; and there shall be endorsed on any money Bill that is ...,https://www.constituteproject.org/service/html?cons_id=Belize_2011&lang=en
us_constitution_1787_article_1_0004,Constitution of the United States - Article 1,37,0.35777895,world_constitution_zimbabwe_2017_preamble_0116,world_constitution_zimbabwe_2017_preamble,Zimbabwe,Zimbabwe's Constitution of 2013 with Amendments through 2017 - Preamble,"any Member who has introduced a Bill into a House of Parliament may, after the Bill has been passed by that House, introduce the Bill into the other House. 4. Parliament not to deal with Money Bills or fiscal motions ...",https://www.constituteproject.org/service/html?cons_id=Zimbabwe_2017&lang=en
us_constitution_1787_article_1_0004,Constitution of the United States - Article 1,38,0.3552467,world_constitution_st_lucia_1978_preamble_0039,world_constitution_st_lucia_1978_preamble,Saint Lucia,Saint Lucia's Constitution of 1978 - Preamble,There shall be endorsed on every money bill when it is sent to the Senate the certificate of the Speaker signed by him that it is a money bill; and there shall be endorsed on any money bill that is ...,https://www.constituteproject.org/service/html?cons_id=St_Lucia_1978&lang=en
us_constitution_1787_article_1_0004,Constitution of the United States - Article 1,39,0.35322094,world_constitution_antigua_and_barbuda_1981_preamble_0039,world_constitution_antigua_and_barbuda_1981_preamble,Antigua and Barbuda,Antigua and Barbuda's Constitution of 1981 - Preamble,For the purposes of this section a bill that is sent to the Senate from the House in any session shall be deemed to be the same bill as a former bill sent to the Senate in the preceding session ...,https://www.constituteproject.org/service/html?cons_id=Antigua_and_Barbuda_1981&lang=en
us_constitution_1787_article_1_0004,Constitution of the United States - Article 1,40,0.35192354,world_constitution_nigeria_2011_preamble_0023,world_constitution_nigeria_2011_preamble,Nigeria,Nigeria's Constitution of 1999 with Amendments through 2011 - Preamble,"for the rendering of financial assistance to any indigent citizen of Nigeria where his right under this Chapter has been infringed or with a view to enabling him to engage the services of a legal practitioner to prosecute his claim, ...",https://www.constituteproject.org/service/html?cons_id=Nigeria_2011&lang=en
us_constitution_1787_article_1_0004,Constitution of the United States - Article 1,41,0.3509675,world_constitution_thailand_2017_preamble_0049,world_constitution_thailand_2017_preamble,Thailand,Thailand's Constitution of 2017 - Preamble,"If the House of Representatives does not complete the consideration of the bill within the time period referred to in paragraph one, such bill shall be deemed to have been approved by the House of Representatives and shall be submitted ...",https://www.constituteproject.org/service/html?cons_id=Thailand_2017&lang=en
us_constitution_1787_article_1_0004,Constitution of the United States - Article 1,42,0.34946157,world_constitution_belize_2011_preamble_0051,world_constitution_belize_2011_preamble,Belize,Belize's Constitution of 1981 with Amendments through 2011 - Preamble,"If at any sitting of either House any member of the House who is present draws the attention of the person presiding at the sitting to the absence of a quorum and, after such interval as may be prescribed in ...",https://www.constituteproject.org/service/html?cons_id=Belize_2011&lang=en
us_constitution_1787_article_1_0004,Constitution of the United States - Article 1,43,0.3470043,world_constitution_nigeria_2011_preamble_0039,world_constitution_nigeria_2011_preamble,Nigeria,Nigeria's Constitution of 1999 with Amendments through 2011 - Preamble,"At any sitting of a House of Assembly, the Speaker of that House shall preside, and in his absence the Deputy Speaker shall preside. In the absence of the Speaker and Deputy Speaker of the House, such member of the ...",https://www.constituteproject.org/service/html?cons_id=Nigeria_2011&lang=en
us_constitution_1787_article_1_0004,Constitution of the United States - Article 1,44,0.34618611,world_constitution_st_lucia_1978_preamble_0034,world_constitution_st_lucia_1978_preamble,Saint Lucia,Saint Lucia's Constitution of 1978 - Preamble,"Subject to the provisions of this Constitution Parliament may make laws for the peace, order and good government of Saint Lucia. 41 Parliament may alter any of the provisions of this Constitution or of the Supreme Court Order in the ...",https://www.constituteproject.org/service/html?cons_id=St_Lucia_1978&lang=en
us_constitution_1787_article_1_0004,Constitution of the United States - Article 1,45,0.34531073,world_constitution_pakistan_2018_article_66_0000,world_constitution_pakistan_2018_article_66,Pakistan,"Pakistan's Constitution of 1973, Reinstated in 2002, with Amendments through 2018 - Article 66","Article 66. Section 4. Legislative Procedure 70. Introduction and passing of Bills A Bill with respect to any matter in the Federal Legislative List may originate in either House and shall, if it is passed by the House in which ...",https://www.constituteproject.org/service/html?cons_id=Pakistan_2018&lang=en
us_constitution_1787_article_1_0004,Constitution of the United States - Article 1,46,0.34403615,world_constitution_jamaica_2015_preamble_0036,world_constitution_jamaica_2015_preamble,Jamaica,Jamaica's Constitution of 1962 with Amendments through 2015 - Preamble,it is passed by the Senate in the manner so prescribed with any amendment which is not agreed to by the House of Representatives. For the purposes of subsection (5) and subsection (6) of this section a Bill that is ...,https://www.constituteproject.org/service/html?cons_id=Jamaica_2015&lang=en
us_constitution_1787_article_1_0004,Constitution of the United States - Article 1,47,0.34335878,world_constitution_nigeria_2011_preamble_0025,world_constitution_nigeria_2011_preamble,Nigeria,Nigeria's Constitution of 1999 with Amendments through 2011 - Preamble,If objection is taken by any member of the Senate or the House of Representatives present that there are present in the House of which he is a member (besides the person presiding) fewer than one-third of all the members ...,https://www.constituteproject.org/service/html?cons_id=Nigeria_2011&lang=en
us_constitution_1787_article_1_0004,Constitution of the United States - Article 1,48,0.34267879,world_constitution_malaysia_2007_article_68_003_0002,world_constitution_malaysia_2007_article_68_003,Malaysia,Malaysia's Constitution of 1957 with Amendments through 2007 - Article 68,"and is not passed by the Senate or is passed by the Senate with amendments to which the House of Representatives does not agree, the Bill shall, unless the House of Representatives otherwise directs, be presented to the Yang di-Pertuan ...",https://www.constituteproject.org/service/html?cons_id=Malaysia_2007&lang=en
us_constitution_1787_article_1_0004,Constitution of the United States - Article 1,49,0.34227441,world_constitution_colombia_2015_article_167_0000,world_constitution_colombia_2015_article_167,Colombia,Colombia's Constitution of 1991 with Amendments through 2015 - Article 167,"Article 167 The bill to which the government objects totally or in part shall be returned to the Houses for a second debate. The President shall sign without being able to present objections the bill which, after reconsideration, is approved ...",https://www.constituteproject.org/service/html?cons_id=Colombia_2015&lang=en
us_constitution_1787_article_1_0004,Constitution of the United States - Article 1,50,0.34046943,world_constitution_united_kingdom_2013_article_x_010_0026,world_constitution_united_kingdom_2013_article_x_010,United Kingdom,United Kingdom's Constitution of 1215 with Amendments through 2013 - Article X,"(whether of the same Parliament or not), and, having been sent up to the House of Lords at least one month before the end of the session, is rejected by the House of Lords in each of those sessions, that ...",https://www.constituteproject.org/service/html?cons_id=United_Kingdom_2013&lang=en
us_constitution_1787_article_1_0005,Constitution of the United States - Article 1,1,0.98843991,world_constitution_united_states_of_america_1992_article_i_0005,world_constitution_united_states_of_america_1992_article_i,United States of America,United States of America's Constitution of 1789 with Amendments through 1992 - Article I,"House of Representatives, according to the Rules and Limitations prescribed in the Case of a Bill. Section 8 The Congress shall have Power To lay and collect Taxes, Duties, Imposts and Excises, to pay the Debts and provide for the ...",https://www.constituteproject.org/service/html?cons_id=United_States_of_America_1992&lang=en
us_constitution_1787_article_1_0005,Constitution of the United States - Article 1,2,0.37371064,world_constitution_united_states_of_america_1992_article_ii_0002,world_constitution_united_states_of_america_1992_article_ii,United States of America,United States of America's Constitution of 1789 with Amendments through 1992 - Article II,"Officer shall act accordingly, until the Disability be removed, or a President shall be elected. The President shall, at stated Times, receive for his Services, a Compensation, which shall neither be encreased nor diminished during the Period for which he ...",https://www.constituteproject.org/service/html?cons_id=United_States_of_America_1992&lang=en
us_constitution_1787_article_1_0005,Constitution of the United States - Article 1,3,0.36573724,world_constitution_united_states_of_america_1992_article_v_002_0000,world_constitution_united_states_of_america_1992_article_v_002,United States of America,United States of America's Constitution of 1789 with Amendments through 1992 - Article V,"Article VI All Debts contracted and Engagements entered into, before the Adoption of this Constitution, shall be as valid against the United States under this Constitution, as under the Confederation. This Constitution, and the Laws of the United States which ...",https://www.constituteproject.org/service/html?cons_id=United_States_of_America_1992&lang=en
us_constitution_1787_article_1_0005,Constitution of the United States - Article 1,4,0.35975649,world_constitution_united_states_of_america_1992_article_i_0006,world_constitution_united_states_of_america_1992_article_i,United States of America,United States of America's Constitution of 1789 with Amendments through 1992 - Article I,"the Union, suppress Insurrections and repel Invasions; To provide for organizing, arming, and disciplining, the Militia, and for governing such Part of them as may be employed in the Service of the United States, reserving to the States respectively, the ...",https://www.constituteproject.org/service/html?cons_id=United_States_of_America_1992&lang=en
us_constitution_1787_article_1_0005,Constitution of the United States - Article 1,5,0.31598295,world_constitution_palau_1992_article_i_009_0001,world_constitution_palau_1992_article_i_009,Palau,Palau's Constitution of 1981 with Amendments through 1992 - Article I,"shall have the following powers: to levy and collect taxes, duties and excises, which shall be uniformly applied throughout the nation; to borrow money on the credit of the national government to finance public program or to settle public debt; ...",https://www.constituteproject.org/service/html?cons_id=Palau_1992&lang=en
us_constitution_1787_article_1_0005,Constitution of the United States - Article 1,6,0.31056928,world_constitution_united_states_of_america_1992_article_v_003_0005,world_constitution_united_states_of_america_1992_article_v_003,United States of America,United States of America's Constitution of 1789 with Amendments through 1992 - Article V,"make or enforce any law which shall abridge the privileges or immunities of citizens of the United States; nor shall any State deprive any person of life, liberty, or property, without due process of law; nor deny to any person ...",https://www.constituteproject.org/service/html?cons_id=United_States_of_America_1992&lang=en
us_constitution_1787_article_1_0005,Constitution of the United States - Article 1,7,0.28336501,world_constitution_united_states_of_america_1992_article_i_002_0000,world_constitution_united_states_of_america_1992_article_i_002,United States of America,United States of America's Constitution of 1789 with Amendments through 1992 - Article I,"Article IV Section 1 Full Faith and Credit shall be given in each State to the public Acts, Records, and judicial Proceedings of every other State. And the Congress may by general Laws prescribe the Manner in which such Acts, ...",https://www.constituteproject.org/service/html?cons_id=United_States_of_America_1992&lang=en
us_constitution_1787_article_1_0005,Constitution of the United States - Article 1,8,0.27944706,world_constitution_united_states_of_america_1992_article_v_003_0006,world_constitution_united_states_of_america_1992_article_v_003,United States of America,United States of America's Constitution of 1789 with Amendments through 1992 - Article V,"same, or given aid or comfort to the enemies thereof. But Congress may by a vote of two-thirds of each House, remove such disability. Section 4 The validity of the public debt of the United States, authorized by law, including ...",https://www.constituteproject.org/service/html?cons_id=United_States_of_America_1992&lang=en
us_constitution_1787_article_1_0005,Constitution of the United States - Article 1,9,0.27227485,world_constitution_united_states_of_america_1992_article_i_0007,world_constitution_united_states_of_america_1992_article_i,United States of America,United States of America's Constitution of 1789 with Amendments through 1992 - Article I,in Proportion to the Census or enumeration herein before directed to be taken. No Tax or Duty shall be laid on Articles exported from any State. No Preference shall be given by any Regulation of Commerce or Revenue to the ...,https://www.constituteproject.org/service/html?cons_id=United_States_of_America_1992&lang=en
us_constitution_1787_article_1_0005,Constitution of the United States - Article 1,10,0.27105193,world_constitution_united_states_of_america_1992_article_iii_0000,world_constitution_united_states_of_america_1992_article_iii,United States of America,United States of America's Constitution of 1789 with Amendments through 1992 - Article III,"Article III Section 1 The judicial Power of the United States, shall be vested in one supreme Court, and in such inferior Courts as the Congress may from time to time ordain and establish. The Judges, both of the supreme ...",https://www.constituteproject.org/service/html?cons_id=United_States_of_America_1992&lang=en
us_constitution_1787_article_1_0005,Constitution of the United States - Article 1,11,0.26738733,world_constitution_united_states_of_america_1992_article_v_003_0004,world_constitution_united_states_of_america_1992_article_v_003,United States of America,United States of America's Constitution of 1789 with Amendments through 1992 - Article V,"the votes shall be taken by states, the representation from each state having one vote; a quorum for this purpose shall consist of a member or members from two-thirds of the states, and a majority of all the states shall ...",https://www.constituteproject.org/service/html?cons_id=United_States_of_America_1992&lang=en
us_constitution_1787_article_1_0005,Constitution of the United States - Article 1,12,0.26302155,world_constitution_united_states_of_america_1992_article_v_003_0003,world_constitution_united_states_of_america_1992_article_v_003,United States of America,United States of America's Constitution of 1789 with Amendments through 1992 - Article V,"States by the Constitution, nor prohibited by it to the States, are reserved to the States respectively, or to the people. Additional Amendments Amendment XI The Judicial power of the United States shall not be construed to extend to any ...",https://www.constituteproject.org/service/html?cons_id=United_States_of_America_1992&lang=en
us_constitution_1787_article_1_0005,Constitution of the United States - Article 1,13,0.25742031,world_constitution_south_sudan_2013_article_85_0001,world_constitution_south_sudan_2013_article_85,South Sudan,South Sudan's Constitution of 2011 with Amendments through 2013 - Article 85,and approve appointments as required by this Constitution or the law; cast a vote of no confidence against any Minister. enact legislation to regulate the conditions and terms of service of the Judiciary and its oversight mechanisms; and perform any ...,https://www.constituteproject.org/service/html?cons_id=South_Sudan_2013&lang=en
us_constitution_1787_article_1_0005,Constitution of the United States - Article 1,14,0.24767949,world_constitution_united_states_of_america_1992_article_v_003_0009,world_constitution_united_states_of_america_1992_article_v_003,United States of America,United States of America's Constitution of 1789 with Amendments through 1992 - Article V,be inoperative unless it shall have been ratified as an amendment to the Constitution by the legislatures of three-fourths of the several States within seven years from the date of its submission. Amendment XXI Section 1 The eighteenth article of ...,https://www.constituteproject.org/service/html?cons_id=United_States_of_America_1992&lang=en
us_constitution_1787_article_1_0005,Constitution of the United States - Article 1,15,0.24161795,world_constitution_united_states_of_america_1992_article_i_0004,world_constitution_united_states_of_america_1992_article_i,United States of America,United States of America's Constitution of 1789 with Amendments through 1992 - Article I,"Bills. Every Bill which shall have passed the House of Representatives and the Senate, shall, before it become a Law, be presented to the President of the United States: If he approve he shall sign it, but if not he ...",https://www.constituteproject.org/service/html?cons_id=United_States_of_America_1992&lang=en
us_constitution_1787_article_1_0005,Constitution of the United States - Article 1,16,0.23809509,world_constitution_united_states_of_america_1992_article_ii_0001,world_constitution_united_states_of_america_1992_article_ii,United States of America,United States of America's Constitution of 1789 with Amendments through 1992 - Article II,"from the five highest on the List the said House shall in like Manner chuse the President. But in chusing the President, the Votes shall be taken by States, the Representatives from each State having one Vote; a quorum for ...",https://www.constituteproject.org/service/html?cons_id=United_States_of_America_1992&lang=en
us_constitution_1787_article_1_0005,Constitution of the United States - Article 1,17,0.23386834,world_constitution_united_states_of_america_1992_article_v_003_0007,world_constitution_united_states_of_america_1992_article_v_003,United States of America,United States of America's Constitution of 1789 with Amendments through 1992 - Article V,"Senate, the executive authority of such State shall issue writs of election to fill such vacancies: Provided, That the legislature of any State may empower the executive thereof to make temporary appointments until the people fill the vacancies by election ...",https://www.constituteproject.org/service/html?cons_id=United_States_of_America_1992&lang=en
us_constitution_1787_article_1_0005,Constitution of the United States - Article 1,18,0.22971417,world_constitution_micronesia_1990_article_i_010_0000,world_constitution_micronesia_1990_article_i_010,Micronesia (Federated States of),Micronesia (Federated States of)'s Constitution of 1978 with Amendments through 1990 - Article I,ARTICLE IX. LEGISLATIVE Section 1 The legislative power of the national government is vested in the Congress of the Federated States of Micronesia. Section 2 The following powers are expressly delegated to Congress: to provide for the national defense; to ...,https://www.constituteproject.org/service/html?cons_id=Micronesia_1990&lang=en
us_constitution_1787_article_1_0005,Constitution of the United States - Article 1,19,0.2241013,world_constitution_united_states_of_america_1992_article_v_003_0002,world_constitution_united_states_of_america_1992_article_v_003,United States of America,United States of America's Constitution of 1789 with Amendments through 1992 - Article V,"or indictment of a Grand Jury, except in cases arising in the land or naval forces, or in the Militia, when in actual service in time of War or public danger; nor shall any person be subject for the same ...",https://www.constituteproject.org/service/html?cons_id=United_States_of_America_1992&lang=en
us_constitution_1787_article_1_0005,Constitution of the United States - Article 1,20,0.22319848,world_constitution_united_states_of_america_1992_article_v_003_0001,world_constitution_united_states_of_america_1992_article_v_003,United States of America,United States of America's Constitution of 1789 with Amendments through 1992 - Article V,"concurring, that the following Articles be proposed to the Legislatures of the several States, as Amendments to the Constitution of the United States, all or any of which Articles, when ratified by three fourths of the said Legislatures, to be ...",https://www.constituteproject.org/service/html?cons_id=United_States_of_America_1992&lang=en
us_constitution_1787_article_1_0005,Constitution of the United States - Article 1,21,0.21835707,world_constitution_united_states_of_america_1992_article_v_003_0010,world_constitution_united_states_of_america_1992_article_v_003,United States of America,United States of America's Constitution of 1789 with Amendments through 1992 - Article V,the legislatures of three-fourths of the several States within seven years from the date of its submission to the States by the Congress. Amendment XXIII Section 1 The District constituting the seat of Government of the United States shall appoint ...,https://www.constituteproject.org/service/html?cons_id=United_States_of_America_1992&lang=en
us_constitution_1787_article_1_0005,Constitution of the United States - Article 1,22,0.21708206,world_constitution_ethiopia_1994_article_51_002_0000,world_constitution_ethiopia_1994_article_51_002,Ethiopia,Ethiopia's Constitution of 1994 - Article 51,"Article 51. Powers and Functions of the Federal Government It shall protect and defend the Constitution. It shall formulate and implement the country's policies, strategies and plans in respect of overall economic, social and development matters. It shall establish and ...",https://www.constituteproject.org/service/html?cons_id=Ethiopia_1994&lang=en
us_constitution_1787_article_1_0005,Constitution of the United States - Article 1,23,0.21379174,world_constitution_angola_2010_article_204_0000,world_constitution_angola_2010_article_204,Angola,Angola's Constitution of 2010 - Article 204,"Article 204. (State of constitutional need) Within the context of preserving national security and maintaining public order, the President of the Republic may declare, according to the demands of particular situations, constitutional states of need, under the terms of the ...",https://www.constituteproject.org/service/html?cons_id=Angola_2010&lang=en
us_constitution_1787_article_1_0005,Constitution of the United States - Article 1,24,0.21305262,world_constitution_united_states_of_america_1992_article_i_0002,world_constitution_united_states_of_america_1992_article_i,United States of America,United States of America's Constitution of 1789 with Amendments through 1992 - Article I,"in the Absence of the Vice President, or when he shall exercise the Office of President of the United States. The Senate shall have the sole Power to try all Impeachments. When sitting for that Purpose, they shall be on ...",https://www.constituteproject.org/service/html?cons_id=United_States_of_America_1992&lang=en
us_constitution_1787_article_1_0005,Constitution of the United States - Article 1,25,0.21295477,world_constitution_united_states_of_america_1992_article_ii_0003,world_constitution_united_states_of_america_1992_article_ii,United States of America,United States of America's Constitution of 1789 with Amendments through 1992 - Article II,"by Law: but the Congress may by Law vest the Appointment of such inferior Officers, as they think proper, in the President alone, in the Courts of Law, or in the Heads of Departments. The President shall have Power to ...",https://www.constituteproject.org/service/html?cons_id=United_States_of_America_1992&lang=en
us_constitution_1787_article_1_0005,Constitution of the United States - Article 1,26,0.20968353,world_constitution_united_states_of_america_1992_article_ii_0000,world_constitution_united_states_of_america_1992_article_ii,United States of America,United States of America's Constitution of 1789 with Amendments through 1992 - Article II,"Article II Section 1 The executive Power shall be vested in a President of the United States of America. He shall hold his Office during the Term of four Years, and, together with the Vice President, chosen for the same ...",https://www.constituteproject.org/service/html?cons_id=United_States_of_America_1992&lang=en
us_constitution_1787_article_1_0005,Constitution of the United States - Article 1,27,0.20921528,world_constitution_united_states_of_america_1992_article_i_0000,world_constitution_united_states_of_america_1992_article_i,United States of America,United States of America's Constitution of 1789 with Amendments through 1992 - Article I,"Article I Section 1 All legislative Powers herein granted shall be vested in a Congress of the United States, which shall consist of a Senate and House of Representatives. Section 2 The House of Representatives shall be composed of Members ...",https://www.constituteproject.org/service/html?cons_id=United_States_of_America_1992&lang=en
us_constitution_1787_article_1_0005,Constitution of the United States - Article 1,28,0.20542919,world_constitution_united_states_of_america_1992_article_i_0003,world_constitution_united_states_of_america_1992_article_i,United States of America,United States of America's Constitution of 1789 with Amendments through 1992 - Article I,"disorderly Behaviour, and, with the Concurrence of two thirds, expel a Member. Each House shall keep a Journal of its Proceedings, and from time to time publish the same, excepting such Parts as may in their Judgment require Secrecy; and ...",https://www.constituteproject.org/service/html?cons_id=United_States_of_America_1992&lang=en
us_constitution_1787_article_1_0005,Constitution of the United States - Article 1,29,0.19981989,world_constitution_united_states_of_america_1992_article_v_003_0012,world_constitution_united_states_of_america_1992_article_v_003,United States of America,United States of America's Constitution of 1789 with Amendments through 1992 - Article V,"forty-eight hours for that purpose if not in session. If the Congress, within twenty-one days after receipt of the latter written declaration, or, if Congress is not in session, within twenty-one days after Congress is required to assemble, determines by ...",https://www.constituteproject.org/service/html?cons_id=United_States_of_America_1992&lang=en
us_constitution_1787_article_1_0005,Constitution of the United States - Article 1,30,0.19629627,world_constitution_australia_1985_preamble_0026,world_constitution_australia_1985_preamble,Australia,Australia's Constitution of 1901 with Amendments through 1985 - Preamble,"When a law of a State is inconsistent with a law of the Commonwealth, the latter shall prevail, and the former shall, to the extent of the inconsistency, be invalid. 110. Provisions referring to Governor The provisions of this Constitution ...",https://www.constituteproject.org/service/html?cons_id=Australia_1985&lang=en
us_constitution_1787_article_1_0005,Constitution of the United States - Article 1,31,0.19170582,world_constitution_india_2016_preamble_0035,world_constitution_india_2016_preamble,India,India's Constitution of 1949 with Amendments through 2016 - Preamble,"A joint sitting may be held under this article and a Bill passed thereat, notwithstanding that a dissolution of the House of the People has intervened since the President notified his intention to summon the Houses to meet therein. 109. ...",https://www.constituteproject.org/service/html?cons_id=India_2016&lang=en
us_constitution_1787_article_1_0005,Constitution of the United States - Article 1,32,0.19113741,world_constitution_liberia_1986_article_34_0000,world_constitution_liberia_1986_article_34,Liberia,Liberia's Constitution of 1986 - Article 34,"Article 34 The Legislature shall have the power: to create new counties and other political sub-division, and readjust existing county boundaries; to provide for the security of the Republic; to provide for the common defense, to declare war and authorize ...",https://www.constituteproject.org/service/html?cons_id=Liberia_1986&lang=en
us_constitution_1787_article_1_0005,Constitution of the United States - Article 1,33,0.1845298,world_constitution_tanzania_2005_article_32_0002,world_constitution_tanzania_2005_article_32,Tanzania (United Republic of),Tanzania (United Republic of)'s Constitution of 1977 with Amendments through 2005 - Article 32,"avoidance of doubt in the interpretation or application of the provisions of this Article, the provisions of legislation enacted by Parliament and of any other law, concerning the proclamation of a state of emergency as provided for in this Article ...",https://www.constituteproject.org/service/html?cons_id=Tanzania_2005&lang=en
us_constitution_1787_article_1_0005,Constitution of the United States - Article 1,34,0.18321304,world_constitution_argentina_1994_article_126_0000,world_constitution_argentina_1994_article_126,Argentina,"Argentina's Constitution of 1853, Reinstated in 1983, with Amendments through 1994 - Article 126","Article 126 The Provinces do not exercise the power delegated to the Nation. They may not enter into partial treaties of a political nature; or enact laws dealing with commerce, or internal or foreign navigation; or establish Provincial customhouses; or ...",https://www.constituteproject.org/service/html?cons_id=Argentina_1994&lang=en
us_constitution_1787_article_1_0005,Constitution of the United States - Article 1,35,0.18203895,world_constitution_united_states_of_america_1992_article_i_0001,world_constitution_united_states_of_america_1992_article_i,United States of America,United States of America's Constitution of 1789 with Amendments through 1992 - Article I,"Carolina five, South Carolina five, and Georgia three. When vacancies happen in the Representation from any State, the Executive Authority thereof shall issue Writs of Election to fill such Vacancies. The House of Representatives shall chuse their Speaker and other ...",https://www.constituteproject.org/service/html?cons_id=United_States_of_America_1992&lang=en
us_constitution_1787_article_1_0005,Constitution of the United States - Article 1,36,0.17825731,world_constitution_australia_1985_preamble_0027,world_constitution_australia_1985_preamble,Australia,Australia's Constitution of 1901 with Amendments through 1985 - Preamble,"Full faith and credit shall be given, throughout the Commonwealth to the laws, the public Acts and records, and the judicial proceedings of every State. 119. Protection of States from invasion and violence The Commonwealth shall protect every State against ...",https://www.constituteproject.org/service/html?cons_id=Australia_1985&lang=en
us_constitution_1787_article_1_0005,Constitution of the United States - Article 1,37,0.17765226,world_constitution_ethiopia_1994_article_97_0000,world_constitution_ethiopia_1994_article_97,Ethiopia,Ethiopia's Constitution of 1994 - Article 97,Article 97. State Power of Taxation States shall levy and collect income taxes on employees of the State and of private enterprises. States shall determine and collect fees for land usufractuary rights. States shall levy and collect taxes on the ...,https://www.constituteproject.org/service/html?cons_id=Ethiopia_1994&lang=en
us_constitution_1787_article_1_0005,Constitution of the United States - Article 1,38,0.17406177,world_constitution_united_states_of_america_1992_article_v_0000,world_constitution_united_states_of_america_1992_article_v,United States of America,United States of America's Constitution of 1789 with Amendments through 1992 - Article V,"Article V The Congress, whenever two thirds of both Houses shall deem it necessary, shall propose Amendments to this Constitution, or, on the Application of the Legislatures of two thirds of the several States, shall call a Convention for proposing ...",https://www.constituteproject.org/service/html?cons_id=United_States_of_America_1992&lang=en
us_constitution_1787_article_1_0005,Constitution of the United States - Article 1,39,0.17117644,world_constitution_india_2016_preamble_0000,world_constitution_india_2016_preamble,India,India's Constitution of 1949 with Amendments through 2016 - Preamble,"India 1949 (rev. 2016) Subsequently amended Preamble WE, THE PEOPLE OF INDIA, having solemnly resolved to constitute India into a SOVEREIGN SOCIALIST SECULAR DEMOCRATIC REPUBLIC and to secure to all its citizens: JUSTICE, social, economic and political; LIBERTY of thought, ...",https://www.constituteproject.org/service/html?cons_id=India_2016&lang=en
us_constitution_1787_article_1_0005,Constitution of the United States - Article 1,40,0.17051445,world_constitution_india_2016_preamble_0024,world_constitution_india_2016_preamble,India,India's Constitution of 1949 with Amendments through 2016 - Preamble,"The Attorney-General shall hold office during the pleasure of the President, and shall receive such remuneration as the President may determine. Conduct of Government Business 77. Conduct of business of the Government of India All executive action of the Government ...",https://www.constituteproject.org/service/html?cons_id=India_2016&lang=en
us_constitution_1787_article_1_0005,Constitution of the United States - Article 1,41,0.16922884,world_constitution_chile_2021_article_i_046_0000,world_constitution_chile_2021_article_i_046,Chile,Chile's Constitution of 1980 with Amendments through 2021 - Article I,"ARTICLE 44 A constitutional organic law shall regulate the states of exception, as their declaration and implementation of legal and administrative measures that it proceeds to adopt under them. That law shall contemplate what is strictly necessary for the prompt ...",https://www.constituteproject.org/service/html?cons_id=Chile_2021&lang=en
us_constitution_1787_article_1_0005,Constitution of the United States - Article 1,42,0.16827721,world_constitution_argentina_1994_article_75_0001,world_constitution_argentina_1994_article_75,Argentina,"Argentina's Constitution of 1853, Reinstated in 1983, with Amendments through 1994 - Article 75","and by the interested Province or the City of Buenos Aires, as the case may be. A Federal fiscal body shall be in charge of controlling and administering the execution of what is established by this clause, as determined by ...",https://www.constituteproject.org/service/html?cons_id=Argentina_1994&lang=en
us_constitution_1787_article_1_0005,Constitution of the United States - Article 1,43,0.16587384,world_constitution_somalia_2012_article_119_0000,world_constitution_somalia_2012_article_119,Somalia,Somalia's Constitution of 2012 - Article 119,Article 119. Civil Service The Federal Government and the Federal Member States may recruit their employees. There shall be a civil service both at the Federal level and at the level of the Federal Member States; The Federal Government and ...,https://www.constituteproject.org/service/html?cons_id=Somalia_2012&lang=en
us_constitution_1787_article_1_0005,Constitution of the United States - Article 1,44,0.16521922,world_constitution_dominican_republic_2015_article_266_0000,world_constitution_dominican_republic_2015_article_266,Dominican Republic,Dominican Republic's Constitution of 2015 - Article 266,"Article 266. Regulatory provisions The states of exception shall be subject to the following provisions: The President shall obtain the authorization of Congress to declare the appropriate state of exception. If the Congress is not meeting, the President may declare ...",https://www.constituteproject.org/service/html?cons_id=Dominican_Republic_2015&lang=en
us_constitution_1787_article_1_0005,Constitution of the United States - Article 1,45,0.16459239,world_constitution_brazil_2017_preamble_0014,world_constitution_brazil_2017_preamble,Brazil,Brazil's Constitution of 1988 with Amendments through 2017 - Preamble,"protect documents, works, and other assets of historic, artistic, and cultural value, monuments, remarkable natural landscapes and archeological sites; prevent the loss, destruction, or changing of the characteristics of works of art and other goods of historic, artistic or cultural ...",https://www.constituteproject.org/service/html?cons_id=Brazil_2017&lang=en
us_constitution_1787_article_1_0005,Constitution of the United States - Article 1,46,0.16398279,world_constitution_australia_1985_preamble_0011,world_constitution_australia_1985_preamble,Australia,Australia's Constitution of 1901 with Amendments through 1985 - Preamble,"Until the Parliament otherwise provides, any question respecting the qualification of a senator or of a member of the House of Representatives, or respecting a vacancy in either House of the Parliament, and any question of a disputed election to ...",https://www.constituteproject.org/service/html?cons_id=Australia_1985&lang=en
us_constitution_1787_article_1_0005,Constitution of the United States - Article 1,47,0.16316176,world_constitution_malaysia_2007_article_133_0001,world_constitution_malaysia_2007_article_133,Malaysia,Malaysia's Constitution of 1957 with Amendments through 2007 - Article 133,"State; or such diplomatic posts as the Yang di-Pertuan Agong may by order prescribe, being post which but for the order would be posts in the general public service of the Federation. References in this Part, except in Articles 136 ...",https://www.constituteproject.org/service/html?cons_id=Malaysia_2007&lang=en
us_constitution_1787_article_1_0005,Constitution of the United States - Article 1,48,0.16241501,world_constitution_ethiopia_1994_article_94_0000,world_constitution_ethiopia_1994_article_94,Ethiopia,Ethiopia's Constitution of 1994 - Article 94,"Article 94. Financial Expenditures The Federal Government and the States shall respectively bear all financial expenditures necessary to carry out all responsibilities and functions assigned to them by law. Unless otherwise agreed upon, the financial expenditures required for the carrying ...",https://www.constituteproject.org/service/html?cons_id=Ethiopia_1994&lang=en
us_constitution_1787_article_1_0005,Constitution of the United States - Article 1,49,0.16190808,world_constitution_brazil_2017_article_77_0111,world_constitution_brazil_2017_article_77,Brazil,Brazil's Constitution of 1988 with Amendments through 2017 - Article 77,"mentioned subparagraph. Art 160 Retention or any restriction on remittance and use of the funds allocated under this section to the States, Federal District and Counties, including any tax additions and increases, is prohibited. Sole Paragraph This prohibition does not ...",https://www.constituteproject.org/service/html?cons_id=Brazil_2017&lang=en
us_constitution_1787_article_1_0005,Constitution of the United States - Article 1,50,0.16186704,world_constitution_micronesia_1990_article_i_003_0000,world_constitution_micronesia_1990_article_i_003,Micronesia (Federated States of),Micronesia (Federated States of)'s Constitution of 1978 with Amendments through 1990 - Article I,ARTICLE III. CITIZENSHIP Section 1 A person who is a citizen of the Trust Territory of the Pacific Islands immediately prior to the effective date of this Constitution and a domiciliary of a district ratifying this Constitution is a citizen ...,https://www.constituteproject.org/service/html?cons_id=Micronesia_1990&lang=en
us_constitution_1787_article_1_0006,Constitution of the United States - Article 1,1,0.96920162,world_constitution_united_states_of_america_1992_article_i_0006,world_constitution_united_states_of_america_1992_article_i,United States of America,United States of America's Constitution of 1789 with Amendments through 1992 - Article I,"the Union, suppress Insurrections and repel Invasions; To provide for organizing, arming, and disciplining, the Militia, and for governing such Part of them as may be employed in the Service of the United States, reserving to the States respectively, the ...",https://www.constituteproject.org/service/html?cons_id=United_States_of_America_1992&lang=en
us_constitution_1787_article_1_0006,Constitution of the United States - Article 1,2,0.37949819,world_constitution_united_states_of_america_1992_article_ii_0002,world_constitution_united_states_of_america_1992_article_ii,United States of America,United States of America's Constitution of 1789 with Amendments through 1992 - Article II,"Officer shall act accordingly, until the Disability be removed, or a President shall be elected. The President shall, at stated Times, receive for his Services, a Compensation, which shall neither be encreased nor diminished during the Period for which he ...",https://www.constituteproject.org/service/html?cons_id=United_States_of_America_1992&lang=en
us_constitution_1787_article_1_0006,Constitution of the United States - Article 1,3,0.37322427,world_constitution_united_states_of_america_1992_article_i_002_0000,world_constitution_united_states_of_america_1992_article_i_002,United States of America,United States of America's Constitution of 1789 with Amendments through 1992 - Article I,"Article IV Section 1 Full Faith and Credit shall be given in each State to the public Acts, Records, and judicial Proceedings of every other State. And the Congress may by general Laws prescribe the Manner in which such Acts, ...",https://www.constituteproject.org/service/html?cons_id=United_States_of_America_1992&lang=en
us_constitution_1787_article_1_0006,Constitution of the United States - Article 1,4,0.36309849,world_constitution_united_states_of_america_1992_article_v_003_0005,world_constitution_united_states_of_america_1992_article_v_003,United States of America,United States of America's Constitution of 1789 with Amendments through 1992 - Article V,"make or enforce any law which shall abridge the privileges or immunities of citizens of the United States; nor shall any State deprive any person of life, liberty, or property, without due process of law; nor deny to any person ...",https://www.constituteproject.org/service/html?cons_id=United_States_of_America_1992&lang=en
us_constitution_1787_article_1_0006,Constitution of the United States - Article 1,5,0.36295848,world_constitution_united_states_of_america_1992_article_i_0005,world_constitution_united_states_of_america_1992_article_i,United States of America,United States of America's Constitution of 1789 with Amendments through 1992 - Article I,"House of Representatives, according to the Rules and Limitations prescribed in the Case of a Bill. Section 8 The Congress shall have Power To lay and collect Taxes, Duties, Imposts and Excises, to pay the Debts and provide for the ...",https://www.constituteproject.org/service/html?cons_id=United_States_of_America_1992&lang=en
us_constitution_1787_article_1_0006,Constitution of the United States - Article 1,6,0.33618843,world_constitution_united_states_of_america_1992_article_v_003_0006,world_constitution_united_states_of_america_1992_article_v_003,United States of America,United States of America's Constitution of 1789 with Amendments through 1992 - Article V,"same, or given aid or comfort to the enemies thereof. But Congress may by a vote of two-thirds of each House, remove such disability. Section 4 The validity of the public debt of the United States, authorized by law, including ...",https://www.constituteproject.org/service/html?cons_id=United_States_of_America_1992&lang=en
us_constitution_1787_article_1_0006,Constitution of the United States - Article 1,7,0.32921009,world_constitution_united_states_of_america_1992_article_iii_0000,world_constitution_united_states_of_america_1992_article_iii,United States of America,United States of America's Constitution of 1789 with Amendments through 1992 - Article III,"Article III Section 1 The judicial Power of the United States, shall be vested in one supreme Court, and in such inferior Courts as the Congress may from time to time ordain and establish. The Judges, both of the supreme ...",https://www.constituteproject.org/service/html?cons_id=United_States_of_America_1992&lang=en
us_constitution_1787_article_1_0006,Constitution of the United States - Article 1,8,0.32605855,world_constitution_united_states_of_america_1992_article_v_002_0000,world_constitution_united_states_of_america_1992_article_v_002,United States of America,United States of America's Constitution of 1789 with Amendments through 1992 - Article V,"Article VI All Debts contracted and Engagements entered into, before the Adoption of this Constitution, shall be as valid against the United States under this Constitution, as under the Confederation. This Constitution, and the Laws of the United States which ...",https://www.constituteproject.org/service/html?cons_id=United_States_of_America_1992&lang=en
us_constitution_1787_article_1_0006,Constitution of the United States - Article 1,9,0.30667032,world_constitution_united_states_of_america_1992_article_i_0000,world_constitution_united_states_of_america_1992_article_i,United States of America,United States of America's Constitution of 1789 with Amendments through 1992 - Article I,"Article I Section 1 All legislative Powers herein granted shall be vested in a Congress of the United States, which shall consist of a Senate and House of Representatives. Section 2 The House of Representatives shall be composed of Members ...",https://www.constituteproject.org/service/html?cons_id=United_States_of_America_1992&lang=en
us_constitution_1787_article_1_0006,Constitution of the United States - Article 1,10,0.30611957,world_constitution_united_states_of_america_1992_article_i_0007,world_constitution_united_states_of_america_1992_article_i,United States of America,United States of America's Constitution of 1789 with Amendments through 1992 - Article I,in Proportion to the Census or enumeration herein before directed to be taken. No Tax or Duty shall be laid on Articles exported from any State. No Preference shall be given by any Regulation of Commerce or Revenue to the ...,https://www.constituteproject.org/service/html?cons_id=United_States_of_America_1992&lang=en
us_constitution_1787_article_1_0006,Constitution of the United States - Article 1,11,0.30417772,world_constitution_united_states_of_america_1992_article_v_003_0007,world_constitution_united_states_of_america_1992_article_v_003,United States of America,United States of America's Constitution of 1789 with Amendments through 1992 - Article V,"Senate, the executive authority of such State shall issue writs of election to fill such vacancies: Provided, That the legislature of any State may empower the executive thereof to make temporary appointments until the people fill the vacancies by election ...",https://www.constituteproject.org/service/html?cons_id=United_States_of_America_1992&lang=en
us_constitution_1787_article_1_0006,Constitution of the United States - Article 1,12,0.29883647,world_constitution_united_states_of_america_1992_article_v_003_0003,world_constitution_united_states_of_america_1992_article_v_003,United States of America,United States of America's Constitution of 1789 with Amendments through 1992 - Article V,"States by the Constitution, nor prohibited by it to the States, are reserved to the States respectively, or to the people. Additional Amendments Amendment XI The Judicial power of the United States shall not be construed to extend to any ...",https://www.constituteproject.org/service/html?cons_id=United_States_of_America_1992&lang=en
us_constitution_1787_article_1_0006,Constitution of the United States - Article 1,13,0.28963813,world_constitution_united_states_of_america_1992_article_ii_0003,world_constitution_united_states_of_america_1992_article_ii,United States of America,United States of America's Constitution of 1789 with Amendments through 1992 - Article II,"by Law: but the Congress may by Law vest the Appointment of such inferior Officers, as they think proper, in the President alone, in the Courts of Law, or in the Heads of Departments. The President shall have Power to ...",https://www.constituteproject.org/service/html?cons_id=United_States_of_America_1992&lang=en
us_constitution_1787_article_1_0006,Constitution of the United States - Article 1,14,0.28910372,world_constitution_united_states_of_america_1992_article_v_003_0004,world_constitution_united_states_of_america_1992_article_v_003,United States of America,United States of America's Constitution of 1789 with Amendments through 1992 - Article V,"the votes shall be taken by states, the representation from each state having one vote; a quorum for this purpose shall consist of a member or members from two-thirds of the states, and a majority of all the states shall ...",https://www.constituteproject.org/service/html?cons_id=United_States_of_America_1992&lang=en
us_constitution_1787_article_1_0006,Constitution of the United States - Article 1,15,0.28666626,world_constitution_united_states_of_america_1992_article_v_003_0010,world_constitution_united_states_of_america_1992_article_v_003,United States of America,United States of America's Constitution of 1789 with Amendments through 1992 - Article V,the legislatures of three-fourths of the several States within seven years from the date of its submission to the States by the Congress. Amendment XXIII Section 1 The District constituting the seat of Government of the United States shall appoint ...,https://www.constituteproject.org/service/html?cons_id=United_States_of_America_1992&lang=en
us_constitution_1787_article_1_0006,Constitution of the United States - Article 1,16,0.2759383,world_constitution_united_states_of_america_1992_article_v_003_0009,world_constitution_united_states_of_america_1992_article_v_003,United States of America,United States of America's Constitution of 1789 with Amendments through 1992 - Article V,be inoperative unless it shall have been ratified as an amendment to the Constitution by the legislatures of three-fourths of the several States within seven years from the date of its submission. Amendment XXI Section 1 The eighteenth article of ...,https://www.constituteproject.org/service/html?cons_id=United_States_of_America_1992&lang=en
us_constitution_1787_article_1_0006,Constitution of the United States - Article 1,17,0.26838656,world_constitution_south_sudan_2013_article_85_0001,world_constitution_south_sudan_2013_article_85,South Sudan,South Sudan's Constitution of 2011 with Amendments through 2013 - Article 85,and approve appointments as required by this Constitution or the law; cast a vote of no confidence against any Minister. enact legislation to regulate the conditions and terms of service of the Judiciary and its oversight mechanisms; and perform any ...,https://www.constituteproject.org/service/html?cons_id=South_Sudan_2013&lang=en
us_constitution_1787_article_1_0006,Constitution of the United States - Article 1,18,0.26220387,world_constitution_united_states_of_america_1992_article_ii_0000,world_constitution_united_states_of_america_1992_article_ii,United States of America,United States of America's Constitution of 1789 with Amendments through 1992 - Article II,"Article II Section 1 The executive Power shall be vested in a President of the United States of America. He shall hold his Office during the Term of four Years, and, together with the Vice President, chosen for the same ...",https://www.constituteproject.org/service/html?cons_id=United_States_of_America_1992&lang=en
us_constitution_1787_article_1_0006,Constitution of the United States - Article 1,19,0.26049604,world_constitution_united_states_of_america_1992_article_i_0002,world_constitution_united_states_of_america_1992_article_i,United States of America,United States of America's Constitution of 1789 with Amendments through 1992 - Article I,"in the Absence of the Vice President, or when he shall exercise the Office of President of the United States. The Senate shall have the sole Power to try all Impeachments. When sitting for that Purpose, they shall be on ...",https://www.constituteproject.org/service/html?cons_id=United_States_of_America_1992&lang=en
us_constitution_1787_article_1_0006,Constitution of the United States - Article 1,20,0.25953113,world_constitution_united_states_of_america_1992_article_ii_0001,world_constitution_united_states_of_america_1992_article_ii,United States of America,United States of America's Constitution of 1789 with Amendments through 1992 - Article II,"from the five highest on the List the said House shall in like Manner chuse the President. But in chusing the President, the Votes shall be taken by States, the Representatives from each State having one Vote; a quorum for ...",https://www.constituteproject.org/service/html?cons_id=United_States_of_America_1992&lang=en
us_constitution_1787_article_1_0006,Constitution of the United States - Article 1,21,0.25816153,world_constitution_united_states_of_america_1992_article_i_0003,world_constitution_united_states_of_america_1992_article_i,United States of America,United States of America's Constitution of 1789 with Amendments through 1992 - Article I,"disorderly Behaviour, and, with the Concurrence of two thirds, expel a Member. Each House shall keep a Journal of its Proceedings, and from time to time publish the same, excepting such Parts as may in their Judgment require Secrecy; and ...",https://www.constituteproject.org/service/html?cons_id=United_States_of_America_1992&lang=en
us_constitution_1787_article_1_0006,Constitution of the United States - Article 1,22,0.25713083,world_constitution_united_states_of_america_1992_article_v_0000,world_constitution_united_states_of_america_1992_article_v,United States of America,United States of America's Constitution of 1789 with Amendments through 1992 - Article V,"Article V The Congress, whenever two thirds of both Houses shall deem it necessary, shall propose Amendments to this Constitution, or, on the Application of the Legislatures of two thirds of the several States, shall call a Convention for proposing ...",https://www.constituteproject.org/service/html?cons_id=United_States_of_America_1992&lang=en
us_constitution_1787_article_1_0006,Constitution of the United States - Article 1,23,0.25195238,world_constitution_united_states_of_america_1992_article_v_003_0012,world_constitution_united_states_of_america_1992_article_v_003,United States of America,United States of America's Constitution of 1789 with Amendments through 1992 - Article V,"forty-eight hours for that purpose if not in session. If the Congress, within twenty-one days after receipt of the latter written declaration, or, if Congress is not in session, within twenty-one days after Congress is required to assemble, determines by ...",https://www.constituteproject.org/service/html?cons_id=United_States_of_America_1992&lang=en
us_constitution_1787_article_1_0006,Constitution of the United States - Article 1,24,0.24648489,world_constitution_united_states_of_america_1992_article_v_003_0001,world_constitution_united_states_of_america_1992_article_v_003,United States of America,United States of America's Constitution of 1789 with Amendments through 1992 - Article V,"concurring, that the following Articles be proposed to the Legislatures of the several States, as Amendments to the Constitution of the United States, all or any of which Articles, when ratified by three fourths of the said Legislatures, to be ...",https://www.constituteproject.org/service/html?cons_id=United_States_of_America_1992&lang=en
us_constitution_1787_article_1_0006,Constitution of the United States - Article 1,25,0.23562107,world_constitution_united_states_of_america_1992_article_v_003_0002,world_constitution_united_states_of_america_1992_article_v_003,United States of America,United States of America's Constitution of 1789 with Amendments through 1992 - Article V,"or indictment of a Grand Jury, except in cases arising in the land or naval forces, or in the Militia, when in actual service in time of War or public danger; nor shall any person be subject for the same ...",https://www.constituteproject.org/service/html?cons_id=United_States_of_America_1992&lang=en
us_constitution_1787_article_1_0006,Constitution of the United States - Article 1,26,0.23408774,world_constitution_united_states_of_america_1992_article_i_0001,world_constitution_united_states_of_america_1992_article_i,United States of America,United States of America's Constitution of 1789 with Amendments through 1992 - Article I,"Carolina five, South Carolina five, and Georgia three. When vacancies happen in the Representation from any State, the Executive Authority thereof shall issue Writs of Election to fill such Vacancies. The House of Representatives shall chuse their Speaker and other ...",https://www.constituteproject.org/service/html?cons_id=United_States_of_America_1992&lang=en
us_constitution_1787_article_1_0006,Constitution of the United States - Article 1,27,0.23175249,world_constitution_spain_2011_preamble_0023,world_constitution_spain_2011_preamble,Spain,Spain's Constitution of 1978 with Amendments through 2011 - Preamble,"A state of alarm shall be proclaimed by the Government, by means of a decree agreed in Council of Ministers, for a maximum period of fifteen days. The Congress shall be informed and must meet immediately, and without its authorization ...",https://www.constituteproject.org/service/html?cons_id=Spain_2011&lang=en
us_constitution_1787_article_1_0006,Constitution of the United States - Article 1,28,0.23005657,world_constitution_tanzania_2005_article_32_0002,world_constitution_tanzania_2005_article_32,Tanzania (United Republic of),Tanzania (United Republic of)'s Constitution of 1977 with Amendments through 2005 - Article 32,"avoidance of doubt in the interpretation or application of the provisions of this Article, the provisions of legislation enacted by Parliament and of any other law, concerning the proclamation of a state of emergency as provided for in this Article ...",https://www.constituteproject.org/service/html?cons_id=Tanzania_2005&lang=en
us_constitution_1787_article_1_0006,Constitution of the United States - Article 1,29,0.22875035,world_constitution_philippines_1987_article_v_002_0003,world_constitution_philippines_1987_article_v_002,Philippines,Philippines's Constitution of 1987 - Article V,"such armed forces to prevent or suppress lawless violence, invasion or rebellion. In case of invasion or rebellion, when the public safety requires it, he may, for a period not exceeding sixty days, suspend the privilege of the writ of ...",https://www.constituteproject.org/service/html?cons_id=Philippines_1987&lang=en
us_constitution_1787_article_1_0006,Constitution of the United States - Article 1,30,0.2249053,world_constitution_united_states_of_america_1992_article_i_0004,world_constitution_united_states_of_america_1992_article_i,United States of America,United States of America's Constitution of 1789 with Amendments through 1992 - Article I,"Bills. Every Bill which shall have passed the House of Representatives and the Senate, shall, before it become a Law, be presented to the President of the United States: If he approve he shall sign it, but if not he ...",https://www.constituteproject.org/service/html?cons_id=United_States_of_America_1992&lang=en
us_constitution_1787_article_1_0006,Constitution of the United States - Article 1,31,0.22213251,world_constitution_australia_1985_preamble_0027,world_constitution_australia_1985_preamble,Australia,Australia's Constitution of 1901 with Amendments through 1985 - Preamble,"Full faith and credit shall be given, throughout the Commonwealth to the laws, the public Acts and records, and the judicial proceedings of every State. 119. Protection of States from invasion and violence The Commonwealth shall protect every State against ...",https://www.constituteproject.org/service/html?cons_id=Australia_1985&lang=en
us_constitution_1787_article_1_0006,Constitution of the United States - Article 1,32,0.21718683,world_constitution_dominican_republic_2015_article_266_0000,world_constitution_dominican_republic_2015_article_266,Dominican Republic,Dominican Republic's Constitution of 2015 - Article 266,"Article 266. Regulatory provisions The states of exception shall be subject to the following provisions: The President shall obtain the authorization of Congress to declare the appropriate state of exception. If the Congress is not meeting, the President may declare ...",https://www.constituteproject.org/service/html?cons_id=Dominican_Republic_2015&lang=en
us_constitution_1787_article_1_0006,Constitution of the United States - Article 1,33,0.21537143,world_constitution_australia_1985_preamble_0024,world_constitution_australia_1985_preamble,Australia,Australia's Constitution of 1901 with Amendments through 1985 - Preamble,"There shall be an Inter-State Commission, with such powers of adjudication and administration as the Parliament deems necessary for the execution and maintenance, within the Commonwealth, of the provisions of this Constitution relating to trade and commerce, and of all ...",https://www.constituteproject.org/service/html?cons_id=Australia_1985&lang=en
us_constitution_1787_article_1_0006,Constitution of the United States - Article 1,34,0.21211978,world_constitution_india_2016_preamble_0110,world_constitution_india_2016_preamble,India,India's Constitution of 1949 with Amendments through 2016 - Preamble,If it appears to the Legislatures of two or more States to be desirable that any of the matters with respect to which Parliament has no power to make laws for the States except as provided in articles 249 and ...,https://www.constituteproject.org/service/html?cons_id=India_2016&lang=en
us_constitution_1787_article_1_0006,Constitution of the United States - Article 1,35,0.21138667,world_constitution_india_2016_preamble_0052,world_constitution_india_2016_preamble,India,India's Constitution of 1949 with Amendments through 2016 - Preamble,"The administrative expenses of the office of the Comptroller and Auditor-General, including all salaries, allowances and pensions payable to or in respect of persons serving in that office, shall be charged upon the Consolidated Fund of India. 149. Duties and ...",https://www.constituteproject.org/service/html?cons_id=India_2016&lang=en
us_constitution_1787_article_1_0006,Constitution of the United States - Article 1,36,0.2113166,world_constitution_india_2016_preamble_0000,world_constitution_india_2016_preamble,India,India's Constitution of 1949 with Amendments through 2016 - Preamble,"India 1949 (rev. 2016) Subsequently amended Preamble WE, THE PEOPLE OF INDIA, having solemnly resolved to constitute India into a SOVEREIGN SOCIALIST SECULAR DEMOCRATIC REPUBLIC and to secure to all its citizens: JUSTICE, social, economic and political; LIBERTY of thought, ...",https://www.constituteproject.org/service/html?cons_id=India_2016&lang=en
us_constitution_1787_article_1_0006,Constitution of the United States - Article 1,37,0.21037355,world_constitution_ethiopia_1994_article_94_0000,world_constitution_ethiopia_1994_article_94,Ethiopia,Ethiopia's Constitution of 1994 - Article 94,"Article 94. Financial Expenditures The Federal Government and the States shall respectively bear all financial expenditures necessary to carry out all responsibilities and functions assigned to them by law. Unless otherwise agreed upon, the financial expenditures required for the carrying ...",https://www.constituteproject.org/service/html?cons_id=Ethiopia_1994&lang=en
us_constitution_1787_article_1_0006,Constitution of the United States - Article 1,38,0.20999249,world_constitution_angola_2010_article_204_0000,world_constitution_angola_2010_article_204,Angola,Angola's Constitution of 2010 - Article 204,"Article 204. (State of constitutional need) Within the context of preserving national security and maintaining public order, the President of the Republic may declare, according to the demands of particular situations, constitutional states of need, under the terms of the ...",https://www.constituteproject.org/service/html?cons_id=Angola_2010&lang=en
us_constitution_1787_article_1_0006,Constitution of the United States - Article 1,39,0.20714791,world_constitution_india_2016_preamble_0024,world_constitution_india_2016_preamble,India,India's Constitution of 1949 with Amendments through 2016 - Preamble,"The Attorney-General shall hold office during the pleasure of the President, and shall receive such remuneration as the President may determine. Conduct of Government Business 77. Conduct of business of the Government of India All executive action of the Government ...",https://www.constituteproject.org/service/html?cons_id=India_2016&lang=en
us_constitution_1787_article_1_0006,Constitution of the United States - Article 1,40,0.2043739,world_constitution_malaysia_2007_article_133_0001,world_constitution_malaysia_2007_article_133,Malaysia,Malaysia's Constitution of 1957 with Amendments through 2007 - Article 133,"State; or such diplomatic posts as the Yang di-Pertuan Agong may by order prescribe, being post which but for the order would be posts in the general public service of the Federation. References in this Part, except in Articles 136 ...",https://www.constituteproject.org/service/html?cons_id=Malaysia_2007&lang=en
us_constitution_1787_article_1_0006,Constitution of the United States - Article 1,41,0.20239744,world_constitution_micronesia_1990_article_i_011_0000,world_constitution_micronesia_1990_article_i_011,Micronesia (Federated States of),Micronesia (Federated States of)'s Constitution of 1978 with Amendments through 1990 - Article I,ARTICLE X. EXECUTIVE Section 1 The executive power of the national government is vested in the President of the Federated States of Micronesia. He is elected by Congress for a term of four years by a majority vote of all ...,https://www.constituteproject.org/service/html?cons_id=Micronesia_1990&lang=en
us_constitution_1787_article_1_0006,Constitution of the United States - Article 1,42,0.20236505,world_constitution_united_kingdom_2013_article_x_010_0020,world_constitution_united_kingdom_2013_article_x_010,United Kingdom,United Kingdom's Constitution of 1215 with Amendments through 2013 - Article X,"manufacture of either country, or of any new or additional duty on any materials of which such article may be composed, or of any abatement of duty on the same; and that when any such new or additional countervailing duty ...",https://www.constituteproject.org/service/html?cons_id=United_Kingdom_2013&lang=en
us_constitution_1787_article_1_0006,Constitution of the United States - Article 1,43,0.20168592,world_constitution_malaysia_2007_article_103_0001,world_constitution_malaysia_2007_article_103,Malaysia,Malaysia's Constitution of 1957 with Amendments through 2007 - Article 103,"under federal law, such proportion as may be so prescribed of the export duty on minerals (other than tin) produced in the State. In this Article “minerals” means mineral ores, mental and mineral oils. Without prejudice to the power to ...",https://www.constituteproject.org/service/html?cons_id=Malaysia_2007&lang=en
us_constitution_1787_article_1_0006,Constitution of the United States - Article 1,44,0.2002252,world_constitution_india_2016_preamble_0064,world_constitution_india_2016_preamble,India,India's Constitution of 1949 with Amendments through 2016 - Preamble,"Every member of the Legislative Assembly or the Legislative Council of a State shall, before taking his seat, make and subscribe before the Governor, or some person appointed in that behalf by him, an oath or affirmation according to the ...",https://www.constituteproject.org/service/html?cons_id=India_2016&lang=en
us_constitution_1787_article_1_0006,Constitution of the United States - Article 1,45,0.19937801,world_constitution_malaysia_2007_article_99_002_0000,world_constitution_malaysia_2007_article_99_002,Malaysia,Malaysia's Constitution of 1957 with Amendments through 2007 - Article 99,"Article 99. No moneys shall be withdrawn from the Consolidated Fund except in the manner provided by federal law. 105. Auditor General There shall be an Auditor General, who shall be appointed by the Yang di-Pertuan Agong on the advice ...",https://www.constituteproject.org/service/html?cons_id=Malaysia_2007&lang=en
us_constitution_1787_article_1_0006,Constitution of the United States - Article 1,46,0.1988367,world_constitution_india_2016_preamble_0016,world_constitution_india_2016_preamble,India,India's Constitution of 1949 with Amendments through 2016 - Preamble,There shall be a President of India. 53. Executive power of the Union The executive power of the Union shall be vested in the President and shall be exercised by him either directly or through officers subordinate to him in ...,https://www.constituteproject.org/service/html?cons_id=India_2016&lang=en
us_constitution_1787_article_1_0006,Constitution of the United States - Article 1,47,0.19856976,world_constitution_nigeria_2011_preamble_0063,world_constitution_nigeria_2011_preamble,Nigeria,Nigeria's Constitution of 1999 with Amendments through 2011 - Preamble,Any amount standing to the credit of the judiciary in the Federation Account shall be paid directly to the National Judicial Council for disbursement to the heads of courts established for the Federation and the States under section 6 of ...,https://www.constituteproject.org/service/html?cons_id=Nigeria_2011&lang=en
us_constitution_1787_article_1_0006,Constitution of the United States - Article 1,48,0.19518595,world_constitution_india_2016_preamble_0117,world_constitution_india_2016_preamble,India,India's Constitution of 1949 with Amendments through 2016 - Preamble,"until a Finance Commission has been constituted, prescribed by the President by order, and after a Finance Commission has been constituted, prescribed by the President by order after considering the recommendations of the Finance Commission. 271. Surcharge on certain duties ...",https://www.constituteproject.org/service/html?cons_id=India_2016&lang=en
us_constitution_1787_article_1_0006,Constitution of the United States - Article 1,49,0.19515016,world_constitution_micronesia_1990_article_i_010_0001,world_constitution_micronesia_1990_article_i_010,Micronesia (Federated States of),Micronesia (Federated States of)'s Constitution of 1978 with Amendments through 1990 - Article I,"public credit; to establish systems of social security and public welfare. Section 4 A treaty is ratified by vote of 2/3 of the members of Congress, except that a treaty delegating major powers of government of the Federated States of ...",https://www.constituteproject.org/service/html?cons_id=Micronesia_1990&lang=en
us_constitution_1787_article_1_0006,Constitution of the United States - Article 1,50,0.19236262,world_constitution_australia_1985_preamble_0026,world_constitution_australia_1985_preamble,Australia,Australia's Constitution of 1901 with Amendments through 1985 - Preamble,"When a law of a State is inconsistent with a law of the Commonwealth, the latter shall prevail, and the former shall, to the extent of the inconsistency, be invalid. 110. Provisions referring to Governor The provisions of this Constitution ...",https://www.constituteproject.org/service/html?cons_id=Australia_1985&lang=en
us_constitution_1787_article_1_0007,Constitution of the United States - Article 1,1,0.96836625,world_constitution_united_states_of_america_1992_article_i_0007,world_constitution_united_states_of_america_1992_article_i,United States of America,United States of America's Constitution of 1789 with Amendments through 1992 - Article I,in Proportion to the Census or enumeration herein before directed to be taken. No Tax or Duty shall be laid on Articles exported from any State. No Preference shall be given by any Regulation of Commerce or Revenue to the ...,https://www.constituteproject.org/service/html?cons_id=United_States_of_America_1992&lang=en
us_constitution_1787_article_1_0007,Constitution of the United States - Article 1,2,0.30936028,world_constitution_united_states_of_america_1992_article_i_002_0000,world_constitution_united_states_of_america_1992_article_i_002,United States of America,United States of America's Constitution of 1789 with Amendments through 1992 - Article I,"Article IV Section 1 Full Faith and Credit shall be given in each State to the public Acts, Records, and judicial Proceedings of every other State. And the Congress may by general Laws prescribe the Manner in which such Acts, ...",https://www.constituteproject.org/service/html?cons_id=United_States_of_America_1992&lang=en
us_constitution_1787_article_1_0007,Constitution of the United States - Article 1,3,0.30259012,world_constitution_australia_1985_preamble_0026,world_constitution_australia_1985_preamble,Australia,Australia's Constitution of 1901 with Amendments through 1985 - Preamble,"When a law of a State is inconsistent with a law of the Commonwealth, the latter shall prevail, and the former shall, to the extent of the inconsistency, be invalid. 110. Provisions referring to Governor The provisions of this Constitution ...",https://www.constituteproject.org/service/html?cons_id=Australia_1985&lang=en
us_constitution_1787_article_1_0007,Constitution of the United States - Article 1,4,0.29610125,world_constitution_united_states_of_america_1992_article_i_0006,world_constitution_united_states_of_america_1992_article_i,United States of America,United States of America's Constitution of 1789 with Amendments through 1992 - Article I,"the Union, suppress Insurrections and repel Invasions; To provide for organizing, arming, and disciplining, the Militia, and for governing such Part of them as may be employed in the Service of the United States, reserving to the States respectively, the ...",https://www.constituteproject.org/service/html?cons_id=United_States_of_America_1992&lang=en
us_constitution_1787_article_1_0007,Constitution of the United States - Article 1,5,0.28504867,world_constitution_united_states_of_america_1992_article_v_003_0006,world_constitution_united_states_of_america_1992_article_v_003,United States of America,United States of America's Constitution of 1789 with Amendments through 1992 - Article V,"same, or given aid or comfort to the enemies thereof. But Congress may by a vote of two-thirds of each House, remove such disability. Section 4 The validity of the public debt of the United States, authorized by law, including ...",https://www.constituteproject.org/service/html?cons_id=United_States_of_America_1992&lang=en
us_constitution_1787_article_1_0007,Constitution of the United States - Article 1,6,0.28497028,world_constitution_united_states_of_america_1992_article_v_003_0005,world_constitution_united_states_of_america_1992_article_v_003,United States of America,United States of America's Constitution of 1789 with Amendments through 1992 - Article V,"make or enforce any law which shall abridge the privileges or immunities of citizens of the United States; nor shall any State deprive any person of life, liberty, or property, without due process of law; nor deny to any person ...",https://www.constituteproject.org/service/html?cons_id=United_States_of_America_1992&lang=en
us_constitution_1787_article_1_0007,Constitution of the United States - Article 1,7,0.26562793,world_constitution_united_states_of_america_1992_article_i_0005,world_constitution_united_states_of_america_1992_article_i,United States of America,United States of America's Constitution of 1789 with Amendments through 1992 - Article I,"House of Representatives, according to the Rules and Limitations prescribed in the Case of a Bill. Section 8 The Congress shall have Power To lay and collect Taxes, Duties, Imposts and Excises, to pay the Debts and provide for the ...",https://www.constituteproject.org/service/html?cons_id=United_States_of_America_1992&lang=en
us_constitution_1787_article_1_0007,Constitution of the United States - Article 1,8,0.24719279,world_constitution_united_states_of_america_1992_article_iii_0000,world_constitution_united_states_of_america_1992_article_iii,United States of America,United States of America's Constitution of 1789 with Amendments through 1992 - Article III,"Article III Section 1 The judicial Power of the United States, shall be vested in one supreme Court, and in such inferior Courts as the Congress may from time to time ordain and establish. The Judges, both of the supreme ...",https://www.constituteproject.org/service/html?cons_id=United_States_of_America_1992&lang=en
us_constitution_1787_article_1_0007,Constitution of the United States - Article 1,9,0.24289776,world_constitution_argentina_1994_article_126_0000,world_constitution_argentina_1994_article_126,Argentina,"Argentina's Constitution of 1853, Reinstated in 1983, with Amendments through 1994 - Article 126","Article 126 The Provinces do not exercise the power delegated to the Nation. They may not enter into partial treaties of a political nature; or enact laws dealing with commerce, or internal or foreign navigation; or establish Provincial customhouses; or ...",https://www.constituteproject.org/service/html?cons_id=Argentina_1994&lang=en
us_constitution_1787_article_1_0007,Constitution of the United States - Article 1,10,0.23945706,world_constitution_united_states_of_america_1992_article_v_002_0000,world_constitution_united_states_of_america_1992_article_v_002,United States of America,United States of America's Constitution of 1789 with Amendments through 1992 - Article V,"Article VI All Debts contracted and Engagements entered into, before the Adoption of this Constitution, shall be as valid against the United States under this Constitution, as under the Confederation. This Constitution, and the Laws of the United States which ...",https://www.constituteproject.org/service/html?cons_id=United_States_of_America_1992&lang=en
us_constitution_1787_article_1_0007,Constitution of the United States - Article 1,11,0.23896347,world_constitution_india_2016_preamble_0005,world_constitution_india_2016_preamble,India,India's Constitution of 1949 with Amendments through 2016 - Preamble,Nothing in this article shall affect the operation of any law which provides that the incumbent of an office in connection with the affairs of any religious or denominational institution or any member of the governing body thereof shall be ...,https://www.constituteproject.org/service/html?cons_id=India_2016&lang=en
us_constitution_1787_article_1_0007,Constitution of the United States - Article 1,12,0.2373098,world_constitution_united_states_of_america_1992_article_ii_0002,world_constitution_united_states_of_america_1992_article_ii,United States of America,United States of America's Constitution of 1789 with Amendments through 1992 - Article II,"Officer shall act accordingly, until the Disability be removed, or a President shall be elected. The President shall, at stated Times, receive for his Services, a Compensation, which shall neither be encreased nor diminished during the Period for which he ...",https://www.constituteproject.org/service/html?cons_id=United_States_of_America_1992&lang=en
us_constitution_1787_article_1_0007,Constitution of the United States - Article 1,13,0.23229871,world_constitution_united_states_of_america_1992_article_i_0003,world_constitution_united_states_of_america_1992_article_i,United States of America,United States of America's Constitution of 1789 with Amendments through 1992 - Article I,"disorderly Behaviour, and, with the Concurrence of two thirds, expel a Member. Each House shall keep a Journal of its Proceedings, and from time to time publish the same, excepting such Parts as may in their Judgment require Secrecy; and ...",https://www.constituteproject.org/service/html?cons_id=United_States_of_America_1992&lang=en
us_constitution_1787_article_1_0007,Constitution of the United States - Article 1,14,0.22703547,world_constitution_spain_2011_preamble_0023,world_constitution_spain_2011_preamble,Spain,Spain's Constitution of 1978 with Amendments through 2011 - Preamble,"A state of alarm shall be proclaimed by the Government, by means of a decree agreed in Council of Ministers, for a maximum period of fifteen days. The Congress shall be informed and must meet immediately, and without its authorization ...",https://www.constituteproject.org/service/html?cons_id=Spain_2011&lang=en
us_constitution_1787_article_1_0007,Constitution of the United States - Article 1,15,0.22554573,world_constitution_united_states_of_america_1992_article_v_003_0010,world_constitution_united_states_of_america_1992_article_v_003,United States of America,United States of America's Constitution of 1789 with Amendments through 1992 - Article V,the legislatures of three-fourths of the several States within seven years from the date of its submission to the States by the Congress. Amendment XXIII Section 1 The District constituting the seat of Government of the United States shall appoint ...,https://www.constituteproject.org/service/html?cons_id=United_States_of_America_1992&lang=en
us_constitution_1787_article_1_0007,Constitution of the United States - Article 1,16,0.22391228,world_constitution_micronesia_1990_article_i_010_0003,world_constitution_micronesia_1990_article_i_010,Micronesia (Federated States of),Micronesia (Federated States of)'s Constitution of 1978 with Amendments through 1990 - Article I,"another public office or employment. During the term for which he is elected and 3 years thereafter, a member may not be elected or appointed to a public office or employment created by national statute during his term. A member ...",https://www.constituteproject.org/service/html?cons_id=Micronesia_1990&lang=en
us_constitution_1787_article_1_0007,Constitution of the United States - Article 1,17,0.22215708,world_constitution_micronesia_1990_article_i_013_0000,world_constitution_micronesia_1990_article_i_013,Micronesia (Federated States of),Micronesia (Federated States of)'s Constitution of 1978 with Amendments through 1990 - Article I,ARTICLE XII. FINANCE Section 1 Public money raised or received by the national government shall be deposited in a General Fund or special funds within the National Treasury. Money may not be withdrawn from the General Fund or special funds ...,https://www.constituteproject.org/service/html?cons_id=Micronesia_1990&lang=en
us_constitution_1787_article_1_0007,Constitution of the United States - Article 1,18,0.21736829,world_constitution_malaysia_2007_article_10_003_0001,world_constitution_malaysia_2007_article_10_003,Malaysia,Malaysia's Constitution of 1957 with Amendments through 2007 - Article 10,Article is exercisable subject to any conditions or restrictions imposed with respect to any particular matter by this Constitution. Where general as well as specific expressions are used in describing any of the matter enumerated in the Lists set out ...,https://www.constituteproject.org/service/html?cons_id=Malaysia_2007&lang=en
us_constitution_1787_article_1_0007,Constitution of the United States - Article 1,19,0.21563019,world_constitution_nigeria_2011_preamble_0079,world_constitution_nigeria_2011_preamble,Nigeria,Nigeria's Constitution of 1999 with Amendments through 2011 - Preamble,to institute and undertake criminal proceedings against any person before any court of law in Nigeria other than a court-martial in respect of any offence created by or under any law of the House of Assembly; to take over and ...,https://www.constituteproject.org/service/html?cons_id=Nigeria_2011&lang=en
us_constitution_1787_article_1_0007,Constitution of the United States - Article 1,20,0.21353348,world_constitution_micronesia_1990_article_i_010_0004,world_constitution_micronesia_1990_article_i_010,Micronesia (Federated States of),Micronesia (Federated States of)'s Constitution of 1978 with Amendments through 1990 - Article I,Section 19 The Congress shall keep and publish a journal of its proceedings. A roll call vote entered on the journal shall be taken at the request of 1/5 of the members present. Legislative proceedings shall be conducted in the ...,https://www.constituteproject.org/service/html?cons_id=Micronesia_1990&lang=en
us_constitution_1787_article_1_0007,Constitution of the United States - Article 1,21,0.21054629,world_constitution_united_states_of_america_1992_article_v_003_0012,world_constitution_united_states_of_america_1992_article_v_003,United States of America,United States of America's Constitution of 1789 with Amendments through 1992 - Article V,"forty-eight hours for that purpose if not in session. If the Congress, within twenty-one days after receipt of the latter written declaration, or, if Congress is not in session, within twenty-one days after Congress is required to assemble, determines by ...",https://www.constituteproject.org/service/html?cons_id=United_States_of_America_1992&lang=en
us_constitution_1787_article_1_0007,Constitution of the United States - Article 1,22,0.21011441,world_constitution_united_states_of_america_1992_article_v_003_0004,world_constitution_united_states_of_america_1992_article_v_003,United States of America,United States of America's Constitution of 1789 with Amendments through 1992 - Article V,"the votes shall be taken by states, the representation from each state having one vote; a quorum for this purpose shall consist of a member or members from two-thirds of the states, and a majority of all the states shall ...",https://www.constituteproject.org/service/html?cons_id=United_States_of_America_1992&lang=en
us_constitution_1787_article_1_0007,Constitution of the United States - Article 1,23,0.2062297,world_constitution_united_states_of_america_1992_article_i_0004,world_constitution_united_states_of_america_1992_article_i,United States of America,United States of America's Constitution of 1789 with Amendments through 1992 - Article I,"Bills. Every Bill which shall have passed the House of Representatives and the Senate, shall, before it become a Law, be presented to the President of the United States: If he approve he shall sign it, but if not he ...",https://www.constituteproject.org/service/html?cons_id=United_States_of_America_1992&lang=en
us_constitution_1787_article_1_0007,Constitution of the United States - Article 1,24,0.20562654,world_constitution_australia_1985_preamble_0024,world_constitution_australia_1985_preamble,Australia,Australia's Constitution of 1901 with Amendments through 1985 - Preamble,"There shall be an Inter-State Commission, with such powers of adjudication and administration as the Parliament deems necessary for the execution and maintenance, within the Commonwealth, of the provisions of this Constitution relating to trade and commerce, and of all ...",https://www.constituteproject.org/service/html?cons_id=Australia_1985&lang=en
us_constitution_1787_article_1_0007,Constitution of the United States - Article 1,25,0.20239497,world_constitution_micronesia_1990_article_i_010_0001,world_constitution_micronesia_1990_article_i_010,Micronesia (Federated States of),Micronesia (Federated States of)'s Constitution of 1978 with Amendments through 1990 - Article I,"public credit; to establish systems of social security and public welfare. Section 4 A treaty is ratified by vote of 2/3 of the members of Congress, except that a treaty delegating major powers of government of the Federated States of ...",https://www.constituteproject.org/service/html?cons_id=Micronesia_1990&lang=en
us_constitution_1787_article_1_0007,Constitution of the United States - Article 1,26,0.20234045,world_constitution_chile_2021_article_i_042_0000,world_constitution_chile_2021_article_i_042,Chile,Chile's Constitution of 1980 with Amendments through 2021 - Article I,"ARTICLE 40 The state of assembly, in case of an external war, and the state of siege, in case of an internal war or grave internal commotion, will be declared by the President of the Republic, with the agreement of ...",https://www.constituteproject.org/service/html?cons_id=Chile_2021&lang=en
us_constitution_1787_article_1_0007,Constitution of the United States - Article 1,27,0.20017154,world_constitution_libya_2012_article_30_0000,world_constitution_libya_2012_article_30,Libya,Libya's Constitution of 2011 with Amendments through 2012 - Article 30,"Article 30 The formation of the National Transitional Council shall be completed according to Article (18) of the Declaration, and it shall remain the highest authority in the Libyan state and responsible for administering the country until the election of ...",https://www.constituteproject.org/service/html?cons_id=Libya_2012&lang=en
us_constitution_1787_article_1_0007,Constitution of the United States - Article 1,28,0.19959615,world_constitution_australia_1985_preamble_0023,world_constitution_australia_1985_preamble,Australia,Australia's Constitution of 1901 with Amendments through 1985 - Preamble,"But any duty so imposed on any goods shall not exceed during the first of such years the duty chargeable on the goods under the law of Western Australia in force at the imposition of uniform duties, and shall not ...",https://www.constituteproject.org/service/html?cons_id=Australia_1985&lang=en
us_constitution_1787_article_1_0007,Constitution of the United States - Article 1,29,0.19821483,world_constitution_philippines_1987_article_i_006_0009,world_constitution_philippines_1987_article_i_006,Philippines,Philippines's Constitution of 1987 - Article I,"of any bill to the House where it originated within thirty days after the date of receipt thereof; otherwise, it shall become a law as if he had signed it. The President shall have the power to veto any particular ...",https://www.constituteproject.org/service/html?cons_id=Philippines_1987&lang=en
us_constitution_1787_article_1_0007,Constitution of the United States - Article 1,30,0.19746312,world_constitution_united_states_of_america_1992_article_i_0002,world_constitution_united_states_of_america_1992_article_i,United States of America,United States of America's Constitution of 1789 with Amendments through 1992 - Article I,"in the Absence of the Vice President, or when he shall exercise the Office of President of the United States. The Senate shall have the sole Power to try all Impeachments. When sitting for that Purpose, they shall be on ...",https://www.constituteproject.org/service/html?cons_id=United_States_of_America_1992&lang=en
us_constitution_1787_article_1_0007,Constitution of the United States - Article 1,31,0.19723363,world_constitution_united_states_of_america_1992_article_i_0000,world_constitution_united_states_of_america_1992_article_i,United States of America,United States of America's Constitution of 1789 with Amendments through 1992 - Article I,"Article I Section 1 All legislative Powers herein granted shall be vested in a Congress of the United States, which shall consist of a Senate and House of Representatives. Section 2 The House of Representatives shall be composed of Members ...",https://www.constituteproject.org/service/html?cons_id=United_States_of_America_1992&lang=en
us_constitution_1787_article_1_0007,Constitution of the United States - Article 1,32,0.19590991,world_constitution_united_states_of_america_1992_article_v_003_0007,world_constitution_united_states_of_america_1992_article_v_003,United States of America,United States of America's Constitution of 1789 with Amendments through 1992 - Article V,"Senate, the executive authority of such State shall issue writs of election to fill such vacancies: Provided, That the legislature of any State may empower the executive thereof to make temporary appointments until the people fill the vacancies by election ...",https://www.constituteproject.org/service/html?cons_id=United_States_of_America_1992&lang=en
us_constitution_1787_article_1_0007,Constitution of the United States - Article 1,33,0.19465347,world_constitution_ireland_2019_article_42_0000,world_constitution_ireland_2019_article_42,Ireland,Ireland's Constitution of 1937 with Amendments through 2019 - Article 42,"Article 42 of the Treaty on European Union where that common defence would include the State. The State may ratify the Treaty on Stability, Coordination and Governance in the Economic and Monetary Union done at Brussels on the 2nd day ...",https://www.constituteproject.org/service/html?cons_id=Ireland_2019&lang=en
us_constitution_1787_article_1_0007,Constitution of the United States - Article 1,34,0.19454431,world_constitution_india_2016_preamble_0110,world_constitution_india_2016_preamble,India,India's Constitution of 1949 with Amendments through 2016 - Preamble,If it appears to the Legislatures of two or more States to be desirable that any of the matters with respect to which Parliament has no power to make laws for the States except as provided in articles 249 and ...,https://www.constituteproject.org/service/html?cons_id=India_2016&lang=en
us_constitution_1787_article_1_0007,Constitution of the United States - Article 1,35,0.19369362,world_constitution_nigeria_2011_preamble_0063,world_constitution_nigeria_2011_preamble,Nigeria,Nigeria's Constitution of 1999 with Amendments through 2011 - Preamble,Any amount standing to the credit of the judiciary in the Federation Account shall be paid directly to the National Judicial Council for disbursement to the heads of courts established for the Federation and the States under section 6 of ...,https://www.constituteproject.org/service/html?cons_id=Nigeria_2011&lang=en
us_constitution_1787_article_1_0007,Constitution of the United States - Article 1,36,0.19168387,world_constitution_india_2016_preamble_0069,world_constitution_india_2016_preamble,India,India's Constitution of 1949 with Amendments through 2016 - Preamble,"If a Money Bill passed by the Legislative Assembly and transmitted to the Legislative Council for its recommendations is not returned to the Legislative Assembly within the said period of fourteen days, it shall be deemed to have been passed ...",https://www.constituteproject.org/service/html?cons_id=India_2016&lang=en
us_constitution_1787_article_1_0007,Constitution of the United States - Article 1,37,0.18952086,world_constitution_antigua_and_barbuda_1981_preamble_0084,world_constitution_antigua_and_barbuda_1981_preamble,Antigua and Barbuda,Antigua and Barbuda's Constitution of 1981 - Preamble,"any power conferred by any law to permit a person to retire from the public service shall, in the case of any public officer who may be removed from office by some person or authority other than a Commission established ...",https://www.constituteproject.org/service/html?cons_id=Antigua_and_Barbuda_1981&lang=en
us_constitution_1787_article_1_0007,Constitution of the United States - Article 1,38,0.18874915,world_constitution_united_states_of_america_1992_article_v_003_0001,world_constitution_united_states_of_america_1992_article_v_003,United States of America,United States of America's Constitution of 1789 with Amendments through 1992 - Article V,"concurring, that the following Articles be proposed to the Legislatures of the several States, as Amendments to the Constitution of the United States, all or any of which Articles, when ratified by three fourths of the said Legislatures, to be ...",https://www.constituteproject.org/service/html?cons_id=United_States_of_America_1992&lang=en
us_constitution_1787_article_1_0007,Constitution of the United States - Article 1,39,0.18657005,world_constitution_liberia_1986_article_34_0000,world_constitution_liberia_1986_article_34,Liberia,Liberia's Constitution of 1986 - Article 34,"Article 34 The Legislature shall have the power: to create new counties and other political sub-division, and readjust existing county boundaries; to provide for the security of the Republic; to provide for the common defense, to declare war and authorize ...",https://www.constituteproject.org/service/html?cons_id=Liberia_1986&lang=en
us_constitution_1787_article_1_0007,Constitution of the United States - Article 1,40,0.18609312,world_constitution_nigeria_2011_preamble_0078,world_constitution_nigeria_2011_preamble,Nigeria,Nigeria's Constitution of 1999 with Amendments through 2011 - Preamble,"Subject to the provisions of this Constitution, a State Civil Service Commission may, with the approval of the Governor and subject to such conditions as it may deem fit, delegate any of the powers conferred upon it by this Constitution ...",https://www.constituteproject.org/service/html?cons_id=Nigeria_2011&lang=en
us_constitution_1787_article_1_0007,Constitution of the United States - Article 1,41,0.18503548,world_constitution_st_vincent_and_the_grenadines_1979_preamble_0053,world_constitution_st_vincent_and_the_grenadines_1979_preamble,Saint Vincent and the Grenadines,Saint Vincent and the Grenadines's Constitution of 1979 - Preamble,"A member of the Commission shall not enter upon the duties of his office until he has taken and subscribed the oath of allegiance and the oath of office. The Commission shall, in the exercise of its functions under this ...",https://www.constituteproject.org/service/html?cons_id=St_Vincent_and_the_Grenadines_1979&lang=en
us_constitution_1787_article_1_0007,Constitution of the United States - Article 1,42,0.18484488,world_constitution_united_states_of_america_1992_article_ii_0003,world_constitution_united_states_of_america_1992_article_ii,United States of America,United States of America's Constitution of 1789 with Amendments through 1992 - Article II,"by Law: but the Congress may by Law vest the Appointment of such inferior Officers, as they think proper, in the President alone, in the Courts of Law, or in the Heads of Departments. The President shall have Power to ...",https://www.constituteproject.org/service/html?cons_id=United_States_of_America_1992&lang=en
us_constitution_1787_article_1_0007,Constitution of the United States - Article 1,43,0.18437308,world_constitution_peru_2021_article_118_0000,world_constitution_peru_2021_article_118,Peru,Peru's Constitution of 1993 with Amendments through 2021 - Article 118,"Article 118 It is the duty of the President of the Republic: To observe and enforce the Constitution and treaties, laws, and other legal provisions. To represent the State inside and outside of the Republic. To manage the general policy ...",https://www.constituteproject.org/service/html?cons_id=Peru_2021&lang=en
us_constitution_1787_article_1_0007,Constitution of the United States - Article 1,44,0.18429928,world_constitution_mexico_2015_article_73_002_0000,world_constitution_mexico_2015_article_73_002,Mexico,Mexico's Constitution of 1917 with Amendments through 2015 - Article 73,"Article 73 The Congress shall have the power to: Admit new states into the Union. (Repealed by the decree published on October 8, 1974) Create new states within the limits of the existing ones. For this purpose, the following requirements ...",https://www.constituteproject.org/service/html?cons_id=Mexico_2015&lang=en
us_constitution_1787_article_1_0007,Constitution of the United States - Article 1,45,0.18392401,world_constitution_st_lucia_1978_preamble_0092,world_constitution_st_lucia_1978_preamble,Saint Lucia,Saint Lucia's Constitution of 1978 - Preamble,"any power conferred by any law to permit a person to retire from the public service shall, in the case of any public officer who may be removed from office by some person or authority other than a Commission established ...",https://www.constituteproject.org/service/html?cons_id=St_Lucia_1978&lang=en
us_constitution_1787_article_1_0007,Constitution of the United States - Article 1,46,0.18280704,world_constitution_brazil_2017_article_77_0090,world_constitution_brazil_2017_article_77,Brazil,Brazil's Constitution of 1988 with Amendments through 2017 - Article 77,"State, determined by the party executing the measure, shall be communicated immediately by such party to the proper judge, who shall release the prisoner if the imprisonment is illegal; the prisoner may request examination of the corpus delicti from the ...",https://www.constituteproject.org/service/html?cons_id=Brazil_2017&lang=en
us_constitution_1787_article_1_0007,Constitution of the United States - Article 1,47,0.18267133,world_constitution_mauritius_2016_preamble_0080,world_constitution_mauritius_2016_preamble,Mauritius,Mauritius's Constitution of 1968 with Amendments through 2016 - Preamble,"Subsections (1), (2), (3) and (4) shall apply in relation to a tribunal established for the purposes of sections 5(4), 15(4), 18(3), 78(4), 92(4), or 93(4) as they apply in relation to a Commission established by this Constitution, and any ...",https://www.constituteproject.org/service/html?cons_id=Mauritius_2016&lang=en
us_constitution_1787_article_1_0007,Constitution of the United States - Article 1,48,0.18266251,world_constitution_peru_2021_article_134_0000,world_constitution_peru_2021_article_134,Peru,Peru's Constitution of 1993 with Amendments through 2021 - Article 134,Article 134 The President of the Republic has the power to dissolve Congress if it has censured or denied its confidence to two Cabinets. The dissolution decree shall contain a call for the election of a new Congress. Such elections ...,https://www.constituteproject.org/service/html?cons_id=Peru_2021&lang=en
us_constitution_1787_article_1_0007,Constitution of the United States - Article 1,49,0.18203958,world_constitution_united_states_of_america_1992_article_ii_0001,world_constitution_united_states_of_america_1992_article_ii,United States of America,United States of America's Constitution of 1789 with Amendments through 1992 - Article II,"from the five highest on the List the said House shall in like Manner chuse the President. But in chusing the President, the Votes shall be taken by States, the Representatives from each State having one Vote; a quorum for ...",https://www.constituteproject.org/service/html?cons_id=United_States_of_America_1992&lang=en
us_constitution_1787_article_1_0007,Constitution of the United States - Article 1,50,0.18175483,world_constitution_st_lucia_1978_preamble_0059,world_constitution_st_lucia_1978_preamble,Saint Lucia,Saint Lucia's Constitution of 1978 - Preamble,"A member of the Commission shall not enter upon the duties of his office until he has taken and subscribed the oath of allegiance and the oath of office. The Commission shall, in the exercise of its functions under this ...",https://www.constituteproject.org/service/html?cons_id=St_Lucia_1978&lang=en
us_constitution_1787_article_i_0000,Constitution of the United States - Article I,1,0.98655846,world_constitution_united_states_of_america_1992_article_ii_0000,world_constitution_united_states_of_america_1992_article_ii,United States of America,United States of America's Constitution of 1789 with Amendments through 1992 - Article II,"Article II Section 1 The executive Power shall be vested in a President of the United States of America. He shall hold his Office during the Term of four Years, and, together with the Vice President, chosen for the same ...",https://www.constituteproject.org/service/html?cons_id=United_States_of_America_1992&lang=en
us_constitution_1787_article_i_0000,Constitution of the United States - Article I,2,0.71239928,world_constitution_united_states_of_america_1992_article_v_003_0003,world_constitution_united_states_of_america_1992_article_v_003,United States of America,United States of America's Constitution of 1789 with Amendments through 1992 - Article V,"States by the Constitution, nor prohibited by it to the States, are reserved to the States respectively, or to the people. Additional Amendments Amendment XI The Judicial power of the United States shall not be construed to extend to any ...",https://www.constituteproject.org/service/html?cons_id=United_States_of_America_1992&lang=en
us_constitution_1787_article_i_0000,Constitution of the United States - Article I,3,0.62956534,world_constitution_united_states_of_america_1992_article_ii_0001,world_constitution_united_states_of_america_1992_article_ii,United States of America,United States of America's Constitution of 1789 with Amendments through 1992 - Article II,"from the five highest on the List the said House shall in like Manner chuse the President. But in chusing the President, the Votes shall be taken by States, the Representatives from each State having one Vote; a quorum for ...",https://www.constituteproject.org/service/html?cons_id=United_States_of_America_1992&lang=en
us_constitution_1787_article_i_0000,Constitution of the United States - Article I,4,0.57765552,world_constitution_united_states_of_america_1992_article_v_003_0004,world_constitution_united_states_of_america_1992_article_v_003,United States of America,United States of America's Constitution of 1789 with Amendments through 1992 - Article V,"the votes shall be taken by states, the representation from each state having one vote; a quorum for this purpose shall consist of a member or members from two-thirds of the states, and a majority of all the states shall ...",https://www.constituteproject.org/service/html?cons_id=United_States_of_America_1992&lang=en
us_constitution_1787_article_i_0000,Constitution of the United States - Article I,5,0.46720851,world_constitution_united_states_of_america_1992_article_v_003_0010,world_constitution_united_states_of_america_1992_article_v_003,United States of America,United States of America's Constitution of 1789 with Amendments through 1992 - Article V,the legislatures of three-fourths of the several States within seven years from the date of its submission to the States by the Congress. Amendment XXIII Section 1 The District constituting the seat of Government of the United States shall appoint ...,https://www.constituteproject.org/service/html?cons_id=United_States_of_America_1992&lang=en
us_constitution_1787_article_i_0000,Constitution of the United States - Article I,6,0.46686478,world_constitution_united_states_of_america_1992_article_i_0000,world_constitution_united_states_of_america_1992_article_i,United States of America,United States of America's Constitution of 1789 with Amendments through 1992 - Article I,"Article I Section 1 All legislative Powers herein granted shall be vested in a Congress of the United States, which shall consist of a Senate and House of Representatives. Section 2 The House of Representatives shall be composed of Members ...",https://www.constituteproject.org/service/html?cons_id=United_States_of_America_1992&lang=en
us_constitution_1787_article_i_0000,Constitution of the United States - Article I,7,0.45793523,world_constitution_united_states_of_america_1992_article_v_003_0005,world_constitution_united_states_of_america_1992_article_v_003,United States of America,United States of America's Constitution of 1789 with Amendments through 1992 - Article V,"make or enforce any law which shall abridge the privileges or immunities of citizens of the United States; nor shall any State deprive any person of life, liberty, or property, without due process of law; nor deny to any person ...",https://www.constituteproject.org/service/html?cons_id=United_States_of_America_1992&lang=en
us_constitution_1787_article_i_0000,Constitution of the United States - Article I,8,0.43088741,world_constitution_united_states_of_america_1992_article_i_0001,world_constitution_united_states_of_america_1992_article_i,United States of America,United States of America's Constitution of 1789 with Amendments through 1992 - Article I,"Carolina five, South Carolina five, and Georgia three. When vacancies happen in the Representation from any State, the Executive Authority thereof shall issue Writs of Election to fill such Vacancies. The House of Representatives shall chuse their Speaker and other ...",https://www.constituteproject.org/service/html?cons_id=United_States_of_America_1992&lang=en
us_constitution_1787_article_i_0000,Constitution of the United States - Article I,9,0.38948104,world_constitution_united_states_of_america_1992_article_i_0002,world_constitution_united_states_of_america_1992_article_i,United States of America,United States of America's Constitution of 1789 with Amendments through 1992 - Article I,"in the Absence of the Vice President, or when he shall exercise the Office of President of the United States. The Senate shall have the sole Power to try all Impeachments. When sitting for that Purpose, they shall be on ...",https://www.constituteproject.org/service/html?cons_id=United_States_of_America_1992&lang=en
us_constitution_1787_article_i_0000,Constitution of the United States - Article I,10,0.38379001,world_constitution_india_2016_preamble_0016,world_constitution_india_2016_preamble,India,India's Constitution of 1949 with Amendments through 2016 - Preamble,There shall be a President of India. 53. Executive power of the Union The executive power of the Union shall be vested in the President and shall be exercised by him either directly or through officers subordinate to him in ...,https://www.constituteproject.org/service/html?cons_id=India_2016&lang=en
us_constitution_1787_article_i_0000,Constitution of the United States - Article I,11,0.38016756,world_constitution_united_states_of_america_1992_article_ii_0002,world_constitution_united_states_of_america_1992_article_ii,United States of America,United States of America's Constitution of 1789 with Amendments through 1992 - Article II,"Officer shall act accordingly, until the Disability be removed, or a President shall be elected. The President shall, at stated Times, receive for his Services, a Compensation, which shall neither be encreased nor diminished during the Period for which he ...",https://www.constituteproject.org/service/html?cons_id=United_States_of_America_1992&lang=en
us_constitution_1787_article_i_0000,Constitution of the United States - Article I,12,0.36387181,world_constitution_united_states_of_america_1992_article_v_003_0006,world_constitution_united_states_of_america_1992_article_v_003,United States of America,United States of America's Constitution of 1789 with Amendments through 1992 - Article V,"same, or given aid or comfort to the enemies thereof. But Congress may by a vote of two-thirds of each House, remove such disability. Section 4 The validity of the public debt of the United States, authorized by law, including ...",https://www.constituteproject.org/service/html?cons_id=United_States_of_America_1992&lang=en
us_constitution_1787_article_i_0000,Constitution of the United States - Article I,13,0.36323484,world_constitution_united_states_of_america_1992_article_i_0003,world_constitution_united_states_of_america_1992_article_i,United States of America,United States of America's Constitution of 1789 with Amendments through 1992 - Article I,"disorderly Behaviour, and, with the Concurrence of two thirds, expel a Member. Each House shall keep a Journal of its Proceedings, and from time to time publish the same, excepting such Parts as may in their Judgment require Secrecy; and ...",https://www.constituteproject.org/service/html?cons_id=United_States_of_America_1992&lang=en
us_constitution_1787_article_i_0000,Constitution of the United States - Article I,14,0.3550717,world_constitution_australia_1985_preamble_0007,world_constitution_australia_1985_preamble,Australia,Australia's Constitution of 1901 with Amendments through 1985 - Preamble,"Questions arising in the Senate shall be determined by a majority of votes, and each senator shall have one vote. The President shall in all cases be entitled to a vote; and when the votes are equal the question shall ...",https://www.constituteproject.org/service/html?cons_id=Australia_1985&lang=en
us_constitution_1787_article_i_0000,Constitution of the United States - Article I,15,0.35391305,world_constitution_philippines_1987_article_i_007_0001,world_constitution_philippines_1987_article_i_007,Philippines,Philippines's Constitution of 1987 - Article I,"on the second Monday of May. The returns of every election for President and Vice-President, duly certified by the board of canvassers of each province or city, shall be transmitted to the Congress, directed to the President of the Senate. ...",https://www.constituteproject.org/service/html?cons_id=Philippines_1987&lang=en
us_constitution_1787_article_i_0000,Constitution of the United States - Article I,16,0.33796721,world_constitution_united_states_of_america_1992_article_v_003_0009,world_constitution_united_states_of_america_1992_article_v_003,United States of America,United States of America's Constitution of 1789 with Amendments through 1992 - Article V,be inoperative unless it shall have been ratified as an amendment to the Constitution by the legislatures of three-fourths of the several States within seven years from the date of its submission. Amendment XXI Section 1 The eighteenth article of ...,https://www.constituteproject.org/service/html?cons_id=United_States_of_America_1992&lang=en
us_constitution_1787_article_i_0000,Constitution of the United States - Article I,17,0.3366084,world_constitution_united_states_of_america_1992_article_i_002_0000,world_constitution_united_states_of_america_1992_article_i_002,United States of America,United States of America's Constitution of 1789 with Amendments through 1992 - Article I,"Article IV Section 1 Full Faith and Credit shall be given in each State to the public Acts, Records, and judicial Proceedings of every other State. And the Congress may by general Laws prescribe the Manner in which such Acts, ...",https://www.constituteproject.org/service/html?cons_id=United_States_of_America_1992&lang=en
us_constitution_1787_article_i_0000,Constitution of the United States - Article I,18,0.33624474,world_constitution_united_states_of_america_1992_article_v_002_0000,world_constitution_united_states_of_america_1992_article_v_002,United States of America,United States of America's Constitution of 1789 with Amendments through 1992 - Article V,"Article VI All Debts contracted and Engagements entered into, before the Adoption of this Constitution, shall be as valid against the United States under this Constitution, as under the Confederation. This Constitution, and the Laws of the United States which ...",https://www.constituteproject.org/service/html?cons_id=United_States_of_America_1992&lang=en
us_constitution_1787_article_i_0000,Constitution of the United States - Article I,19,0.33371725,world_constitution_united_states_of_america_1992_article_i_0004,world_constitution_united_states_of_america_1992_article_i,United States of America,United States of America's Constitution of 1789 with Amendments through 1992 - Article I,"Bills. Every Bill which shall have passed the House of Representatives and the Senate, shall, before it become a Law, be presented to the President of the United States: If he approve he shall sign it, but if not he ...",https://www.constituteproject.org/service/html?cons_id=United_States_of_America_1992&lang=en
us_constitution_1787_article_i_0000,Constitution of the United States - Article I,20,0.3276414,world_constitution_sri_lanka_2015_article_96_002_0000,world_constitution_sri_lanka_2015_article_96_002,Sri Lanka,Sri Lanka's Constitution of 1978 with Amendments through 2015 - Article 96,Article 96. The apportionment of the number of members that each electoral district shall be entitled to return out of the balance number of one hundred and sixty members shall be determined in accordance with the succeeding provisions of this ...,https://www.constituteproject.org/service/html?cons_id=Sri_Lanka_2015&lang=en
us_constitution_1787_article_i_0000,Constitution of the United States - Article I,21,0.32722801,world_constitution_israel_2013_preamble_0012,world_constitution_israel_2013_preamble,Israel,Israel's Constitution of 1958 with Amendments through 2013 - Preamble,"8. Election by majority of votes (Amendments 7 and 9) If there are two candidates or more, the candidate who has received the votes of a majority of the members of the Knesset is elected. If no candidate receives such ...",https://www.constituteproject.org/service/html?cons_id=Israel_2013&lang=en
us_constitution_1787_article_i_0000,Constitution of the United States - Article I,22,0.32533129,world_constitution_united_states_of_america_1992_article_v_003_0008,world_constitution_united_states_of_america_1992_article_v_003,United States of America,United States of America's Constitution of 1789 with Amendments through 1992 - Article V,"this article had not been ratified; and the terms of their successors shall then begin. Section 2 The Congress shall assemble at least once in every year, and such meeting shall begin at noon on the 3d day of January, ...",https://www.constituteproject.org/service/html?cons_id=United_States_of_America_1992&lang=en
us_constitution_1787_article_i_0000,Constitution of the United States - Article I,23,0.32358321,world_constitution_thailand_2017_preamble_0024,world_constitution_thailand_2017_preamble,Thailand,Thailand's Constitution of 2017 - Preamble,"In the case where the office of a Member of the House of Representatives becomes vacant for any reason, and an election of a Member of the House of Representatives has not been held to fill the vacancy, or no ...",https://www.constituteproject.org/service/html?cons_id=Thailand_2017&lang=en
us_constitution_1787_article_i_0000,Constitution of the United States - Article I,24,0.32357612,world_constitution_india_2016_preamble_0064,world_constitution_india_2016_preamble,India,India's Constitution of 1949 with Amendments through 2016 - Preamble,"Every member of the Legislative Assembly or the Legislative Council of a State shall, before taking his seat, make and subscribe before the Governor, or some person appointed in that behalf by him, an oath or affirmation according to the ...",https://www.constituteproject.org/service/html?cons_id=India_2016&lang=en
us_constitution_1787_article_i_0000,Constitution of the United States - Article I,25,0.31529306,world_constitution_croatia_2013_article_95_0000,world_constitution_croatia_2013_article_95,Croatia,Croatia's Constitution of 1991 with Amendments through 2013 - Article 95,"Article 95 The President of the Republic shall be elected in direct elections by secret ballot, on the basis of universal and equal suffrage, for a term of five years. No one shall be elected the President of the Republic ...",https://www.constituteproject.org/service/html?cons_id=Croatia_2013&lang=en
us_constitution_1787_article_i_0000,Constitution of the United States - Article I,26,0.31452851,world_constitution_india_2016_preamble_0020,world_constitution_india_2016_preamble,India,India's Constitution of 1949 with Amendments through 2016 - Preamble,"The Vice-President shall, during, and in respect of, the period while he is so acting as, or discharging the functions of, President have all the powers and immunities of the President and be entitled to such emoluments, allowances and privileges ...",https://www.constituteproject.org/service/html?cons_id=India_2016&lang=en
us_constitution_1787_article_i_0000,Constitution of the United States - Article I,27,0.31444358,world_constitution_united_states_of_america_1992_article_v_003_0007,world_constitution_united_states_of_america_1992_article_v_003,United States of America,United States of America's Constitution of 1789 with Amendments through 1992 - Article V,"Senate, the executive authority of such State shall issue writs of election to fill such vacancies: Provided, That the legislature of any State may empower the executive thereof to make temporary appointments until the people fill the vacancies by election ...",https://www.constituteproject.org/service/html?cons_id=United_States_of_America_1992&lang=en
us_constitution_1787_article_i_0000,Constitution of the United States - Article I,28,0.31257634,world_constitution_trinidad_and_tobago_2007_preamble_0021,world_constitution_trinidad_and_tobago_2007_preamble,Trinidad and Tobago,Trinidad and Tobago's Constitution of 1976 with Amendments through 2007 - Preamble,"he announces the resignation of his office to the Senate or where, by writing under his hand addressed, in the case of the President of the Senate, to the Clerk of the Senate, and in the case of the Vice-President ...",https://www.constituteproject.org/service/html?cons_id=Trinidad_and_Tobago_2007&lang=en
us_constitution_1787_article_i_0000,Constitution of the United States - Article I,29,0.30796166,world_constitution_grenada_1992_preamble_0023,world_constitution_grenada_1992_preamble,Grenada,"Grenada's Constitution of 1973, Reinstated in 1991, with Amendments through 1992 - Preamble",No business shall be transacted in the Senate (other than the election of a President) at any time when the office of President is vacant. A person shall vacate the office of President or Deputy President of the Senate- if ...,https://www.constituteproject.org/service/html?cons_id=Grenada_1992&lang=en
us_constitution_1787_article_i_0000,Constitution of the United States - Article I,30,0.30758266,world_constitution_united_states_of_america_1992_article_iii_0000,world_constitution_united_states_of_america_1992_article_iii,United States of America,United States of America's Constitution of 1789 with Amendments through 1992 - Article III,"Article III Section 1 The judicial Power of the United States, shall be vested in one supreme Court, and in such inferior Courts as the Congress may from time to time ordain and establish. The Judges, both of the supreme ...",https://www.constituteproject.org/service/html?cons_id=United_States_of_America_1992&lang=en
us_constitution_1787_article_i_0000,Constitution of the United States - Article I,31,0.30049311,world_constitution_guyana_2016_article_132_0057,world_constitution_guyana_2016_article_132,Guyana,Guyana's Constitution of 1980 with Amendments through 2016 - Article 132,"the Elections Commission at a duly summoned meeting. Where no person is elected as President under paragraph (2) and where the votes cast in favour of each list are equal in number, or where the votes cast in favour of ...",https://www.constituteproject.org/service/html?cons_id=Guyana_2016&lang=en
us_constitution_1787_article_i_0000,Constitution of the United States - Article I,32,0.29900454,world_constitution_united_states_of_america_1992_article_v_003_0012,world_constitution_united_states_of_america_1992_article_v_003,United States of America,United States of America's Constitution of 1789 with Amendments through 1992 - Article V,"forty-eight hours for that purpose if not in session. If the Congress, within twenty-one days after receipt of the latter written declaration, or, if Congress is not in session, within twenty-one days after Congress is required to assemble, determines by ...",https://www.constituteproject.org/service/html?cons_id=United_States_of_America_1992&lang=en
us_constitution_1787_article_i_0000,Constitution of the United States - Article I,33,0.29697647,world_constitution_trinidad_and_tobago_2007_preamble_0012,world_constitution_trinidad_and_tobago_2007_preamble,Trinidad and Tobago,Trinidad and Tobago's Constitution of 1976 with Amendments through 2007 - Preamble,"Where a member of the Senate or the House of Representatives is elected as President, his seat in the Senate or the House of Representatives respectively, shall thereupon become vacant. Except in the case of a person acting as, or ...",https://www.constituteproject.org/service/html?cons_id=Trinidad_and_Tobago_2007&lang=en
us_constitution_1787_article_i_0000,Constitution of the United States - Article I,34,0.29468557,world_constitution_pakistan_2018_article_41_002_0003,world_constitution_pakistan_2018_article_41_002,Pakistan,"Pakistan's Constitution of 1973, Reinstated in 2002, with Amendments through 2018 - Article 41","ballot paper, canceling the first ballot paper and marking the cancellation on the appropriate counterfoil. A ballot paper shall be invalid if- there is upon it any name, word or mark, by which the person voting may be identified; or ...",https://www.constituteproject.org/service/html?cons_id=Pakistan_2018&lang=en
us_constitution_1787_article_i_0000,Constitution of the United States - Article I,35,0.29033058,world_constitution_nigeria_2011_preamble_0023,world_constitution_nigeria_2011_preamble,Nigeria,Nigeria's Constitution of 1999 with Amendments through 2011 - Preamble,"for the rendering of financial assistance to any indigent citizen of Nigeria where his right under this Chapter has been infringed or with a view to enabling him to engage the services of a legal practitioner to prosecute his claim, ...",https://www.constituteproject.org/service/html?cons_id=Nigeria_2011&lang=en
us_constitution_1787_article_i_0000,Constitution of the United States - Article I,36,0.29003575,world_constitution_cambodia_2008_article_111_0000,world_constitution_cambodia_2008_article_111,Cambodia,Cambodia's Constitution of 1993 with Amendments through 2008 - Article 111,"Article 111 The Senate sessions shall be held in public. At the request of the President or of at least one-tenth of its Members, or of the King, or of the Prime Minister, or of the National Assembly President, the ...",https://www.constituteproject.org/service/html?cons_id=Cambodia_2008&lang=en
us_constitution_1787_article_i_0000,Constitution of the United States - Article I,37,0.28995051,world_constitution_india_2016_preamble_0024,world_constitution_india_2016_preamble,India,India's Constitution of 1949 with Amendments through 2016 - Preamble,"The Attorney-General shall hold office during the pleasure of the President, and shall receive such remuneration as the President may determine. Conduct of Government Business 77. Conduct of business of the Government of India All executive action of the Government ...",https://www.constituteproject.org/service/html?cons_id=India_2016&lang=en
us_constitution_1787_article_i_0000,Constitution of the United States - Article I,38,0.28938204,world_constitution_greece_2008_article_32_0000,world_constitution_greece_2008_article_32,Greece,Greece's Constitution of 1975 with Amendments through 2008 - Article 32,Article 32 The President of the Republic shall be elected by the Parliament through vote by roll call in a special sitting called for this purpose by the Speaker at least one month before the expiration of the tenure of ...,https://www.constituteproject.org/service/html?cons_id=Greece_2008&lang=en
us_constitution_1787_article_i_0000,Constitution of the United States - Article I,39,0.28850066,world_constitution_brazil_2017_article_77_0045,world_constitution_brazil_2017_article_77,Brazil,Brazil's Constitution of 1988 with Amendments through 2017 - Article 77,"election shall be held within twenty days after announcement of the results between the two candidates who obtained the greatest number of votes, and the one who obtains a majority of valid votes shall be deemed elected. If, before the ...",https://www.constituteproject.org/service/html?cons_id=Brazil_2017&lang=en
us_constitution_1787_article_i_0000,Constitution of the United States - Article I,40,0.28755609,world_constitution_namibia_2014_article_28_0000,world_constitution_namibia_2014_article_28,Namibia,Namibia's Constitution of 1990 with Amendments through 2014 - Article 28,Article 28. Election of the President and appointment of the Vice-President The President shall be elected in accordance with the provisions of this Constitution and subject thereto. A Vice-President shall be appointed by the President from the elected members of ...,https://www.constituteproject.org/service/html?cons_id=Namibia_2014&lang=en
us_constitution_1787_article_i_0000,Constitution of the United States - Article I,41,0.28739345,world_constitution_australia_1985_preamble_0002,world_constitution_australia_1985_preamble,Australia,Australia's Constitution of 1901 with Amendments through 1985 - Preamble,"The provisions of this Constitution relating to the Governor-General extend and apply to the Governor-General for the time being, or such person as the Queen may appoint to administer the Government of the Commonwealth; but no such person shall be ...",https://www.constituteproject.org/service/html?cons_id=Australia_1985&lang=en
us_constitution_1787_article_i_0000,Constitution of the United States - Article I,42,0.28694906,world_constitution_thailand_2017_preamble_0028,world_constitution_thailand_2017_preamble,Thailand,Thailand's Constitution of 2017 - Preamble,"if any political party has Members of the House of Representatives who have been elected on a constituency basis equal to or more than the number of Members of the House of Representatives distributed to that political party under (2), ...",https://www.constituteproject.org/service/html?cons_id=Thailand_2017&lang=en
us_constitution_1787_article_i_0000,Constitution of the United States - Article I,43,0.28664032,world_constitution_trinidad_and_tobago_2007_preamble_0031,world_constitution_trinidad_and_tobago_2007_preamble,Trinidad and Tobago,Trinidad and Tobago's Constitution of 1976 with Amendments through 2007 - Preamble,"The Speaker or, in his absence, the Deputy Speaker or, where they are both absent, a member of the House of Representatives, not being a Minister or a Parliamentary Secretary, elected by the House for that sitting shall preside at ...",https://www.constituteproject.org/service/html?cons_id=Trinidad_and_Tobago_2007&lang=en
us_constitution_1787_article_i_0000,Constitution of the United States - Article I,44,0.28546857,world_constitution_st_kitts_and_nevis_1983_preamble_0022,world_constitution_st_kitts_and_nevis_1983_preamble,Saint Kitts and Nevis,Saint Kitts and Nevis's Constitution of 1983 - Preamble,25. Establishment There shall be for Saint Christopher and Nevis a Parliament which shall consist of Her Majesty and a National Assembly. 26. National Assembly The National Assembly shall consist of- such number of Representatives as corresponds with the number ...,https://www.constituteproject.org/service/html?cons_id=St_Kitts_and_Nevis_1983&lang=en
us_constitution_1787_article_i_0000,Constitution of the United States - Article I,45,0.28530582,world_constitution_mexico_2015_article_96_0000,world_constitution_mexico_2015_article_96,Mexico,Mexico's Constitution of 1917 with Amendments through 2015 - Article 96,"Article 96 For appointment of a Justice of the Supreme Court, the President of the Republic shall submit a list of three candidates to the Senate, who should present before the Senate. Within a 30-day period, the Senate shall choose ...",https://www.constituteproject.org/service/html?cons_id=Mexico_2015&lang=en
us_constitution_1787_article_i_0000,Constitution of the United States - Article I,46,0.28521455,world_constitution_nigeria_2011_preamble_0056,world_constitution_nigeria_2011_preamble,Nigeria,Nigeria's Constitution of 1999 with Amendments through 2011 - Preamble,"Where the medical panel certifies in the report that in its opinion the President or Vice-President is suffering from such infirmity of body or mind as renders him permanently incapable of discharging the functions of his office, a notice thereof ...",https://www.constituteproject.org/service/html?cons_id=Nigeria_2011&lang=en
us_constitution_1787_article_i_0000,Constitution of the United States - Article I,47,0.28508067,world_constitution_tanzania_2005_article_37_004_0000,world_constitution_tanzania_2005_article_37_004,Tanzania (United Republic of),Tanzania (United Republic of)'s Constitution of 1977 with Amendments through 2005 - Article 37,"Article 37 (5), the Vice-President shall be elected in the same election together with the President, after being nominated by his party at the same time as the Presidential candidate and being voted for together on the same ticket. When ...",https://www.constituteproject.org/service/html?cons_id=Tanzania_2005&lang=en
us_constitution_1787_article_i_0000,Constitution of the United States - Article I,48,0.2828391,world_constitution_philippines_1987_article_i_007_0003,world_constitution_philippines_1987_article_i_007,Philippines,Philippines's Constitution of 1987 - Article I,"death, permanent disability, removal from office, or resignation of the President, the Vice-President shall become the President to serve the unexpired term. In case of death, permanent disability, removal from office, or resignation of both the President and Vice-President, the ...",https://www.constituteproject.org/service/html?cons_id=Philippines_1987&lang=en
us_constitution_1787_article_i_0000,Constitution of the United States - Article I,49,0.28263952,world_constitution_tanzania_2005_article_38_0001,world_constitution_tanzania_2005_article_38,Tanzania (United Republic of),Tanzania (United Republic of)'s Constitution of 1977 with Amendments through 2005 - Article 38,"than half of all the valid votes cast or, where a second ballot is held for the reason that no candidate obtained more than half of all the valid votes, if he obtains either more than half of all valid ...",https://www.constituteproject.org/service/html?cons_id=Tanzania_2005&lang=en
us_constitution_1787_article_i_0000,Constitution of the United States - Article I,50,0.28204649,world_constitution_swaziland_2005_preamble_0045,world_constitution_swaziland_2005_preamble,Eswatini,Eswatini's Constitution of 2005 - Preamble,A person shall not be elected President unless that person has some parliamentary experience and is otherwise able to maintain order in the Senate and properly guide the Senators in their business in terms of the Standing Orders. A person ...,https://www.constituteproject.org/service/html?cons_id=Swaziland_2005&lang=en
us_constitution_1787_article_i_0001,Constitution of the United States - Article I,1,0.9862459,world_constitution_united_states_of_america_1992_article_ii_0001,world_constitution_united_states_of_america_1992_article_ii,United States of America,United States of America's Constitution of 1789 with Amendments through 1992 - Article II,"from the five highest on the List the said House shall in like Manner chuse the President. But in chusing the President, the Votes shall be taken by States, the Representatives from each State having one Vote; a quorum for ...",https://www.constituteproject.org/service/html?cons_id=United_States_of_America_1992&lang=en
us_constitution_1787_article_i_0001,Constitution of the United States - Article I,2,0.61932291,world_constitution_united_states_of_america_1992_article_ii_0000,world_constitution_united_states_of_america_1992_article_ii,United States of America,United States of America's Constitution of 1789 with Amendments through 1992 - Article II,"Article II Section 1 The executive Power shall be vested in a President of the United States of America. He shall hold his Office during the Term of four Years, and, together with the Vice President, chosen for the same ...",https://www.constituteproject.org/service/html?cons_id=United_States_of_America_1992&lang=en
us_constitution_1787_article_i_0001,Constitution of the United States - Article I,3,0.60512369,world_constitution_united_states_of_america_1992_article_v_003_0004,world_constitution_united_states_of_america_1992_article_v_003,United States of America,United States of America's Constitution of 1789 with Amendments through 1992 - Article V,"the votes shall be taken by states, the representation from each state having one vote; a quorum for this purpose shall consist of a member or members from two-thirds of the states, and a majority of all the states shall ...",https://www.constituteproject.org/service/html?cons_id=United_States_of_America_1992&lang=en
us_constitution_1787_article_i_0001,Constitution of the United States - Article I,4,0.56369539,world_constitution_united_states_of_america_1992_article_v_003_0003,world_constitution_united_states_of_america_1992_article_v_003,United States of America,United States of America's Constitution of 1789 with Amendments through 1992 - Article V,"States by the Constitution, nor prohibited by it to the States, are reserved to the States respectively, or to the people. Additional Amendments Amendment XI The Judicial power of the United States shall not be construed to extend to any ...",https://www.constituteproject.org/service/html?cons_id=United_States_of_America_1992&lang=en
us_constitution_1787_article_i_0001,Constitution of the United States - Article I,5,0.51884589,world_constitution_united_states_of_america_1992_article_v_003_0010,world_constitution_united_states_of_america_1992_article_v_003,United States of America,United States of America's Constitution of 1789 with Amendments through 1992 - Article V,the legislatures of three-fourths of the several States within seven years from the date of its submission to the States by the Congress. Amendment XXIII Section 1 The District constituting the seat of Government of the United States shall appoint ...,https://www.constituteproject.org/service/html?cons_id=United_States_of_America_1992&lang=en
us_constitution_1787_article_i_0001,Constitution of the United States - Article I,6,0.49873241,world_constitution_united_states_of_america_1992_article_ii_0002,world_constitution_united_states_of_america_1992_article_ii,United States of America,United States of America's Constitution of 1789 with Amendments through 1992 - Article II,"Officer shall act accordingly, until the Disability be removed, or a President shall be elected. The President shall, at stated Times, receive for his Services, a Compensation, which shall neither be encreased nor diminished during the Period for which he ...",https://www.constituteproject.org/service/html?cons_id=United_States_of_America_1992&lang=en
us_constitution_1787_article_i_0001,Constitution of the United States - Article I,7,0.48711558,world_constitution_philippines_1987_article_i_007_0003,world_constitution_philippines_1987_article_i_007,Philippines,Philippines's Constitution of 1987 - Article I,"death, permanent disability, removal from office, or resignation of the President, the Vice-President shall become the President to serve the unexpired term. In case of death, permanent disability, removal from office, or resignation of both the President and Vice-President, the ...",https://www.constituteproject.org/service/html?cons_id=Philippines_1987&lang=en
us_constitution_1787_article_i_0001,Constitution of the United States - Article I,8,0.46584523,world_constitution_united_states_of_america_1992_article_v_003_0008,world_constitution_united_states_of_america_1992_article_v_003,United States of America,United States of America's Constitution of 1789 with Amendments through 1992 - Article V,"this article had not been ratified; and the terms of their successors shall then begin. Section 2 The Congress shall assemble at least once in every year, and such meeting shall begin at noon on the 3d day of January, ...",https://www.constituteproject.org/service/html?cons_id=United_States_of_America_1992&lang=en
us_constitution_1787_article_i_0001,Constitution of the United States - Article I,9,0.46496513,world_constitution_philippines_1987_article_i_007_0002,world_constitution_philippines_1987_article_i_007,Philippines,Philippines's Constitution of 1987 - Article I,"So help me God."" (In case of affirmation, last sentence will be omitted.) Sec 6 The President shall have an official residence. The salaries of the President and Vice-President shall be determined by law and shall not be decreased during ...",https://www.constituteproject.org/service/html?cons_id=Philippines_1987&lang=en
us_constitution_1787_article_i_0001,Constitution of the United States - Article I,10,0.44032572,world_constitution_india_2016_preamble_0020,world_constitution_india_2016_preamble,India,India's Constitution of 1949 with Amendments through 2016 - Preamble,"The Vice-President shall, during, and in respect of, the period while he is so acting as, or discharging the functions of, President have all the powers and immunities of the President and be entitled to such emoluments, allowances and privileges ...",https://www.constituteproject.org/service/html?cons_id=India_2016&lang=en
us_constitution_1787_article_i_0001,Constitution of the United States - Article I,11,0.43513421,world_constitution_tanzania_2005_article_37_004_0000,world_constitution_tanzania_2005_article_37_004,Tanzania (United Republic of),Tanzania (United Republic of)'s Constitution of 1977 with Amendments through 2005 - Article 37,"Article 37 (5), the Vice-President shall be elected in the same election together with the President, after being nominated by his party at the same time as the Presidential candidate and being voted for together on the same ticket. When ...",https://www.constituteproject.org/service/html?cons_id=Tanzania_2005&lang=en
us_constitution_1787_article_i_0001,Constitution of the United States - Article I,12,0.43166188,world_constitution_united_states_of_america_1992_article_v_003_0005,world_constitution_united_states_of_america_1992_article_v_003,United States of America,United States of America's Constitution of 1789 with Amendments through 1992 - Article V,"make or enforce any law which shall abridge the privileges or immunities of citizens of the United States; nor shall any State deprive any person of life, liberty, or property, without due process of law; nor deny to any person ...",https://www.constituteproject.org/service/html?cons_id=United_States_of_America_1992&lang=en
us_constitution_1787_article_i_0001,Constitution of the United States - Article I,13,0.42336788,world_constitution_india_2016_preamble_0019,world_constitution_india_2016_preamble,India,India's Constitution of 1949 with Amendments through 2016 - Preamble,"If as a result of the investigation a resolution is passed by a majority of not less than two-thirds of the total membership of the House by which the charge was investigated or caused to be investigated, declaring that the ...",https://www.constituteproject.org/service/html?cons_id=India_2016&lang=en
us_constitution_1787_article_i_0001,Constitution of the United States - Article I,14,0.42231883,world_constitution_gambia_2018_preamble_0028,world_constitution_gambia_2018_preamble,Gambia (The),Gambia (The)'s Constitution of 1996 with Amendments through 2018 - Preamble,a criminal court shall only have jurisdiction to entertain proceedings against him or her in respect of acts or omissions alleged to have been perpetrated by him or her while holding office as President if the National Assembly has resolved ...,https://www.constituteproject.org/service/html?cons_id=Gambia_2018&lang=en
us_constitution_1787_article_i_0001,Constitution of the United States - Article I,15,0.40973344,world_constitution_malawi_2017_preamble_0025,world_constitution_malawi_2017_preamble,Malawi,Malawi's Constitution of 1994 with Amendments through 2017 - Preamble,"“I, ............. do solemnly swear that I will well and truly perform the functions of the high office of President (or Vice-President) of the Republic of Malawi, and that I will preserve and defend the Constitution, and that I will ...",https://www.constituteproject.org/service/html?cons_id=Malawi_2017&lang=en
us_constitution_1787_article_i_0001,Constitution of the United States - Article I,16,0.40387366,world_constitution_ghana_1996_preamble_0032,world_constitution_ghana_1996_preamble,Ghana,Ghana's Constitution of 1992 with Amendments through 1996 - Preamble,"The Vice-President shall, upon assuming office as President under clause (6) of this article, nominate a person to the office of Vice-President subject to approval by Parliament. Where the President and the Vice-President are both unable to perform the functions ...",https://www.constituteproject.org/service/html?cons_id=Ghana_1996&lang=en
us_constitution_1787_article_i_0001,Constitution of the United States - Article I,17,0.4038315,world_constitution_seychelles_2017_preamble_0030,world_constitution_seychelles_2017_preamble,Seychelles,Seychelles's Constitution of 1993 with Amendments through 2017 - Preamble,"A treaty, agreement or convention in respect of international relations which is to be or is executed by or under the authority of the President shall not bind the Republic unless it is ratified by- an Act; or a resolution ...",https://www.constituteproject.org/service/html?cons_id=Seychelles_2017&lang=en
us_constitution_1787_article_i_0001,Constitution of the United States - Article I,18,0.39842063,world_constitution_mauritius_2016_preamble_0024,world_constitution_mauritius_2016_preamble,Mauritius,Mauritius's Constitution of 1968 with Amendments through 2016 - Preamble,"29. The Vice-President Subject to subsection (7), there shall be a Vice-President of the Republic of Mauritius. The Vice-President shall be elected in the manner specified in section 28(2)(a)(i) and, subject to this section and section 30, hold office for ...",https://www.constituteproject.org/service/html?cons_id=Mauritius_2016&lang=en
us_constitution_1787_article_i_0001,Constitution of the United States - Article I,19,0.39814864,world_constitution_united_states_of_america_1992_article_i_0001,world_constitution_united_states_of_america_1992_article_i,United States of America,United States of America's Constitution of 1789 with Amendments through 1992 - Article I,"Carolina five, South Carolina five, and Georgia three. When vacancies happen in the Representation from any State, the Executive Authority thereof shall issue Writs of Election to fill such Vacancies. The House of Representatives shall chuse their Speaker and other ...",https://www.constituteproject.org/service/html?cons_id=United_States_of_America_1992&lang=en
us_constitution_1787_article_i_0001,Constitution of the United States - Article I,20,0.39680132,world_constitution_sierra_leone_2013_preamble_0035,world_constitution_sierra_leone_2013_preamble,Sierra Leone,"Sierra Leone's Constitution of 1991, Reinstated in 1996, with Amendments through 2013 - Preamble","Whenever the office of the Vice-President is vacant, or the Vice-President dies, resigns, retires or is removed from office, the President shall appoint a person qualified to be elected as a Member of Parliament to the office of Vice-President with ...",https://www.constituteproject.org/service/html?cons_id=Sierra_Leone_2013&lang=en
us_constitution_1787_article_i_0001,Constitution of the United States - Article I,21,0.39659606,world_constitution_south_sudan_2013_article_58_0005,world_constitution_south_sudan_2013_article_58,South Sudan,South Sudan's Constitution of 2011 with Amendments through 2013 - Article 58,submitted to the Assembly by a medical board consisting of five qualified and eminent specialists from the Medical Commission in respect of the alleged infirmity or incapacity. The President shall submit himself or herself to the medical board for necessary ...,https://www.constituteproject.org/service/html?cons_id=South_Sudan_2013&lang=en
us_constitution_1787_article_i_0001,Constitution of the United States - Article I,22,0.39659195,world_constitution_uganda_2017_article_106_0001,world_constitution_uganda_2017_article_106,Uganda,Uganda's Constitution of 1995 with Amendments through 2017 - Article 106,"to this Constitution. Clause (6) of article 108 applies to the Prime Minister with necessary modifications as it applies to the Vice President. 109. Absence of President If the President dies, resigns, or is removed from office under this Constitution, ...",https://www.constituteproject.org/service/html?cons_id=Uganda_2017&lang=en
us_constitution_1787_article_i_0001,Constitution of the United States - Article I,23,0.39536104,world_constitution_seychelles_2017_preamble_0031,world_constitution_seychelles_2017_preamble,Seychelles,Seychelles's Constitution of 1993 with Amendments through 2017 - Preamble,"The Vice-President may resign or be removed from office in the same manner as a Minister and articles 73 and 74 shall apply to the Vice-President. Where the person who is Vice-President ceases to hold office as Vice-President, otherwise than ...",https://www.constituteproject.org/service/html?cons_id=Seychelles_2017&lang=en
us_constitution_1787_article_i_0001,Constitution of the United States - Article I,24,0.3944257,world_constitution_ghana_1996_preamble_0031,world_constitution_ghana_1996_preamble,Ghana,Ghana's Constitution of 1992 with Amendments through 1996 - Preamble,"Except as otherwise provided in this Constitution or by a law not inconsistent with this Constitution, all executive acts of Government shall be expressed to be taken in the name of the President. A constitutional or statutory instrument or any ...",https://www.constituteproject.org/service/html?cons_id=Ghana_1996&lang=en
us_constitution_1787_article_i_0001,Constitution of the United States - Article I,25,0.39299022,world_constitution_malawi_2017_preamble_0024,world_constitution_malawi_2017_preamble,Malawi,Malawi's Constitution of 1994 with Amendments through 2017 - Preamble,Every presidential candidate shall declare who shall be his or her First Vice-President if he or she is elected at the time of his or her nomination. The First Vice-President shall be elected concurrently with the President and the name ...,https://www.constituteproject.org/service/html?cons_id=Malawi_2017&lang=en
us_constitution_1787_article_i_0001,Constitution of the United States - Article I,26,0.39054008,world_constitution_philippines_1987_article_i_007_0000,world_constitution_philippines_1987_article_i_007,Philippines,Philippines's Constitution of 1987 - Article I,"ARTICLE VII. EXECUTIVE DEPARTMENT Sec 1 The executive power shall be vested in the President of the Philippines. Sec 2 No person may be elected President unless he is a natural-born citizen of the Philippines, a registered voter, able to ...",https://www.constituteproject.org/service/html?cons_id=Philippines_1987&lang=en
us_constitution_1787_article_i_0001,Constitution of the United States - Article I,27,0.38967716,world_constitution_united_states_of_america_1992_article_i_0002,world_constitution_united_states_of_america_1992_article_i,United States of America,United States of America's Constitution of 1789 with Amendments through 1992 - Article I,"in the Absence of the Vice President, or when he shall exercise the Office of President of the United States. The Senate shall have the sole Power to try all Impeachments. When sitting for that Purpose, they shall be on ...",https://www.constituteproject.org/service/html?cons_id=United_States_of_America_1992&lang=en
us_constitution_1787_article_i_0001,Constitution of the United States - Article I,28,0.3876753,world_constitution_seychelles_2017_preamble_0027,world_constitution_seychelles_2017_preamble,Seychelles,Seychelles's Constitution of 1993 with Amendments through 2017 - Preamble,"A person who would, but for that person’s death, have been declared elected as President at the Presidential election and the person designated as the Vice-President of the first-mentioned person shall be deemed to have been the President and Vice-President ...",https://www.constituteproject.org/service/html?cons_id=Seychelles_2017&lang=en
us_constitution_1787_article_i_0001,Constitution of the United States - Article I,29,0.38731639,world_constitution_liberia_1986_article_51_0000,world_constitution_liberia_1986_article_51,Liberia,Liberia's Constitution of 1986 - Article 51,Article 51 There shall be a Vice-President who shall assist the President in the discharge of his functions. The Vice-President shall be elected on the same political ticket and shall serve the same term as the President. The Vice-President shall ...,https://www.constituteproject.org/service/html?cons_id=Liberia_1986&lang=en
us_constitution_1787_article_i_0001,Constitution of the United States - Article I,30,0.38730036,world_constitution_malawi_2017_preamble_0026,world_constitution_malawi_2017_preamble,Malawi,Malawi's Constitution of 1994 with Amendments through 2017 - Preamble,"If the First Vice-President dies or resigns from office, or where in accordance with section 87 the office is vacated through the incapacity of the First Vice-President for more than twelve months, the vacancy shall be filled for the unexpired ...",https://www.constituteproject.org/service/html?cons_id=Malawi_2017&lang=en
us_constitution_1787_article_i_0001,Constitution of the United States - Article I,31,0.38715318,world_constitution_united_states_of_america_1992_article_v_003_0009,world_constitution_united_states_of_america_1992_article_v_003,United States of America,United States of America's Constitution of 1789 with Amendments through 1992 - Article V,be inoperative unless it shall have been ratified as an amendment to the Constitution by the legislatures of three-fourths of the several States within seven years from the date of its submission. Amendment XXI Section 1 The eighteenth article of ...,https://www.constituteproject.org/service/html?cons_id=United_States_of_America_1992&lang=en
us_constitution_1787_article_i_0001,Constitution of the United States - Article I,32,0.38640528,world_constitution_uganda_2017_preamble_0041,world_constitution_uganda_2017_preamble,Uganda,Uganda's Constitution of 1995 with Amendments through 2017 - Preamble,The motion for a resolution for the removal of the President shall be moved in Parliament within fourteen days after the receipt by the Speaker of the report of the tribunal or the Medical Board. The President is entitled to ...,https://www.constituteproject.org/service/html?cons_id=Uganda_2017&lang=en
us_constitution_1787_article_i_0001,Constitution of the United States - Article I,33,0.38230711,world_constitution_botswana_2016_preamble_0020,world_constitution_botswana_2016_preamble,Botswana,Botswana's Constitution of 1966 with Amendments through 2016 - Preamble,"any person who, although his or her father was a citizen of Botswana at the time of that person's birth, had, by virtue of his or her having been born outside Botswana, to be registered as a citizen of Botswana, ...",https://www.constituteproject.org/service/html?cons_id=Botswana_2016&lang=en
us_constitution_1787_article_i_0001,Constitution of the United States - Article I,34,0.38007714,world_constitution_zimbabwe_2017_preamble_0026,world_constitution_zimbabwe_2017_preamble,Zimbabwe,Zimbabwe's Constitution of 2013 with Amendments through 2017 - Preamble,95. Term of office of President and Vice-Presidents The term of office of the President or a Vice-President commences on the day he or she is sworn in and assumes office in terms of section 94(1)(a) or 94(3). The term ...,https://www.constituteproject.org/service/html?cons_id=Zimbabwe_2017&lang=en
us_constitution_1787_article_i_0001,Constitution of the United States - Article I,35,0.3770639,world_constitution_united_states_of_america_1992_article_v_003_0012,world_constitution_united_states_of_america_1992_article_v_003,United States of America,United States of America's Constitution of 1789 with Amendments through 1992 - Article V,"forty-eight hours for that purpose if not in session. If the Congress, within twenty-one days after receipt of the latter written declaration, or, if Congress is not in session, within twenty-one days after Congress is required to assemble, determines by ...",https://www.constituteproject.org/service/html?cons_id=United_States_of_America_1992&lang=en
us_constitution_1787_article_i_0001,Constitution of the United States - Article I,36,0.37668831,world_constitution_philippines_1987_article_i_007_0001,world_constitution_philippines_1987_article_i_007,Philippines,Philippines's Constitution of 1987 - Article I,"on the second Monday of May. The returns of every election for President and Vice-President, duly certified by the board of canvassers of each province or city, shall be transmitted to the Congress, directed to the President of the Senate. ...",https://www.constituteproject.org/service/html?cons_id=Philippines_1987&lang=en
us_constitution_1787_article_i_0001,Constitution of the United States - Article I,37,0.37434947,world_constitution_tanzania_2005_article_37_0000,world_constitution_tanzania_2005_article_37,Tanzania (United Republic of),Tanzania (United Republic of)'s Constitution of 1977 with Amendments through 2005 - Article 37,Article 37 of this Constitution that the President is unable to discharge his duties and functions; the death of the President. The office of President shall not be deemed to be vacant by reason only that the National Assembly has ...,https://www.constituteproject.org/service/html?cons_id=Tanzania_2005&lang=en
us_constitution_1787_article_i_0001,Constitution of the United States - Article I,38,0.37364037,world_constitution_nepal_2016_article_101_0000,world_constitution_nepal_2016_article_101,Nepal,Nepal's Constitution of 2015 with Amendments through 2016 - Article 101,"Article 101; If the term of office expires If he/she dies 66. Functions, duties and powers of the President President shall exercise his/her rights and duties as provided for by this constitution and Federal laws While exercising rights under clause ...",https://www.constituteproject.org/service/html?cons_id=Nepal_2016&lang=en
us_constitution_1787_article_i_0001,Constitution of the United States - Article I,39,0.37057714,world_constitution_botswana_2016_preamble_0023,world_constitution_botswana_2016_preamble,Botswana,Botswana's Constitution of 1966 with Amendments through 2016 - Preamble,A person performing the functions of the office of President by virtue of subsection (2) of this section shall cease to perform those functions if he is notified by the President that the President is about to resume those functions. ...,https://www.constituteproject.org/service/html?cons_id=Botswana_2016&lang=en
us_constitution_1787_article_i_0001,Constitution of the United States - Article I,40,0.37019809,world_constitution_malawi_2017_preamble_0027,world_constitution_malawi_2017_preamble,Malawi,Malawi's Constitution of 1994 with Amendments through 2017 - Preamble,"the declaration is submitted by the First Vice-President to the Speaker of the National Assembly. Upon submission to the Speaker of a declaration under subsection (2), the First Vice-President shall immediately assume the powers and duties of the office of ...",https://www.constituteproject.org/service/html?cons_id=Malawi_2017&lang=en
us_constitution_1787_article_i_0001,Constitution of the United States - Article I,41,0.36870367,world_constitution_united_states_of_america_1992_article_i_0000,world_constitution_united_states_of_america_1992_article_i,United States of America,United States of America's Constitution of 1789 with Amendments through 1992 - Article I,"Article I Section 1 All legislative Powers herein granted shall be vested in a Congress of the United States, which shall consist of a Senate and House of Representatives. Section 2 The House of Representatives shall be composed of Members ...",https://www.constituteproject.org/service/html?cons_id=United_States_of_America_1992&lang=en
us_constitution_1787_article_i_0001,Constitution of the United States - Article I,42,0.36647121,world_constitution_tanzania_2005_article_37_005_0000,world_constitution_tanzania_2005_article_37_005,Tanzania (United Republic of),Tanzania (United Republic of)'s Constitution of 1977 with Amendments through 2005 - Article 37,"Article 37(5), to be Vice-President, shall, subject to the other provisions of this Article, hold office for a period of five years from the day he is elected Vice-President. The Vice-President shall hold office until— his tenure of office expires; ...",https://www.constituteproject.org/service/html?cons_id=Tanzania_2005&lang=en
us_constitution_1787_article_i_0001,Constitution of the United States - Article I,43,0.36293456,world_constitution_colombia_2015_article_202_0000,world_constitution_colombia_2015_article_202,Colombia,Colombia's Constitution of 1991 with Amendments through 2015 - Article 202,"Article 202 The Vice President of the Republic shall be elected by popular vote on the same day and in the same manner as the President of the Republic. The candidates for the runoff election, if there should be one, ...",https://www.constituteproject.org/service/html?cons_id=Colombia_2015&lang=en
us_constitution_1787_article_i_0001,Constitution of the United States - Article I,44,0.36269307,world_constitution_liberia_1986_article_64_0000,world_constitution_liberia_1986_article_64,Liberia,Liberia's Constitution of 1986 - Article 64,"Article 64 Whenever the office of the President and of the Vice-President shall become vacant by reason of removal, death, resignation, inability or other disability of the President and Vice-President, the Speaker of the House of Representatives shall be sworn ...",https://www.constituteproject.org/service/html?cons_id=Liberia_1986&lang=en
us_constitution_1787_article_i_0001,Constitution of the United States - Article I,45,0.36182204,world_constitution_united_states_of_america_1992_article_i_0003,world_constitution_united_states_of_america_1992_article_i,United States of America,United States of America's Constitution of 1789 with Amendments through 1992 - Article I,"disorderly Behaviour, and, with the Concurrence of two thirds, expel a Member. Each House shall keep a Journal of its Proceedings, and from time to time publish the same, excepting such Parts as may in their Judgment require Secrecy; and ...",https://www.constituteproject.org/service/html?cons_id=United_States_of_America_1992&lang=en
us_constitution_1787_article_i_0001,Constitution of the United States - Article I,46,0.35966288,world_constitution_tanzania_2005_article_38_0001,world_constitution_tanzania_2005_article_38,Tanzania (United Republic of),Tanzania (United Republic of)'s Constitution of 1977 with Amendments through 2005 - Article 38,"than half of all the valid votes cast or, where a second ballot is held for the reason that no candidate obtained more than half of all the valid votes, if he obtains either more than half of all valid ...",https://www.constituteproject.org/service/html?cons_id=Tanzania_2005&lang=en
us_constitution_1787_article_i_0001,Constitution of the United States - Article I,47,0.35541883,world_constitution_namibia_2014_article_28_0000,world_constitution_namibia_2014_article_28,Namibia,Namibia's Constitution of 1990 with Amendments through 2014 - Article 28,Article 28. Election of the President and appointment of the Vice-President The President shall be elected in accordance with the provisions of this Constitution and subject thereto. A Vice-President shall be appointed by the President from the elected members of ...,https://www.constituteproject.org/service/html?cons_id=Namibia_2014&lang=en
us_constitution_1787_article_i_0001,Constitution of the United States - Article I,48,0.35478642,world_constitution_brazil_2017_article_77_0045,world_constitution_brazil_2017_article_77,Brazil,Brazil's Constitution of 1988 with Amendments through 2017 - Article 77,"election shall be held within twenty days after announcement of the results between the two candidates who obtained the greatest number of votes, and the one who obtains a majority of valid votes shall be deemed elected. If, before the ...",https://www.constituteproject.org/service/html?cons_id=Brazil_2017&lang=en
us_constitution_1787_article_i_0001,Constitution of the United States - Article I,49,0.35154727,world_constitution_india_2016_preamble_0021,world_constitution_india_2016_preamble,India,India's Constitution of 1949 with Amendments through 2016 - Preamble,"a Vice-President shall, notwithstanding the expiration of his term, continue to hold office until his successor enters upon his office. 68. Time of holding election to fill vacancy in the office of Vice-President and the term of office of person ...",https://www.constituteproject.org/service/html?cons_id=India_2016&lang=en
us_constitution_1787_article_i_0001,Constitution of the United States - Article I,50,0.34984127,world_constitution_botswana_2016_preamble_0024,world_constitution_botswana_2016_preamble,Botswana,Botswana's Constitution of 1966 with Amendments through 2016 - Preamble,The Vice-President shall not enter upon the duties of his or her office unless he or she has taken and subscribed the oath of allegiance and such oath for the due execution of his or her office as may be ...,https://www.constituteproject.org/service/html?cons_id=Botswana_2016&lang=en
us_constitution_1787_article_i_0002,Constitution of the United States - Article I,1,0.98222682,world_constitution_united_states_of_america_1992_article_ii_0002,world_constitution_united_states_of_america_1992_article_ii,United States of America,United States of America's Constitution of 1789 with Amendments through 1992 - Article II,"Officer shall act accordingly, until the Disability be removed, or a President shall be elected. The President shall, at stated Times, receive for his Services, a Compensation, which shall neither be encreased nor diminished during the Period for which he ...",https://www.constituteproject.org/service/html?cons_id=United_States_of_America_1992&lang=en
us_constitution_1787_article_i_0002,Constitution of the United States - Article I,2,0.52173833,world_constitution_united_states_of_america_1992_article_v_002_0000,world_constitution_united_states_of_america_1992_article_v_002,United States of America,United States of America's Constitution of 1789 with Amendments through 1992 - Article V,"Article VI All Debts contracted and Engagements entered into, before the Adoption of this Constitution, shall be as valid against the United States under this Constitution, as under the Confederation. This Constitution, and the Laws of the United States which ...",https://www.constituteproject.org/service/html?cons_id=United_States_of_America_1992&lang=en
us_constitution_1787_article_i_0002,Constitution of the United States - Article I,3,0.50634267,world_constitution_united_states_of_america_1992_article_ii_0003,world_constitution_united_states_of_america_1992_article_ii,United States of America,United States of America's Constitution of 1789 with Amendments through 1992 - Article II,"by Law: but the Congress may by Law vest the Appointment of such inferior Officers, as they think proper, in the President alone, in the Courts of Law, or in the Heads of Departments. The President shall have Power to ...",https://www.constituteproject.org/service/html?cons_id=United_States_of_America_1992&lang=en
us_constitution_1787_article_i_0002,Constitution of the United States - Article I,4,0.50202305,world_constitution_united_states_of_america_1992_article_ii_0001,world_constitution_united_states_of_america_1992_article_ii,United States of America,United States of America's Constitution of 1789 with Amendments through 1992 - Article II,"from the five highest on the List the said House shall in like Manner chuse the President. But in chusing the President, the Votes shall be taken by States, the Representatives from each State having one Vote; a quorum for ...",https://www.constituteproject.org/service/html?cons_id=United_States_of_America_1992&lang=en
us_constitution_1787_article_i_0002,Constitution of the United States - Article I,5,0.47529159,world_constitution_united_states_of_america_1992_article_v_003_0004,world_constitution_united_states_of_america_1992_article_v_003,United States of America,United States of America's Constitution of 1789 with Amendments through 1992 - Article V,"the votes shall be taken by states, the representation from each state having one vote; a quorum for this purpose shall consist of a member or members from two-thirds of the states, and a majority of all the states shall ...",https://www.constituteproject.org/service/html?cons_id=United_States_of_America_1992&lang=en
us_constitution_1787_article_i_0002,Constitution of the United States - Article I,6,0.47374904,world_constitution_united_states_of_america_1992_article_v_003_0005,world_constitution_united_states_of_america_1992_article_v_003,United States of America,United States of America's Constitution of 1789 with Amendments through 1992 - Article V,"make or enforce any law which shall abridge the privileges or immunities of citizens of the United States; nor shall any State deprive any person of life, liberty, or property, without due process of law; nor deny to any person ...",https://www.constituteproject.org/service/html?cons_id=United_States_of_America_1992&lang=en
us_constitution_1787_article_i_0002,Constitution of the United States - Article I,7,0.47292223,world_constitution_united_states_of_america_1992_article_iii_0000,world_constitution_united_states_of_america_1992_article_iii,United States of America,United States of America's Constitution of 1789 with Amendments through 1992 - Article III,"Article III Section 1 The judicial Power of the United States, shall be vested in one supreme Court, and in such inferior Courts as the Congress may from time to time ordain and establish. The Judges, both of the supreme ...",https://www.constituteproject.org/service/html?cons_id=United_States_of_America_1992&lang=en
us_constitution_1787_article_i_0002,Constitution of the United States - Article I,8,0.44568849,world_constitution_united_states_of_america_1992_article_v_003_0003,world_constitution_united_states_of_america_1992_article_v_003,United States of America,United States of America's Constitution of 1789 with Amendments through 1992 - Article V,"States by the Constitution, nor prohibited by it to the States, are reserved to the States respectively, or to the people. Additional Amendments Amendment XI The Judicial power of the United States shall not be construed to extend to any ...",https://www.constituteproject.org/service/html?cons_id=United_States_of_America_1992&lang=en
us_constitution_1787_article_i_0002,Constitution of the United States - Article I,9,0.44513677,world_constitution_united_states_of_america_1992_article_v_003_0006,world_constitution_united_states_of_america_1992_article_v_003,United States of America,United States of America's Constitution of 1789 with Amendments through 1992 - Article V,"same, or given aid or comfort to the enemies thereof. But Congress may by a vote of two-thirds of each House, remove such disability. Section 4 The validity of the public debt of the United States, authorized by law, including ...",https://www.constituteproject.org/service/html?cons_id=United_States_of_America_1992&lang=en
us_constitution_1787_article_i_0002,Constitution of the United States - Article I,10,0.43055276,world_constitution_united_states_of_america_1992_article_i_0003,world_constitution_united_states_of_america_1992_article_i,United States of America,United States of America's Constitution of 1789 with Amendments through 1992 - Article I,"disorderly Behaviour, and, with the Concurrence of two thirds, expel a Member. Each House shall keep a Journal of its Proceedings, and from time to time publish the same, excepting such Parts as may in their Judgment require Secrecy; and ...",https://www.constituteproject.org/service/html?cons_id=United_States_of_America_1992&lang=en
us_constitution_1787_article_i_0002,Constitution of the United States - Article I,11,0.41382457,world_constitution_united_states_of_america_1992_article_i_002_0000,world_constitution_united_states_of_america_1992_article_i_002,United States of America,United States of America's Constitution of 1789 with Amendments through 1992 - Article I,"Article IV Section 1 Full Faith and Credit shall be given in each State to the public Acts, Records, and judicial Proceedings of every other State. And the Congress may by general Laws prescribe the Manner in which such Acts, ...",https://www.constituteproject.org/service/html?cons_id=United_States_of_America_1992&lang=en
us_constitution_1787_article_i_0002,Constitution of the United States - Article I,12,0.40996674,world_constitution_united_states_of_america_1992_article_i_0001,world_constitution_united_states_of_america_1992_article_i,United States of America,United States of America's Constitution of 1789 with Amendments through 1992 - Article I,"Carolina five, South Carolina five, and Georgia three. When vacancies happen in the Representation from any State, the Executive Authority thereof shall issue Writs of Election to fill such Vacancies. The House of Representatives shall chuse their Speaker and other ...",https://www.constituteproject.org/service/html?cons_id=United_States_of_America_1992&lang=en
us_constitution_1787_article_i_0002,Constitution of the United States - Article I,13,0.40319063,world_constitution_united_states_of_america_1992_article_v_003_0009,world_constitution_united_states_of_america_1992_article_v_003,United States of America,United States of America's Constitution of 1789 with Amendments through 1992 - Article V,be inoperative unless it shall have been ratified as an amendment to the Constitution by the legislatures of three-fourths of the several States within seven years from the date of its submission. Amendment XXI Section 1 The eighteenth article of ...,https://www.constituteproject.org/service/html?cons_id=United_States_of_America_1992&lang=en
us_constitution_1787_article_i_0002,Constitution of the United States - Article I,14,0.40006877,world_constitution_united_states_of_america_1992_article_v_003_0010,world_constitution_united_states_of_america_1992_article_v_003,United States of America,United States of America's Constitution of 1789 with Amendments through 1992 - Article V,the legislatures of three-fourths of the several States within seven years from the date of its submission to the States by the Congress. Amendment XXIII Section 1 The District constituting the seat of Government of the United States shall appoint ...,https://www.constituteproject.org/service/html?cons_id=United_States_of_America_1992&lang=en
us_constitution_1787_article_i_0002,Constitution of the United States - Article I,15,0.38823393,world_constitution_united_states_of_america_1992_article_v_003_0007,world_constitution_united_states_of_america_1992_article_v_003,United States of America,United States of America's Constitution of 1789 with Amendments through 1992 - Article V,"Senate, the executive authority of such State shall issue writs of election to fill such vacancies: Provided, That the legislature of any State may empower the executive thereof to make temporary appointments until the people fill the vacancies by election ...",https://www.constituteproject.org/service/html?cons_id=United_States_of_America_1992&lang=en
us_constitution_1787_article_i_0002,Constitution of the United States - Article I,16,0.381433,world_constitution_united_states_of_america_1992_article_ii_0000,world_constitution_united_states_of_america_1992_article_ii,United States of America,United States of America's Constitution of 1789 with Amendments through 1992 - Article II,"Article II Section 1 The executive Power shall be vested in a President of the United States of America. He shall hold his Office during the Term of four Years, and, together with the Vice President, chosen for the same ...",https://www.constituteproject.org/service/html?cons_id=United_States_of_America_1992&lang=en
us_constitution_1787_article_i_0002,Constitution of the United States - Article I,17,0.37962433,world_constitution_united_states_of_america_1992_article_i_0006,world_constitution_united_states_of_america_1992_article_i,United States of America,United States of America's Constitution of 1789 with Amendments through 1992 - Article I,"the Union, suppress Insurrections and repel Invasions; To provide for organizing, arming, and disciplining, the Militia, and for governing such Part of them as may be employed in the Service of the United States, reserving to the States respectively, the ...",https://www.constituteproject.org/service/html?cons_id=United_States_of_America_1992&lang=en
us_constitution_1787_article_i_0002,Constitution of the United States - Article I,18,0.37549911,world_constitution_united_states_of_america_1992_article_i_0005,world_constitution_united_states_of_america_1992_article_i,United States of America,United States of America's Constitution of 1789 with Amendments through 1992 - Article I,"House of Representatives, according to the Rules and Limitations prescribed in the Case of a Bill. Section 8 The Congress shall have Power To lay and collect Taxes, Duties, Imposts and Excises, to pay the Debts and provide for the ...",https://www.constituteproject.org/service/html?cons_id=United_States_of_America_1992&lang=en
us_constitution_1787_article_i_0002,Constitution of the United States - Article I,19,0.3745456,world_constitution_united_states_of_america_1992_article_i_0002,world_constitution_united_states_of_america_1992_article_i,United States of America,United States of America's Constitution of 1789 with Amendments through 1992 - Article I,"in the Absence of the Vice President, or when he shall exercise the Office of President of the United States. The Senate shall have the sole Power to try all Impeachments. When sitting for that Purpose, they shall be on ...",https://www.constituteproject.org/service/html?cons_id=United_States_of_America_1992&lang=en
us_constitution_1787_article_i_0002,Constitution of the United States - Article I,20,0.35372194,world_constitution_south_sudan_2013_article_85_0001,world_constitution_south_sudan_2013_article_85,South Sudan,South Sudan's Constitution of 2011 with Amendments through 2013 - Article 85,and approve appointments as required by this Constitution or the law; cast a vote of no confidence against any Minister. enact legislation to regulate the conditions and terms of service of the Judiciary and its oversight mechanisms; and perform any ...,https://www.constituteproject.org/service/html?cons_id=South_Sudan_2013&lang=en
us_constitution_1787_article_i_0002,Constitution of the United States - Article I,21,0.34868756,world_constitution_united_states_of_america_1992_article_i_0000,world_constitution_united_states_of_america_1992_article_i,United States of America,United States of America's Constitution of 1789 with Amendments through 1992 - Article I,"Article I Section 1 All legislative Powers herein granted shall be vested in a Congress of the United States, which shall consist of a Senate and House of Representatives. Section 2 The House of Representatives shall be composed of Members ...",https://www.constituteproject.org/service/html?cons_id=United_States_of_America_1992&lang=en
us_constitution_1787_article_i_0002,Constitution of the United States - Article I,22,0.34710788,world_constitution_united_states_of_america_1992_article_v_003_0012,world_constitution_united_states_of_america_1992_article_v_003,United States of America,United States of America's Constitution of 1789 with Amendments through 1992 - Article V,"forty-eight hours for that purpose if not in session. If the Congress, within twenty-one days after receipt of the latter written declaration, or, if Congress is not in session, within twenty-one days after Congress is required to assemble, determines by ...",https://www.constituteproject.org/service/html?cons_id=United_States_of_America_1992&lang=en
us_constitution_1787_article_i_0002,Constitution of the United States - Article I,23,0.33724597,world_constitution_micronesia_1990_article_i_011_0000,world_constitution_micronesia_1990_article_i_011,Micronesia (Federated States of),Micronesia (Federated States of)'s Constitution of 1978 with Amendments through 1990 - Article I,ARTICLE X. EXECUTIVE Section 1 The executive power of the national government is vested in the President of the Federated States of Micronesia. He is elected by Congress for a term of four years by a majority vote of all ...,https://www.constituteproject.org/service/html?cons_id=Micronesia_1990&lang=en
us_constitution_1787_article_i_0002,Constitution of the United States - Article I,24,0.33671119,world_constitution_tanzania_2005_article_32_0002,world_constitution_tanzania_2005_article_32,Tanzania (United Republic of),Tanzania (United Republic of)'s Constitution of 1977 with Amendments through 2005 - Article 32,"avoidance of doubt in the interpretation or application of the provisions of this Article, the provisions of legislation enacted by Parliament and of any other law, concerning the proclamation of a state of emergency as provided for in this Article ...",https://www.constituteproject.org/service/html?cons_id=Tanzania_2005&lang=en
us_constitution_1787_article_i_0002,Constitution of the United States - Article I,25,0.3243924,world_constitution_tanzania_2005_article_4_0000,world_constitution_tanzania_2005_article_4,Tanzania (United Republic of),Tanzania (United Republic of)'s Constitution of 1977 with Amendments through 2005 - Article 4,"Article 4 of this Constitution Act No. 12 shall be duty bound, each of them in the exercise of the powers conferred on him by this Constitution or the Constitution of Zanzibar 1984, to ensure that he protects, strengthens and ...",https://www.constituteproject.org/service/html?cons_id=Tanzania_2005&lang=en
us_constitution_1787_article_i_0002,Constitution of the United States - Article I,26,0.31393453,world_constitution_united_states_of_america_1992_article_v_003_0002,world_constitution_united_states_of_america_1992_article_v_003,United States of America,United States of America's Constitution of 1789 with Amendments through 1992 - Article V,"or indictment of a Grand Jury, except in cases arising in the land or naval forces, or in the Militia, when in actual service in time of War or public danger; nor shall any person be subject for the same ...",https://www.constituteproject.org/service/html?cons_id=United_States_of_America_1992&lang=en
us_constitution_1787_article_i_0002,Constitution of the United States - Article I,27,0.30254512,world_constitution_united_states_of_america_1992_article_i_0004,world_constitution_united_states_of_america_1992_article_i,United States of America,United States of America's Constitution of 1789 with Amendments through 1992 - Article I,"Bills. Every Bill which shall have passed the House of Representatives and the Senate, shall, before it become a Law, be presented to the President of the United States: If he approve he shall sign it, but if not he ...",https://www.constituteproject.org/service/html?cons_id=United_States_of_America_1992&lang=en
us_constitution_1787_article_i_0002,Constitution of the United States - Article I,28,0.30202143,world_constitution_united_states_of_america_1992_article_v_003_0001,world_constitution_united_states_of_america_1992_article_v_003,United States of America,United States of America's Constitution of 1789 with Amendments through 1992 - Article V,"concurring, that the following Articles be proposed to the Legislatures of the several States, as Amendments to the Constitution of the United States, all or any of which Articles, when ratified by three fourths of the said Legislatures, to be ...",https://www.constituteproject.org/service/html?cons_id=United_States_of_America_1992&lang=en
us_constitution_1787_article_i_0002,Constitution of the United States - Article I,29,0.29387834,world_constitution_india_2016_preamble_0024,world_constitution_india_2016_preamble,India,India's Constitution of 1949 with Amendments through 2016 - Preamble,"The Attorney-General shall hold office during the pleasure of the President, and shall receive such remuneration as the President may determine. Conduct of Government Business 77. Conduct of business of the Government of India All executive action of the Government ...",https://www.constituteproject.org/service/html?cons_id=India_2016&lang=en
us_constitution_1787_article_i_0002,Constitution of the United States - Article I,30,0.28992476,world_constitution_philippines_1987_article_v_002_0002,world_constitution_philippines_1987_article_v_002,Philippines,Philippines's Constitution of 1987 - Article V,"Sec 14 Appointments extended by an Acting President shall remain effective, unless revoked by the elected President within ninety days from his assumption or reassumption of office. Sec 15 Two months immediately before the next presidential elections and up the ...",https://www.constituteproject.org/service/html?cons_id=Philippines_1987&lang=en
us_constitution_1787_article_i_0002,Constitution of the United States - Article I,31,0.28530372,world_constitution_united_states_of_america_1992_article_v_0000,world_constitution_united_states_of_america_1992_article_v,United States of America,United States of America's Constitution of 1789 with Amendments through 1992 - Article V,"Article V The Congress, whenever two thirds of both Houses shall deem it necessary, shall propose Amendments to this Constitution, or, on the Application of the Legislatures of two thirds of the several States, shall call a Convention for proposing ...",https://www.constituteproject.org/service/html?cons_id=United_States_of_America_1992&lang=en
us_constitution_1787_article_i_0002,Constitution of the United States - Article I,32,0.28279422,world_constitution_united_states_of_america_1992_article_v_003_0008,world_constitution_united_states_of_america_1992_article_v_003,United States of America,United States of America's Constitution of 1789 with Amendments through 1992 - Article V,"this article had not been ratified; and the terms of their successors shall then begin. Section 2 The Congress shall assemble at least once in every year, and such meeting shall begin at noon on the 3d day of January, ...",https://www.constituteproject.org/service/html?cons_id=United_States_of_America_1992&lang=en
us_constitution_1787_article_i_0002,Constitution of the United States - Article I,33,0.28198015,world_constitution_angola_2010_article_204_0000,world_constitution_angola_2010_article_204,Angola,Angola's Constitution of 2010 - Article 204,"Article 204. (State of constitutional need) Within the context of preserving national security and maintaining public order, the President of the Republic may declare, according to the demands of particular situations, constitutional states of need, under the terms of the ...",https://www.constituteproject.org/service/html?cons_id=Angola_2010&lang=en
us_constitution_1787_article_i_0002,Constitution of the United States - Article I,34,0.27883674,world_constitution_tanzania_2005_article_38_0002,world_constitution_tanzania_2005_article_38,Tanzania (United Republic of),Tanzania (United Republic of)'s Constitution of 1977 with Amendments through 2005 - Article 38,"such extension shall exceed a period of six months at any one time. Every President-elect and every person acting in the office of President shall, before assuming the functions of the office of President, take and subscribe, in the presence ...",https://www.constituteproject.org/service/html?cons_id=Tanzania_2005&lang=en
us_constitution_1787_article_i_0002,Constitution of the United States - Article I,35,0.26724213,world_constitution_india_2016_preamble_0019,world_constitution_india_2016_preamble,India,India's Constitution of 1949 with Amendments through 2016 - Preamble,"If as a result of the investigation a resolution is passed by a majority of not less than two-thirds of the total membership of the House by which the charge was investigated or caused to be investigated, declaring that the ...",https://www.constituteproject.org/service/html?cons_id=India_2016&lang=en
us_constitution_1787_article_i_0002,Constitution of the United States - Article I,36,0.26131348,world_constitution_tanzania_2005_article_37_0000,world_constitution_tanzania_2005_article_37,Tanzania (United Republic of),Tanzania (United Republic of)'s Constitution of 1977 with Amendments through 2005 - Article 37,Article 37 of this Constitution that the President is unable to discharge his duties and functions; the death of the President. The office of President shall not be deemed to be vacant by reason only that the National Assembly has ...,https://www.constituteproject.org/service/html?cons_id=Tanzania_2005&lang=en
us_constitution_1787_article_i_0002,Constitution of the United States - Article I,37,0.25596696,world_constitution_tanzania_2005_article_40_0000,world_constitution_tanzania_2005_article_40,Tanzania (United Republic of),Tanzania (United Republic of)'s Constitution of 1977 with Amendments through 2005 - Article 40,"Article 40, then after consultation with the political party to which he belongs, the President shall propose the name of the person who shall be Vice-President and such appointment shall be confirmed by the National Assembly by votes of not ...",https://www.constituteproject.org/service/html?cons_id=Tanzania_2005&lang=en
us_constitution_1787_article_i_0002,Constitution of the United States - Article I,38,0.25456398,world_constitution_tanzania_2005_article_54_0001,world_constitution_tanzania_2005_article_54,Tanzania (United Republic of),Tanzania (United Republic of)'s Constitution of 1977 with Amendments through 2005 - Article 54,reason not connected with the dissolution of Parliament; where the President revokes the appointment thereby removing the incumbent from office; where he is elected Speaker; where the Prime Minister resigns or his office becomes vacant for any other reason; immediately ...,https://www.constituteproject.org/service/html?cons_id=Tanzania_2005&lang=en
us_constitution_1787_article_i_0002,Constitution of the United States - Article I,39,0.25412204,world_constitution_dominican_republic_2015_article_266_0000,world_constitution_dominican_republic_2015_article_266,Dominican Republic,Dominican Republic's Constitution of 2015 - Article 266,"Article 266. Regulatory provisions The states of exception shall be subject to the following provisions: The President shall obtain the authorization of Congress to declare the appropriate state of exception. If the Congress is not meeting, the President may declare ...",https://www.constituteproject.org/service/html?cons_id=Dominican_Republic_2015&lang=en
us_constitution_1787_article_i_0002,Constitution of the United States - Article I,40,0.25389829,world_constitution_india_2016_preamble_0016,world_constitution_india_2016_preamble,India,India's Constitution of 1949 with Amendments through 2016 - Preamble,There shall be a President of India. 53. Executive power of the Union The executive power of the Union shall be vested in the President and shall be exercised by him either directly or through officers subordinate to him in ...,https://www.constituteproject.org/service/html?cons_id=India_2016&lang=en
us_constitution_1787_article_i_0002,Constitution of the United States - Article I,41,0.25148443,world_constitution_tanzania_2005_article_37_004_0000,world_constitution_tanzania_2005_article_37_004,Tanzania (United Republic of),Tanzania (United Republic of)'s Constitution of 1977 with Amendments through 2005 - Article 37,"Article 37 (5), the Vice-President shall be elected in the same election together with the President, after being nominated by his party at the same time as the Presidential candidate and being voted for together on the same ticket. When ...",https://www.constituteproject.org/service/html?cons_id=Tanzania_2005&lang=en
us_constitution_1787_article_i_0002,Constitution of the United States - Article I,42,0.25070772,world_constitution_south_sudan_2013_article_120_0008,world_constitution_south_sudan_2013_article_120,South Sudan,South Sudan's Constitution of 2011 with Amendments through 2013 - Article 120,"the National Security Service. The National Security Service shall have two operational organs, to be known as: the Internal Security Bureau; and the General Intelligence Bureau; Each of the operational organs shall be headed by a Director-General appointed by the ...",https://www.constituteproject.org/service/html?cons_id=South_Sudan_2013&lang=en
us_constitution_1787_article_i_0002,Constitution of the United States - Article I,43,0.25004735,world_constitution_tanzania_2005_article_32_0003,world_constitution_tanzania_2005_article_32,Tanzania (United Republic of),Tanzania (United Republic of)'s Constitution of 1977 with Amendments through 2005 - Article 32,functions conferred by law on any person or authority other than the President; or preventing Parliament from conferring any legal authority upon any person or persons or authority other than the President. 35. Discharge of the business of the Government ...,https://www.constituteproject.org/service/html?cons_id=Tanzania_2005&lang=en
us_constitution_1787_article_i_0002,Constitution of the United States - Article I,44,0.24758522,world_constitution_philippines_1987_article_i_007_0001,world_constitution_philippines_1987_article_i_007,Philippines,Philippines's Constitution of 1987 - Article I,"on the second Monday of May. The returns of every election for President and Vice-President, duly certified by the board of canvassers of each province or city, shall be transmitted to the Congress, directed to the President of the Senate. ...",https://www.constituteproject.org/service/html?cons_id=Philippines_1987&lang=en
us_constitution_1787_article_i_0002,Constitution of the United States - Article I,45,0.24343796,world_constitution_united_states_of_america_1992_article_i_0007,world_constitution_united_states_of_america_1992_article_i,United States of America,United States of America's Constitution of 1789 with Amendments through 1992 - Article I,in Proportion to the Census or enumeration herein before directed to be taken. No Tax or Duty shall be laid on Articles exported from any State. No Preference shall be given by any Regulation of Commerce or Revenue to the ...,https://www.constituteproject.org/service/html?cons_id=United_States_of_America_1992&lang=en
us_constitution_1787_article_i_0002,Constitution of the United States - Article I,46,0.24287435,world_constitution_sierra_leone_2013_preamble_0036,world_constitution_sierra_leone_2013_preamble,Sierra Leone,"Sierra Leone's Constitution of 1991, Reinstated in 1996, with Amendments through 2013 - Preamble","Subject to the provisions of section 53 of this Constitution, the Ministers and Deputy Ministers shall hold office at the President’s discretion. Subject to the provisions of subsection (6), the Vice-President and the other Ministers under the direction of the ...",https://www.constituteproject.org/service/html?cons_id=Sierra_Leone_2013&lang=en
us_constitution_1787_article_i_0002,Constitution of the United States - Article I,47,0.24113559,world_constitution_malawi_2017_preamble_0029,world_constitution_malawi_2017_preamble,Malawi,Malawi's Constitution of 1994 with Amendments through 2017 - Preamble,The President and members of the Cabinet shall not use their respective offices for personal gain or place themselves in a situation where their materials interest conflict with the responsibilities and duties of their offices. 89. Powers and duties of ...,https://www.constituteproject.org/service/html?cons_id=Malawi_2017&lang=en
us_constitution_1787_article_i_0002,Constitution of the United States - Article I,48,0.24016381,world_constitution_israel_2013_preamble_0013,world_constitution_israel_2013_preamble,Israel,Israel's Constitution of 1958 with Amendments through 2013 - Preamble,"shall accredit the diplomatic representatives of the State, shall receive the credentials of diplomatic representatives sent to Israel by foreign states, shall empower the consular representatives of the State and shall confirm the appointments of consular representatives sent to Israel ...",https://www.constituteproject.org/service/html?cons_id=Israel_2013&lang=en
us_constitution_1787_article_i_0002,Constitution of the United States - Article I,49,0.23702343,world_constitution_nigeria_2011_preamble_0118,world_constitution_nigeria_2011_preamble,Nigeria,Nigeria's Constitution of 1999 with Amendments through 2011 - Preamble,The provisions of this section shall have effect until the National Assembly or a House of Assembly exercises the powers conferred upon it by section 60 or 101 of this Constitution as appropriate. The Standing Orders of the Senate established ...,https://www.constituteproject.org/service/html?cons_id=Nigeria_2011&lang=en
us_constitution_1787_article_i_0002,Constitution of the United States - Article I,50,0.23480024,world_constitution_malawi_2017_preamble_0030,world_constitution_malawi_2017_preamble,Malawi,Malawi's Constitution of 1994 with Amendments through 2017 - Preamble,91. Immunity No person holding the office of President or performing the functions of President may be sued in any civil proceedings but the office of President shall not be immune to orders of the courts concerning rights and duties ...,https://www.constituteproject.org/service/html?cons_id=Malawi_2017&lang=en
us_constitution_1787_article_i_0003,Constitution of the United States - Article I,1,0.84692283,world_constitution_united_states_of_america_1992_article_ii_0003,world_constitution_united_states_of_america_1992_article_ii,United States of America,United States of America's Constitution of 1789 with Amendments through 1992 - Article II,"by Law: but the Congress may by Law vest the Appointment of such inferior Officers, as they think proper, in the President alone, in the Courts of Law, or in the Heads of Departments. The President shall have Power to ...",https://www.constituteproject.org/service/html?cons_id=United_States_of_America_1992&lang=en
us_constitution_1787_article_i_0003,Constitution of the United States - Article I,2,0.61108967,world_constitution_united_states_of_america_1992_article_iii_0000,world_constitution_united_states_of_america_1992_article_iii,United States of America,United States of America's Constitution of 1789 with Amendments through 1992 - Article III,"Article III Section 1 The judicial Power of the United States, shall be vested in one supreme Court, and in such inferior Courts as the Congress may from time to time ordain and establish. The Judges, both of the supreme ...",https://www.constituteproject.org/service/html?cons_id=United_States_of_America_1992&lang=en
us_constitution_1787_article_i_0003,Constitution of the United States - Article I,3,0.58014023,world_constitution_united_states_of_america_1992_article_ii_0002,world_constitution_united_states_of_america_1992_article_ii,United States of America,United States of America's Constitution of 1789 with Amendments through 1992 - Article II,"Officer shall act accordingly, until the Disability be removed, or a President shall be elected. The President shall, at stated Times, receive for his Services, a Compensation, which shall neither be encreased nor diminished during the Period for which he ...",https://www.constituteproject.org/service/html?cons_id=United_States_of_America_1992&lang=en
us_constitution_1787_article_i_0003,Constitution of the United States - Article I,4,0.38878226,world_constitution_united_states_of_america_1992_article_i_0003,world_constitution_united_states_of_america_1992_article_i,United States of America,United States of America's Constitution of 1789 with Amendments through 1992 - Article I,"disorderly Behaviour, and, with the Concurrence of two thirds, expel a Member. Each House shall keep a Journal of its Proceedings, and from time to time publish the same, excepting such Parts as may in their Judgment require Secrecy; and ...",https://www.constituteproject.org/service/html?cons_id=United_States_of_America_1992&lang=en
us_constitution_1787_article_i_0003,Constitution of the United States - Article I,5,0.37887109,world_constitution_united_states_of_america_1992_article_v_002_0000,world_constitution_united_states_of_america_1992_article_v_002,United States of America,United States of America's Constitution of 1789 with Amendments through 1992 - Article V,"Article VI All Debts contracted and Engagements entered into, before the Adoption of this Constitution, shall be as valid against the United States under this Constitution, as under the Confederation. This Constitution, and the Laws of the United States which ...",https://www.constituteproject.org/service/html?cons_id=United_States_of_America_1992&lang=en
us_constitution_1787_article_i_0003,Constitution of the United States - Article I,6,0.37595043,world_constitution_united_states_of_america_1992_article_ii_0001,world_constitution_united_states_of_america_1992_article_ii,United States of America,United States of America's Constitution of 1789 with Amendments through 1992 - Article II,"from the five highest on the List the said House shall in like Manner chuse the President. But in chusing the President, the Votes shall be taken by States, the Representatives from each State having one Vote; a quorum for ...",https://www.constituteproject.org/service/html?cons_id=United_States_of_America_1992&lang=en
us_constitution_1787_article_i_0003,Constitution of the United States - Article I,7,0.35372352,world_constitution_united_states_of_america_1992_article_v_003_0010,world_constitution_united_states_of_america_1992_article_v_003,United States of America,United States of America's Constitution of 1789 with Amendments through 1992 - Article V,the legislatures of three-fourths of the several States within seven years from the date of its submission to the States by the Congress. Amendment XXIII Section 1 The District constituting the seat of Government of the United States shall appoint ...,https://www.constituteproject.org/service/html?cons_id=United_States_of_America_1992&lang=en
us_constitution_1787_article_i_0003,Constitution of the United States - Article I,8,0.34352065,world_constitution_united_states_of_america_1992_article_v_003_0005,world_constitution_united_states_of_america_1992_article_v_003,United States of America,United States of America's Constitution of 1789 with Amendments through 1992 - Article V,"make or enforce any law which shall abridge the privileges or immunities of citizens of the United States; nor shall any State deprive any person of life, liberty, or property, without due process of law; nor deny to any person ...",https://www.constituteproject.org/service/html?cons_id=United_States_of_America_1992&lang=en
us_constitution_1787_article_i_0003,Constitution of the United States - Article I,9,0.33954498,world_constitution_united_states_of_america_1992_article_i_002_0000,world_constitution_united_states_of_america_1992_article_i_002,United States of America,United States of America's Constitution of 1789 with Amendments through 1992 - Article I,"Article IV Section 1 Full Faith and Credit shall be given in each State to the public Acts, Records, and judicial Proceedings of every other State. And the Congress may by general Laws prescribe the Manner in which such Acts, ...",https://www.constituteproject.org/service/html?cons_id=United_States_of_America_1992&lang=en
us_constitution_1787_article_i_0003,Constitution of the United States - Article I,10,0.33825156,world_constitution_united_states_of_america_1992_article_v_003_0004,world_constitution_united_states_of_america_1992_article_v_003,United States of America,United States of America's Constitution of 1789 with Amendments through 1992 - Article V,"the votes shall be taken by states, the representation from each state having one vote; a quorum for this purpose shall consist of a member or members from two-thirds of the states, and a majority of all the states shall ...",https://www.constituteproject.org/service/html?cons_id=United_States_of_America_1992&lang=en
us_constitution_1787_article_i_0003,Constitution of the United States - Article I,11,0.3380764,world_constitution_united_states_of_america_1992_article_i_0001,world_constitution_united_states_of_america_1992_article_i,United States of America,United States of America's Constitution of 1789 with Amendments through 1992 - Article I,"Carolina five, South Carolina five, and Georgia three. When vacancies happen in the Representation from any State, the Executive Authority thereof shall issue Writs of Election to fill such Vacancies. The House of Representatives shall chuse their Speaker and other ...",https://www.constituteproject.org/service/html?cons_id=United_States_of_America_1992&lang=en
us_constitution_1787_article_i_0003,Constitution of the United States - Article I,12,0.33491035,world_constitution_micronesia_1990_article_i_011_0000,world_constitution_micronesia_1990_article_i_011,Micronesia (Federated States of),Micronesia (Federated States of)'s Constitution of 1978 with Amendments through 1990 - Article I,ARTICLE X. EXECUTIVE Section 1 The executive power of the national government is vested in the President of the Federated States of Micronesia. He is elected by Congress for a term of four years by a majority vote of all ...,https://www.constituteproject.org/service/html?cons_id=Micronesia_1990&lang=en
us_constitution_1787_article_i_0003,Constitution of the United States - Article I,13,0.33366565,world_constitution_united_states_of_america_1992_article_v_003_0006,world_constitution_united_states_of_america_1992_article_v_003,United States of America,United States of America's Constitution of 1789 with Amendments through 1992 - Article V,"same, or given aid or comfort to the enemies thereof. But Congress may by a vote of two-thirds of each House, remove such disability. Section 4 The validity of the public debt of the United States, authorized by law, including ...",https://www.constituteproject.org/service/html?cons_id=United_States_of_America_1992&lang=en
us_constitution_1787_article_i_0003,Constitution of the United States - Article I,14,0.32822231,world_constitution_united_states_of_america_1992_article_i_0002,world_constitution_united_states_of_america_1992_article_i,United States of America,United States of America's Constitution of 1789 with Amendments through 1992 - Article I,"in the Absence of the Vice President, or when he shall exercise the Office of President of the United States. The Senate shall have the sole Power to try all Impeachments. When sitting for that Purpose, they shall be on ...",https://www.constituteproject.org/service/html?cons_id=United_States_of_America_1992&lang=en
us_constitution_1787_article_i_0003,Constitution of the United States - Article I,15,0.32114109,world_constitution_united_states_of_america_1992_article_v_003_0003,world_constitution_united_states_of_america_1992_article_v_003,United States of America,United States of America's Constitution of 1789 with Amendments through 1992 - Article V,"States by the Constitution, nor prohibited by it to the States, are reserved to the States respectively, or to the people. Additional Amendments Amendment XI The Judicial power of the United States shall not be construed to extend to any ...",https://www.constituteproject.org/service/html?cons_id=United_States_of_America_1992&lang=en
us_constitution_1787_article_i_0003,Constitution of the United States - Article I,16,0.31642585,world_constitution_united_states_of_america_1992_article_i_0006,world_constitution_united_states_of_america_1992_article_i,United States of America,United States of America's Constitution of 1789 with Amendments through 1992 - Article I,"the Union, suppress Insurrections and repel Invasions; To provide for organizing, arming, and disciplining, the Militia, and for governing such Part of them as may be employed in the Service of the United States, reserving to the States respectively, the ...",https://www.constituteproject.org/service/html?cons_id=United_States_of_America_1992&lang=en
us_constitution_1787_article_i_0003,Constitution of the United States - Article I,17,0.31317221,world_constitution_united_states_of_america_1992_article_v_003_0007,world_constitution_united_states_of_america_1992_article_v_003,United States of America,United States of America's Constitution of 1789 with Amendments through 1992 - Article V,"Senate, the executive authority of such State shall issue writs of election to fill such vacancies: Provided, That the legislature of any State may empower the executive thereof to make temporary appointments until the people fill the vacancies by election ...",https://www.constituteproject.org/service/html?cons_id=United_States_of_America_1992&lang=en
us_constitution_1787_article_i_0003,Constitution of the United States - Article I,18,0.31103367,world_constitution_palau_1992_article_i_010_0001,world_constitution_palau_1992_article_i_010,Palau,Palau's Constitution of 1981 with Amendments through 1992 - Article I,"affecting Ambassadors, other Public Ministers and Consuls, admiralty and maritime cases, and those matters in which the national government or a state government is a party. In all other cases, the National Court shall have original and concurrent jurisdiction with ...",https://www.constituteproject.org/service/html?cons_id=Palau_1992&lang=en
us_constitution_1787_article_i_0003,Constitution of the United States - Article I,19,0.30941024,world_constitution_united_states_of_america_1992_article_v_003_0012,world_constitution_united_states_of_america_1992_article_v_003,United States of America,United States of America's Constitution of 1789 with Amendments through 1992 - Article V,"forty-eight hours for that purpose if not in session. If the Congress, within twenty-one days after receipt of the latter written declaration, or, if Congress is not in session, within twenty-one days after Congress is required to assemble, determines by ...",https://www.constituteproject.org/service/html?cons_id=United_States_of_America_1992&lang=en
us_constitution_1787_article_i_0003,Constitution of the United States - Article I,20,0.29756648,world_constitution_united_states_of_america_1992_article_v_003_0009,world_constitution_united_states_of_america_1992_article_v_003,United States of America,United States of America's Constitution of 1789 with Amendments through 1992 - Article V,be inoperative unless it shall have been ratified as an amendment to the Constitution by the legislatures of three-fourths of the several States within seven years from the date of its submission. Amendment XXI Section 1 The eighteenth article of ...,https://www.constituteproject.org/service/html?cons_id=United_States_of_America_1992&lang=en
us_constitution_1787_article_i_0003,Constitution of the United States - Article I,21,0.29443353,world_constitution_united_states_of_america_1992_article_ii_0000,world_constitution_united_states_of_america_1992_article_ii,United States of America,United States of America's Constitution of 1789 with Amendments through 1992 - Article II,"Article II Section 1 The executive Power shall be vested in a President of the United States of America. He shall hold his Office during the Term of four Years, and, together with the Vice President, chosen for the same ...",https://www.constituteproject.org/service/html?cons_id=United_States_of_America_1992&lang=en
us_constitution_1787_article_i_0003,Constitution of the United States - Article I,22,0.2919879,world_constitution_united_states_of_america_1992_article_i_0000,world_constitution_united_states_of_america_1992_article_i,United States of America,United States of America's Constitution of 1789 with Amendments through 1992 - Article I,"Article I Section 1 All legislative Powers herein granted shall be vested in a Congress of the United States, which shall consist of a Senate and House of Representatives. Section 2 The House of Representatives shall be composed of Members ...",https://www.constituteproject.org/service/html?cons_id=United_States_of_America_1992&lang=en
us_constitution_1787_article_i_0003,Constitution of the United States - Article I,23,0.29159876,world_constitution_japan_1946_article_80_0000,world_constitution_japan_1946_article_80,Japan,Japan's Constitution of 1946 - Article 80,Article 80 The judges of the inferior courts shall be appointed by the Cabinet from a list of persons nominated by the Supreme Court. All such judges shall hold office for a term of ten (10) years with privilege of ...,https://www.constituteproject.org/service/html?cons_id=Japan_1946&lang=en
us_constitution_1787_article_i_0003,Constitution of the United States - Article I,24,0.27971355,world_constitution_philippines_1987_article_v_002_0002,world_constitution_philippines_1987_article_v_002,Philippines,Philippines's Constitution of 1987 - Article V,"Sec 14 Appointments extended by an Acting President shall remain effective, unless revoked by the elected President within ninety days from his assumption or reassumption of office. Sec 15 Two months immediately before the next presidential elections and up the ...",https://www.constituteproject.org/service/html?cons_id=Philippines_1987&lang=en
us_constitution_1787_article_i_0003,Constitution of the United States - Article I,25,0.27361577,world_constitution_united_states_of_america_1992_article_v_003_0008,world_constitution_united_states_of_america_1992_article_v_003,United States of America,United States of America's Constitution of 1789 with Amendments through 1992 - Article V,"this article had not been ratified; and the terms of their successors shall then begin. Section 2 The Congress shall assemble at least once in every year, and such meeting shall begin at noon on the 3d day of January, ...",https://www.constituteproject.org/service/html?cons_id=United_States_of_America_1992&lang=en
us_constitution_1787_article_i_0003,Constitution of the United States - Article I,26,0.27201751,world_constitution_united_states_of_america_1992_article_i_0004,world_constitution_united_states_of_america_1992_article_i,United States of America,United States of America's Constitution of 1789 with Amendments through 1992 - Article I,"Bills. Every Bill which shall have passed the House of Representatives and the Senate, shall, before it become a Law, be presented to the President of the United States: If he approve he shall sign it, but if not he ...",https://www.constituteproject.org/service/html?cons_id=United_States_of_America_1992&lang=en
us_constitution_1787_article_i_0003,Constitution of the United States - Article I,27,0.26632166,world_constitution_tanzania_2005_article_32_0002,world_constitution_tanzania_2005_article_32,Tanzania (United Republic of),Tanzania (United Republic of)'s Constitution of 1977 with Amendments through 2005 - Article 32,"avoidance of doubt in the interpretation or application of the provisions of this Article, the provisions of legislation enacted by Parliament and of any other law, concerning the proclamation of a state of emergency as provided for in this Article ...",https://www.constituteproject.org/service/html?cons_id=Tanzania_2005&lang=en
us_constitution_1787_article_i_0003,Constitution of the United States - Article I,28,0.2653249,world_constitution_india_2016_preamble_0024,world_constitution_india_2016_preamble,India,India's Constitution of 1949 with Amendments through 2016 - Preamble,"The Attorney-General shall hold office during the pleasure of the President, and shall receive such remuneration as the President may determine. Conduct of Government Business 77. Conduct of business of the Government of India All executive action of the Government ...",https://www.constituteproject.org/service/html?cons_id=India_2016&lang=en
us_constitution_1787_article_i_0003,Constitution of the United States - Article I,29,0.26371192,world_constitution_spain_2011_preamble_0023,world_constitution_spain_2011_preamble,Spain,Spain's Constitution of 1978 with Amendments through 2011 - Preamble,"A state of alarm shall be proclaimed by the Government, by means of a decree agreed in Council of Ministers, for a maximum period of fifteen days. The Congress shall be informed and must meet immediately, and without its authorization ...",https://www.constituteproject.org/service/html?cons_id=Spain_2011&lang=en
us_constitution_1787_article_i_0003,Constitution of the United States - Article I,30,0.26327212,world_constitution_palau_1992_article_i_010_0000,world_constitution_palau_1992_article_i_010,Palau,Palau's Constitution of 1981 with Amendments through 1992 - Article I,"ARTICLE X. JUDICIARY Section 1 The judicial power of Palau shall be voted in a unified judiciary, consisting of a Supreme Court, a National Court, and such inferior courts of limited jurisdiction as may be established by law. All courts ...",https://www.constituteproject.org/service/html?cons_id=Palau_1992&lang=en
us_constitution_1787_article_i_0003,Constitution of the United States - Article I,31,0.26185763,world_constitution_malta_2016_preamble_0056,world_constitution_malta_2016_preamble,Malta,Malta's Constitution of 1964 with Amendments through 2016 - Preamble,"If the office of Chief Justice is vacant or if the Chief Justice is for any reason unable to perform the functions of his office, then, until a person has been appointed to and has assumed the functions of that ...",https://www.constituteproject.org/service/html?cons_id=Malta_2016&lang=en
us_constitution_1787_article_i_0003,Constitution of the United States - Article I,32,0.25698916,world_constitution_united_states_of_america_1992_article_i_0005,world_constitution_united_states_of_america_1992_article_i,United States of America,United States of America's Constitution of 1789 with Amendments through 1992 - Article I,"House of Representatives, according to the Rules and Limitations prescribed in the Case of a Bill. Section 8 The Congress shall have Power To lay and collect Taxes, Duties, Imposts and Excises, to pay the Debts and provide for the ...",https://www.constituteproject.org/service/html?cons_id=United_States_of_America_1992&lang=en
us_constitution_1787_article_i_0003,Constitution of the United States - Article I,33,0.25361673,world_constitution_micronesia_1990_article_i_012_0000,world_constitution_micronesia_1990_article_i_012,Micronesia (Federated States of),Micronesia (Federated States of)'s Constitution of 1978 with Amendments through 1990 - Article I,ARTICLE XI. JUDICIAL Section 1 The judicial power of the national government is vested in a Supreme Court and inferior courts established by statute. Section 2 The Supreme Court is a court of record and the highest court in the ...,https://www.constituteproject.org/service/html?cons_id=Micronesia_1990&lang=en
us_constitution_1787_article_i_0003,Constitution of the United States - Article I,34,0.25101351,world_constitution_spain_2011_preamble_0024,world_constitution_spain_2011_preamble,Spain,Spain's Constitution of 1978 with Amendments through 2011 - Preamble,"The principle of jurisdictional unity is the basis of the organization and operation of the courts. The law shall make provision for the exercise of military jurisdiction strictly within military framework and in cases of state of siege (martial law), ...",https://www.constituteproject.org/service/html?cons_id=Spain_2011&lang=en
us_constitution_1787_article_i_0003,Constitution of the United States - Article I,35,0.24900323,world_constitution_marshall_islands_1995_article_i_008_0000,world_constitution_marshall_islands_1995_article_i_008,Marshall Islands,Marshall Islands's Constitution of 1979 with Amendments through 1995 - Article I,"ARTICLE VI. THE JUDICIARY Section 1. The Judicial Power The judicial power of the Republic of the Marshall Islands shall be independent of the legislative and executive powers and shall be vested in a Supreme Court, a High Court, a ...",https://www.constituteproject.org/service/html?cons_id=Marshall_Islands_1995&lang=en
us_constitution_1787_article_i_0003,Constitution of the United States - Article I,36,0.2454222,world_constitution_micronesia_1990_article_i_010_0001,world_constitution_micronesia_1990_article_i_010,Micronesia (Federated States of),Micronesia (Federated States of)'s Constitution of 1978 with Amendments through 1990 - Article I,"public credit; to establish systems of social security and public welfare. Section 4 A treaty is ratified by vote of 2/3 of the members of Congress, except that a treaty delegating major powers of government of the Federated States of ...",https://www.constituteproject.org/service/html?cons_id=Micronesia_1990&lang=en
us_constitution_1787_article_i_0003,Constitution of the United States - Article I,37,0.24427155,world_constitution_united_states_of_america_1992_article_v_0000,world_constitution_united_states_of_america_1992_article_v,United States of America,United States of America's Constitution of 1789 with Amendments through 1992 - Article V,"Article V The Congress, whenever two thirds of both Houses shall deem it necessary, shall propose Amendments to this Constitution, or, on the Application of the Legislatures of two thirds of the several States, shall call a Convention for proposing ...",https://www.constituteproject.org/service/html?cons_id=United_States_of_America_1992&lang=en
us_constitution_1787_article_i_0003,Constitution of the United States - Article I,38,0.24327371,world_constitution_malawi_2017_preamble_0029,world_constitution_malawi_2017_preamble,Malawi,Malawi's Constitution of 1994 with Amendments through 2017 - Preamble,The President and members of the Cabinet shall not use their respective offices for personal gain or place themselves in a situation where their materials interest conflict with the responsibilities and duties of their offices. 89. Powers and duties of ...,https://www.constituteproject.org/service/html?cons_id=Malawi_2017&lang=en
us_constitution_1787_article_i_0003,Constitution of the United States - Article I,39,0.24299117,world_constitution_micronesia_1990_article_i_010_0003,world_constitution_micronesia_1990_article_i_010,Micronesia (Federated States of),Micronesia (Federated States of)'s Constitution of 1978 with Amendments through 1990 - Article I,"another public office or employment. During the term for which he is elected and 3 years thereafter, a member may not be elected or appointed to a public office or employment created by national statute during his term. A member ...",https://www.constituteproject.org/service/html?cons_id=Micronesia_1990&lang=en
us_constitution_1787_article_i_0003,Constitution of the United States - Article I,40,0.24205756,world_constitution_malaysia_2007_article_45_0000,world_constitution_malaysia_2007_article_45,Malaysia,Malaysia's Constitution of 1957 with Amendments through 2007 - Article 45,Article 45 provision is made by Parliament for the election of Senators by the direct vote of electors- the whole of a State shall form a single constituency and each elector shall have as many votes at any election to ...,https://www.constituteproject.org/service/html?cons_id=Malaysia_2007&lang=en
us_constitution_1787_article_i_0003,Constitution of the United States - Article I,41,0.23900507,world_constitution_malawi_2017_preamble_0030,world_constitution_malawi_2017_preamble,Malawi,Malawi's Constitution of 1994 with Amendments through 2017 - Preamble,91. Immunity No person holding the office of President or performing the functions of President may be sued in any civil proceedings but the office of President shall not be immune to orders of the courts concerning rights and duties ...,https://www.constituteproject.org/service/html?cons_id=Malawi_2017&lang=en
us_constitution_1787_article_i_0003,Constitution of the United States - Article I,42,0.2380269,world_constitution_tonga_2013_preamble_0022,world_constitution_tonga_2013_preamble,Tonga,Tonga's Constitution of 1875 with Amendments through 2013 - Preamble,"The King in Privy Council, after receiving advice from the Judicial Appointments and Discipline Panel, shall determine the terms of appointment of the Lord President and Judges of the Land Court and may dismiss them. 87. Judges to hold office ...",https://www.constituteproject.org/service/html?cons_id=Tonga_2013&lang=en
us_constitution_1787_article_i_0003,Constitution of the United States - Article I,43,0.23638758,world_constitution_ghana_1996_preamble_0056,world_constitution_ghana_1996_preamble,Ghana,Ghana's Constitution of 1992 with Amendments through 1996 - Preamble,"Citizens may exercise popular participation in the administration of justice through the institutions of public and customary tribunals and the jury and assessor systems. The judicial power of Ghana shall be vested in the Judiciary, accordingly, neither the President nor ...",https://www.constituteproject.org/service/html?cons_id=Ghana_1996&lang=en
us_constitution_1787_article_i_0003,Constitution of the United States - Article I,44,0.236067,world_constitution_gambia_2018_preamble_0044,world_constitution_gambia_2018_preamble,Gambia (The),Gambia (The)'s Constitution of 1996 with Amendments through 2018 - Preamble,An answer by a person to a question put by the National Assembly shall not be admissible evidence against him or her in any civil or criminal proceedings outside the National Assembly other than proceedings for perjury brought under the ...,https://www.constituteproject.org/service/html?cons_id=Gambia_2018&lang=en
us_constitution_1787_article_i_0003,Constitution of the United States - Article I,45,0.23552373,world_constitution_tanzania_2005_article_38_0002,world_constitution_tanzania_2005_article_38,Tanzania (United Republic of),Tanzania (United Republic of)'s Constitution of 1977 with Amendments through 2005 - Article 38,"such extension shall exceed a period of six months at any one time. Every President-elect and every person acting in the office of President shall, before assuming the functions of the office of President, take and subscribe, in the presence ...",https://www.constituteproject.org/service/html?cons_id=Tanzania_2005&lang=en
us_constitution_1787_article_i_0003,Constitution of the United States - Article I,46,0.23431029,world_constitution_mexico_2015_article_17_0000,world_constitution_mexico_2015_article_17,Mexico,Mexico's Constitution of 1917 with Amendments through 2015 - Article 17,"Article 17 Nobody can take justice into their own hands, nor have resort to violence to enforce his rights. All people have the right to enjoy justice before the courts and under the terms and conditions set forth by the ...",https://www.constituteproject.org/service/html?cons_id=Mexico_2015&lang=en
us_constitution_1787_article_i_0003,Constitution of the United States - Article I,47,0.23408677,world_constitution_nigeria_2011_preamble_0002,world_constitution_nigeria_2011_preamble,Nigeria,Nigeria's Constitution of 1999 with Amendments through 2011 - Preamble,"Save as otherwise provided by this Constitution, the exercise of legislative powers by the National Assembly or by a House of Assembly shall be subject to the jurisdiction of courts of law and of judicial tribunals established by law, and ...",https://www.constituteproject.org/service/html?cons_id=Nigeria_2011&lang=en
us_constitution_1787_article_i_0003,Constitution of the United States - Article I,48,0.23237096,world_constitution_eritrea_1997_article_48_0000,world_constitution_eritrea_1997_article_48,Eritrea,Eritrea's Constitution of 1997 - Article 48,Article 48. The Judiciary The judicial power shall be vested in a Supreme Court and in such other lower courts as shall be established by law and shall be exercised in the name of the people pursuant to this Constitution ...,https://www.constituteproject.org/service/html?cons_id=Eritrea_1997&lang=en
us_constitution_1787_article_i_0003,Constitution of the United States - Article I,49,0.23209503,world_constitution_sierra_leone_2013_preamble_0036,world_constitution_sierra_leone_2013_preamble,Sierra Leone,"Sierra Leone's Constitution of 1991, Reinstated in 1996, with Amendments through 2013 - Preamble","Subject to the provisions of section 53 of this Constitution, the Ministers and Deputy Ministers shall hold office at the President’s discretion. Subject to the provisions of subsection (6), the Vice-President and the other Ministers under the direction of the ...",https://www.constituteproject.org/service/html?cons_id=Sierra_Leone_2013&lang=en
us_constitution_1787_article_i_0003,Constitution of the United States - Article I,50,0.23175923,world_constitution_tanzania_2005_article_4_0000,world_constitution_tanzania_2005_article_4,Tanzania (United Republic of),Tanzania (United Republic of)'s Constitution of 1977 with Amendments through 2005 - Article 4,"Article 4 of this Constitution Act No. 12 shall be duty bound, each of them in the exercise of the powers conferred on him by this Constitution or the Constitution of Zanzibar 1984, to ensure that he protects, strengthens and ...",https://www.constituteproject.org/service/html?cons_id=Tanzania_2005&lang=en
us_constitution_1787_article_i_0004,Constitution of the United States - Article I,1,0.93094804,world_constitution_united_states_of_america_1992_article_iii_0000,world_constitution_united_states_of_america_1992_article_iii,United States of America,United States of America's Constitution of 1789 with Amendments through 1992 - Article III,"Article III Section 1 The judicial Power of the United States, shall be vested in one supreme Court, and in such inferior Courts as the Congress may from time to time ordain and establish. The Judges, both of the supreme ...",https://www.constituteproject.org/service/html?cons_id=United_States_of_America_1992&lang=en
us_constitution_1787_article_i_0004,Constitution of the United States - Article I,2,0.48242156,world_constitution_united_states_of_america_1992_article_i_002_0000,world_constitution_united_states_of_america_1992_article_i_002,United States of America,United States of America's Constitution of 1789 with Amendments through 1992 - Article I,"Article IV Section 1 Full Faith and Credit shall be given in each State to the public Acts, Records, and judicial Proceedings of every other State. And the Congress may by general Laws prescribe the Manner in which such Acts, ...",https://www.constituteproject.org/service/html?cons_id=United_States_of_America_1992&lang=en
us_constitution_1787_article_i_0004,Constitution of the United States - Article I,3,0.42671626,world_constitution_united_states_of_america_1992_article_v_003_0005,world_constitution_united_states_of_america_1992_article_v_003,United States of America,United States of America's Constitution of 1789 with Amendments through 1992 - Article V,"make or enforce any law which shall abridge the privileges or immunities of citizens of the United States; nor shall any State deprive any person of life, liberty, or property, without due process of law; nor deny to any person ...",https://www.constituteproject.org/service/html?cons_id=United_States_of_America_1992&lang=en
us_constitution_1787_article_i_0004,Constitution of the United States - Article I,4,0.4051657,world_constitution_united_states_of_america_1992_article_ii_0002,world_constitution_united_states_of_america_1992_article_ii,United States of America,United States of America's Constitution of 1789 with Amendments through 1992 - Article II,"Officer shall act accordingly, until the Disability be removed, or a President shall be elected. The President shall, at stated Times, receive for his Services, a Compensation, which shall neither be encreased nor diminished during the Period for which he ...",https://www.constituteproject.org/service/html?cons_id=United_States_of_America_1992&lang=en
us_constitution_1787_article_i_0004,Constitution of the United States - Article I,5,0.39774869,world_constitution_united_states_of_america_1992_article_v_002_0000,world_constitution_united_states_of_america_1992_article_v_002,United States of America,United States of America's Constitution of 1789 with Amendments through 1992 - Article V,"Article VI All Debts contracted and Engagements entered into, before the Adoption of this Constitution, shall be as valid against the United States under this Constitution, as under the Confederation. This Constitution, and the Laws of the United States which ...",https://www.constituteproject.org/service/html?cons_id=United_States_of_America_1992&lang=en
us_constitution_1787_article_i_0004,Constitution of the United States - Article I,6,0.38090406,world_constitution_united_states_of_america_1992_article_v_003_0004,world_constitution_united_states_of_america_1992_article_v_003,United States of America,United States of America's Constitution of 1789 with Amendments through 1992 - Article V,"the votes shall be taken by states, the representation from each state having one vote; a quorum for this purpose shall consist of a member or members from two-thirds of the states, and a majority of all the states shall ...",https://www.constituteproject.org/service/html?cons_id=United_States_of_America_1992&lang=en
us_constitution_1787_article_i_0004,Constitution of the United States - Article I,7,0.36761728,world_constitution_argentina_1994_article_116_0000,world_constitution_argentina_1994_article_116,Argentina,"Argentina's Constitution of 1853, Reinstated in 1983, with Amendments through 1994 - Article 116","Article 116 The Supreme Court of Justice and the lower courts of the Nation have jurisdiction over and decide all cases that deal with matters governed by the Constitution and the laws of the Nation, except as provided in clause ...",https://www.constituteproject.org/service/html?cons_id=Argentina_1994&lang=en
us_constitution_1787_article_i_0004,Constitution of the United States - Article I,8,0.36715555,world_constitution_united_states_of_america_1992_article_v_003_0006,world_constitution_united_states_of_america_1992_article_v_003,United States of America,United States of America's Constitution of 1789 with Amendments through 1992 - Article V,"same, or given aid or comfort to the enemies thereof. But Congress may by a vote of two-thirds of each House, remove such disability. Section 4 The validity of the public debt of the United States, authorized by law, including ...",https://www.constituteproject.org/service/html?cons_id=United_States_of_America_1992&lang=en
us_constitution_1787_article_i_0004,Constitution of the United States - Article I,9,0.35283528,world_constitution_united_states_of_america_1992_article_v_003_0003,world_constitution_united_states_of_america_1992_article_v_003,United States of America,United States of America's Constitution of 1789 with Amendments through 1992 - Article V,"States by the Constitution, nor prohibited by it to the States, are reserved to the States respectively, or to the people. Additional Amendments Amendment XI The Judicial power of the United States shall not be construed to extend to any ...",https://www.constituteproject.org/service/html?cons_id=United_States_of_America_1992&lang=en
us_constitution_1787_article_i_0004,Constitution of the United States - Article I,10,0.34552173,world_constitution_united_states_of_america_1992_article_ii_0003,world_constitution_united_states_of_america_1992_article_ii,United States of America,United States of America's Constitution of 1789 with Amendments through 1992 - Article II,"by Law: but the Congress may by Law vest the Appointment of such inferior Officers, as they think proper, in the President alone, in the Courts of Law, or in the Heads of Departments. The President shall have Power to ...",https://www.constituteproject.org/service/html?cons_id=United_States_of_America_1992&lang=en
us_constitution_1787_article_i_0004,Constitution of the United States - Article I,11,0.32584444,world_constitution_united_states_of_america_1992_article_i_0002,world_constitution_united_states_of_america_1992_article_i,United States of America,United States of America's Constitution of 1789 with Amendments through 1992 - Article I,"in the Absence of the Vice President, or when he shall exercise the Office of President of the United States. The Senate shall have the sole Power to try all Impeachments. When sitting for that Purpose, they shall be on ...",https://www.constituteproject.org/service/html?cons_id=United_States_of_America_1992&lang=en
us_constitution_1787_article_i_0004,Constitution of the United States - Article I,12,0.3194397,world_constitution_palau_1992_article_i_010_0001,world_constitution_palau_1992_article_i_010,Palau,Palau's Constitution of 1981 with Amendments through 1992 - Article I,"affecting Ambassadors, other Public Ministers and Consuls, admiralty and maritime cases, and those matters in which the national government or a state government is a party. In all other cases, the National Court shall have original and concurrent jurisdiction with ...",https://www.constituteproject.org/service/html?cons_id=Palau_1992&lang=en
us_constitution_1787_article_i_0004,Constitution of the United States - Article I,13,0.3185712,world_constitution_united_states_of_america_1992_article_i_0006,world_constitution_united_states_of_america_1992_article_i,United States of America,United States of America's Constitution of 1789 with Amendments through 1992 - Article I,"the Union, suppress Insurrections and repel Invasions; To provide for organizing, arming, and disciplining, the Militia, and for governing such Part of them as may be employed in the Service of the United States, reserving to the States respectively, the ...",https://www.constituteproject.org/service/html?cons_id=United_States_of_America_1992&lang=en
us_constitution_1787_article_i_0004,Constitution of the United States - Article I,14,0.31811001,world_constitution_united_states_of_america_1992_article_i_0003,world_constitution_united_states_of_america_1992_article_i,United States of America,United States of America's Constitution of 1789 with Amendments through 1992 - Article I,"disorderly Behaviour, and, with the Concurrence of two thirds, expel a Member. Each House shall keep a Journal of its Proceedings, and from time to time publish the same, excepting such Parts as may in their Judgment require Secrecy; and ...",https://www.constituteproject.org/service/html?cons_id=United_States_of_America_1992&lang=en
us_constitution_1787_article_i_0004,Constitution of the United States - Article I,15,0.31503966,world_constitution_micronesia_1990_article_i_012_0001,world_constitution_micronesia_1990_article_i_012,Micronesia (Federated States of),Micronesia (Federated States of)'s Constitution of 1978 with Amendments through 1990 - Article I,"in cases in which the national government is a party except where an interest in land is at issue. The national courts, including the trial division of the Supreme Court, have concurrent original jurisdiction in cases arising under this Constitution; ...",https://www.constituteproject.org/service/html?cons_id=Micronesia_1990&lang=en
us_constitution_1787_article_i_0004,Constitution of the United States - Article I,16,0.30996587,world_constitution_australia_1985_preamble_0018,world_constitution_australia_1985_preamble,Australia,Australia's Constitution of 1901 with Amendments through 1985 - Preamble,and the judgment of the High Court in all such cases shall be final and conclusive. But no exception or regulation prescribed by the Parliament shall prevent the High Court from hearing and determining any appeal from the Supreme Court ...,https://www.constituteproject.org/service/html?cons_id=Australia_1985&lang=en
us_constitution_1787_article_i_0004,Constitution of the United States - Article I,17,0.30545747,world_constitution_united_states_of_america_1992_article_v_003_0007,world_constitution_united_states_of_america_1992_article_v_003,United States of America,United States of America's Constitution of 1789 with Amendments through 1992 - Article V,"Senate, the executive authority of such State shall issue writs of election to fill such vacancies: Provided, That the legislature of any State may empower the executive thereof to make temporary appointments until the people fill the vacancies by election ...",https://www.constituteproject.org/service/html?cons_id=United_States_of_America_1992&lang=en
us_constitution_1787_article_i_0004,Constitution of the United States - Article I,18,0.29804646,world_constitution_united_states_of_america_1992_article_ii_0001,world_constitution_united_states_of_america_1992_article_ii,United States of America,United States of America's Constitution of 1789 with Amendments through 1992 - Article II,"from the five highest on the List the said House shall in like Manner chuse the President. But in chusing the President, the Votes shall be taken by States, the Representatives from each State having one Vote; a quorum for ...",https://www.constituteproject.org/service/html?cons_id=United_States_of_America_1992&lang=en
us_constitution_1787_article_i_0004,Constitution of the United States - Article I,19,0.29590376,world_constitution_united_states_of_america_1992_article_v_003_0002,world_constitution_united_states_of_america_1992_article_v_003,United States of America,United States of America's Constitution of 1789 with Amendments through 1992 - Article V,"or indictment of a Grand Jury, except in cases arising in the land or naval forces, or in the Militia, when in actual service in time of War or public danger; nor shall any person be subject for the same ...",https://www.constituteproject.org/service/html?cons_id=United_States_of_America_1992&lang=en
us_constitution_1787_article_i_0004,Constitution of the United States - Article I,20,0.29241468,world_constitution_united_states_of_america_1992_article_ii_0000,world_constitution_united_states_of_america_1992_article_ii,United States of America,United States of America's Constitution of 1789 with Amendments through 1992 - Article II,"Article II Section 1 The executive Power shall be vested in a President of the United States of America. He shall hold his Office during the Term of four Years, and, together with the Vice President, chosen for the same ...",https://www.constituteproject.org/service/html?cons_id=United_States_of_America_1992&lang=en
us_constitution_1787_article_i_0004,Constitution of the United States - Article I,21,0.28831201,world_constitution_united_states_of_america_1992_article_v_003_0010,world_constitution_united_states_of_america_1992_article_v_003,United States of America,United States of America's Constitution of 1789 with Amendments through 1992 - Article V,the legislatures of three-fourths of the several States within seven years from the date of its submission to the States by the Congress. Amendment XXIII Section 1 The District constituting the seat of Government of the United States shall appoint ...,https://www.constituteproject.org/service/html?cons_id=United_States_of_America_1992&lang=en
us_constitution_1787_article_i_0004,Constitution of the United States - Article I,22,0.28539816,world_constitution_south_sudan_2013_article_85_0001,world_constitution_south_sudan_2013_article_85,South Sudan,South Sudan's Constitution of 2011 with Amendments through 2013 - Article 85,and approve appointments as required by this Constitution or the law; cast a vote of no confidence against any Minister. enact legislation to regulate the conditions and terms of service of the Judiciary and its oversight mechanisms; and perform any ...,https://www.constituteproject.org/service/html?cons_id=South_Sudan_2013&lang=en
us_constitution_1787_article_i_0004,Constitution of the United States - Article I,23,0.28133025,world_constitution_palau_1992_article_i_010_0000,world_constitution_palau_1992_article_i_010,Palau,Palau's Constitution of 1981 with Amendments through 1992 - Article I,"ARTICLE X. JUDICIARY Section 1 The judicial power of Palau shall be voted in a unified judiciary, consisting of a Supreme Court, a National Court, and such inferior courts of limited jurisdiction as may be established by law. All courts ...",https://www.constituteproject.org/service/html?cons_id=Palau_1992&lang=en
us_constitution_1787_article_i_0004,Constitution of the United States - Article I,24,0.28100506,world_constitution_united_states_of_america_1992_article_v_003_0009,world_constitution_united_states_of_america_1992_article_v_003,United States of America,United States of America's Constitution of 1789 with Amendments through 1992 - Article V,be inoperative unless it shall have been ratified as an amendment to the Constitution by the legislatures of three-fourths of the several States within seven years from the date of its submission. Amendment XXI Section 1 The eighteenth article of ...,https://www.constituteproject.org/service/html?cons_id=United_States_of_America_1992&lang=en
us_constitution_1787_article_i_0004,Constitution of the United States - Article I,25,0.2807876,world_constitution_india_2016_preamble_0045,world_constitution_india_2016_preamble,India,India's Constitution of 1949 with Amendments through 2016 - Preamble,The Supreme Court shall be a court of record and shall have all the powers of such a court including the power to punish for contempt of itself. 130. Seat of Supreme Court The Supreme Court shall sit in Delhi ...,https://www.constituteproject.org/service/html?cons_id=India_2016&lang=en
us_constitution_1787_article_i_0004,Constitution of the United States - Article I,26,0.28041037,world_constitution_united_states_of_america_1992_article_i_0000,world_constitution_united_states_of_america_1992_article_i,United States of America,United States of America's Constitution of 1789 with Amendments through 1992 - Article I,"Article I Section 1 All legislative Powers herein granted shall be vested in a Congress of the United States, which shall consist of a Senate and House of Representatives. Section 2 The House of Representatives shall be composed of Members ...",https://www.constituteproject.org/service/html?cons_id=United_States_of_America_1992&lang=en
us_constitution_1787_article_i_0004,Constitution of the United States - Article I,27,0.27986443,world_constitution_liberia_1986_article_66_0000,world_constitution_liberia_1986_article_66,Liberia,Liberia's Constitution of 1986 - Article 66,"Article 66 The Supreme Court shall be final arbiter of constitutional issues and shall exercise final appellate jurisdiction in all cases whether emanating from courts of record, courts not of record, administrative agencies, autonomous agencies or any other authority, both ...",https://www.constituteproject.org/service/html?cons_id=Liberia_1986&lang=en
us_constitution_1787_article_i_0004,Constitution of the United States - Article I,28,0.27908741,world_constitution_micronesia_1990_article_i_010_0001,world_constitution_micronesia_1990_article_i_010,Micronesia (Federated States of),Micronesia (Federated States of)'s Constitution of 1978 with Amendments through 1990 - Article I,"public credit; to establish systems of social security and public welfare. Section 4 A treaty is ratified by vote of 2/3 of the members of Congress, except that a treaty delegating major powers of government of the Federated States of ...",https://www.constituteproject.org/service/html?cons_id=Micronesia_1990&lang=en
us_constitution_1787_article_i_0004,Constitution of the United States - Article I,29,0.2647598,world_constitution_united_states_of_america_1992_article_v_003_0012,world_constitution_united_states_of_america_1992_article_v_003,United States of America,United States of America's Constitution of 1789 with Amendments through 1992 - Article V,"forty-eight hours for that purpose if not in session. If the Congress, within twenty-one days after receipt of the latter written declaration, or, if Congress is not in session, within twenty-one days after Congress is required to assemble, determines by ...",https://www.constituteproject.org/service/html?cons_id=United_States_of_America_1992&lang=en
us_constitution_1787_article_i_0004,Constitution of the United States - Article I,30,0.2582837,world_constitution_micronesia_1990_article_i_012_0000,world_constitution_micronesia_1990_article_i_012,Micronesia (Federated States of),Micronesia (Federated States of)'s Constitution of 1978 with Amendments through 1990 - Article I,ARTICLE XI. JUDICIAL Section 1 The judicial power of the national government is vested in a Supreme Court and inferior courts established by statute. Section 2 The Supreme Court is a court of record and the highest court in the ...,https://www.constituteproject.org/service/html?cons_id=Micronesia_1990&lang=en
us_constitution_1787_article_i_0004,Constitution of the United States - Article I,31,0.25698289,world_constitution_mexico_2015_article_121_0000,world_constitution_mexico_2015_article_121,Mexico,Mexico's Constitution of 1917 with Amendments through 2015 - Article 121,"Article 121 Each state of the Federation shall give full faith and credit to the public acts, registrations and judicial proceedings made by the other states. The Congress of the Union, through general laws, shall establish the way for proving ...",https://www.constituteproject.org/service/html?cons_id=Mexico_2015&lang=en
us_constitution_1787_article_i_0004,Constitution of the United States - Article I,32,0.25534263,world_constitution_angola_2010_article_204_0000,world_constitution_angola_2010_article_204,Angola,Angola's Constitution of 2010 - Article 204,"Article 204. (State of constitutional need) Within the context of preserving national security and maintaining public order, the President of the Republic may declare, according to the demands of particular situations, constitutional states of need, under the terms of the ...",https://www.constituteproject.org/service/html?cons_id=Angola_2010&lang=en
us_constitution_1787_article_i_0004,Constitution of the United States - Article I,33,0.25089463,world_constitution_united_states_of_america_1992_article_i_0001,world_constitution_united_states_of_america_1992_article_i,United States of America,United States of America's Constitution of 1789 with Amendments through 1992 - Article I,"Carolina five, South Carolina five, and Georgia three. When vacancies happen in the Representation from any State, the Executive Authority thereof shall issue Writs of Election to fill such Vacancies. The House of Representatives shall chuse their Speaker and other ...",https://www.constituteproject.org/service/html?cons_id=United_States_of_America_1992&lang=en
us_constitution_1787_article_i_0004,Constitution of the United States - Article I,34,0.24814762,world_constitution_spain_2011_preamble_0023,world_constitution_spain_2011_preamble,Spain,Spain's Constitution of 1978 with Amendments through 2011 - Preamble,"A state of alarm shall be proclaimed by the Government, by means of a decree agreed in Council of Ministers, for a maximum period of fifteen days. The Congress shall be informed and must meet immediately, and without its authorization ...",https://www.constituteproject.org/service/html?cons_id=Spain_2011&lang=en
us_constitution_1787_article_i_0004,Constitution of the United States - Article I,35,0.24760749,world_constitution_united_states_of_america_1992_article_i_0007,world_constitution_united_states_of_america_1992_article_i,United States of America,United States of America's Constitution of 1789 with Amendments through 1992 - Article I,in Proportion to the Census or enumeration herein before directed to be taken. No Tax or Duty shall be laid on Articles exported from any State. No Preference shall be given by any Regulation of Commerce or Revenue to the ...,https://www.constituteproject.org/service/html?cons_id=United_States_of_America_1992&lang=en
us_constitution_1787_article_i_0004,Constitution of the United States - Article I,36,0.24538451,world_constitution_united_states_of_america_1992_article_i_0005,world_constitution_united_states_of_america_1992_article_i,United States of America,United States of America's Constitution of 1789 with Amendments through 1992 - Article I,"House of Representatives, according to the Rules and Limitations prescribed in the Case of a Bill. Section 8 The Congress shall have Power To lay and collect Taxes, Duties, Imposts and Excises, to pay the Debts and provide for the ...",https://www.constituteproject.org/service/html?cons_id=United_States_of_America_1992&lang=en
us_constitution_1787_article_i_0004,Constitution of the United States - Article I,37,0.24500896,world_constitution_australia_1985_preamble_0027,world_constitution_australia_1985_preamble,Australia,Australia's Constitution of 1901 with Amendments through 1985 - Preamble,"Full faith and credit shall be given, throughout the Commonwealth to the laws, the public Acts and records, and the judicial proceedings of every State. 119. Protection of States from invasion and violence The Commonwealth shall protect every State against ...",https://www.constituteproject.org/service/html?cons_id=Australia_1985&lang=en
us_constitution_1787_article_i_0004,Constitution of the United States - Article I,38,0.24422106,world_constitution_dominican_republic_2015_article_266_0000,world_constitution_dominican_republic_2015_article_266,Dominican Republic,Dominican Republic's Constitution of 2015 - Article 266,"Article 266. Regulatory provisions The states of exception shall be subject to the following provisions: The President shall obtain the authorization of Congress to declare the appropriate state of exception. If the Congress is not meeting, the President may declare ...",https://www.constituteproject.org/service/html?cons_id=Dominican_Republic_2015&lang=en
us_constitution_1787_article_i_0004,Constitution of the United States - Article I,39,0.24271776,world_constitution_micronesia_1990_article_i_011_0000,world_constitution_micronesia_1990_article_i_011,Micronesia (Federated States of),Micronesia (Federated States of)'s Constitution of 1978 with Amendments through 1990 - Article I,ARTICLE X. EXECUTIVE Section 1 The executive power of the national government is vested in the President of the Federated States of Micronesia. He is elected by Congress for a term of four years by a majority vote of all ...,https://www.constituteproject.org/service/html?cons_id=Micronesia_1990&lang=en
us_constitution_1787_article_i_0004,Constitution of the United States - Article I,40,0.24233965,world_constitution_united_states_of_america_1992_article_i_0004,world_constitution_united_states_of_america_1992_article_i,United States of America,United States of America's Constitution of 1789 with Amendments through 1992 - Article I,"Bills. Every Bill which shall have passed the House of Representatives and the Senate, shall, before it become a Law, be presented to the President of the United States: If he approve he shall sign it, but if not he ...",https://www.constituteproject.org/service/html?cons_id=United_States_of_America_1992&lang=en
us_constitution_1787_article_i_0004,Constitution of the United States - Article I,41,0.24026612,world_constitution_united_states_of_america_1992_article_v_003_0001,world_constitution_united_states_of_america_1992_article_v_003,United States of America,United States of America's Constitution of 1789 with Amendments through 1992 - Article V,"concurring, that the following Articles be proposed to the Legislatures of the several States, as Amendments to the Constitution of the United States, all or any of which Articles, when ratified by three fourths of the said Legislatures, to be ...",https://www.constituteproject.org/service/html?cons_id=United_States_of_America_1992&lang=en
us_constitution_1787_article_i_0004,Constitution of the United States - Article I,42,0.23552393,world_constitution_india_2016_preamble_0113,world_constitution_india_2016_preamble,India,India's Constitution of 1949 with Amendments through 2016 - Preamble,"The Government of India may by agreement with the Government of any territory not being part of the territory of India undertake any executive, legislative or judicial functions vested in the Government of such territory, but every such agreement shall ...",https://www.constituteproject.org/service/html?cons_id=India_2016&lang=en
us_constitution_1787_article_i_0004,Constitution of the United States - Article I,43,0.23166881,world_constitution_malaysia_2007_article_10_003_0001,world_constitution_malaysia_2007_article_10_003,Malaysia,Malaysia's Constitution of 1957 with Amendments through 2007 - Article 10,Article is exercisable subject to any conditions or restrictions imposed with respect to any particular matter by this Constitution. Where general as well as specific expressions are used in describing any of the matter enumerated in the Lists set out ...,https://www.constituteproject.org/service/html?cons_id=Malaysia_2007&lang=en
us_constitution_1787_article_i_0004,Constitution of the United States - Article I,44,0.23159693,world_constitution_united_states_of_america_1992_article_v_0000,world_constitution_united_states_of_america_1992_article_v,United States of America,United States of America's Constitution of 1789 with Amendments through 1992 - Article V,"Article V The Congress, whenever two thirds of both Houses shall deem it necessary, shall propose Amendments to this Constitution, or, on the Application of the Legislatures of two thirds of the several States, shall call a Convention for proposing ...",https://www.constituteproject.org/service/html?cons_id=United_States_of_America_1992&lang=en
us_constitution_1787_article_i_0004,Constitution of the United States - Article I,45,0.23053362,world_constitution_malaysia_2007_article_103_0001,world_constitution_malaysia_2007_article_103,Malaysia,Malaysia's Constitution of 1957 with Amendments through 2007 - Article 103,"under federal law, such proportion as may be so prescribed of the export duty on minerals (other than tin) produced in the State. In this Article “minerals” means mineral ores, mental and mineral oils. Without prejudice to the power to ...",https://www.constituteproject.org/service/html?cons_id=Malaysia_2007&lang=en
us_constitution_1787_article_i_0004,Constitution of the United States - Article I,46,0.22951416,world_constitution_colombia_2015_article_214_0000,world_constitution_colombia_2015_article_214,Colombia,Colombia's Constitution of 1991 with Amendments through 2015 - Article 214,Article 214 The states of exception referred to in the previous articles shall be subject to the following provisions: The legislative decrees shall have the signature of the President of the Republic and all his/her ministers and may refer only ...,https://www.constituteproject.org/service/html?cons_id=Colombia_2015&lang=en
us_constitution_1787_article_i_0004,Constitution of the United States - Article I,47,0.22908415,world_constitution_india_2016_preamble_0110,world_constitution_india_2016_preamble,India,India's Constitution of 1949 with Amendments through 2016 - Preamble,If it appears to the Legislatures of two or more States to be desirable that any of the matters with respect to which Parliament has no power to make laws for the States except as provided in articles 249 and ...,https://www.constituteproject.org/service/html?cons_id=India_2016&lang=en
us_constitution_1787_article_i_0004,Constitution of the United States - Article I,48,0.22785944,world_constitution_tonga_2013_preamble_0022,world_constitution_tonga_2013_preamble,Tonga,Tonga's Constitution of 1875 with Amendments through 2013 - Preamble,"The King in Privy Council, after receiving advice from the Judicial Appointments and Discipline Panel, shall determine the terms of appointment of the Lord President and Judges of the Land Court and may dismiss them. 87. Judges to hold office ...",https://www.constituteproject.org/service/html?cons_id=Tonga_2013&lang=en
us_constitution_1787_article_i_0004,Constitution of the United States - Article I,49,0.22774212,world_constitution_liberia_1986_article_21_0001,world_constitution_liberia_1986_article_21,Liberia,Liberia's Constitution of 1986 - Article 21,"excessive punishment inflicted. No person charged, arrested, restricted, detained or otherwise held in confinement shall be subject to torture or inhumane treatment; nor shall any person except military personnel, be kept or confined in any military facility; nor shall any ...",https://www.constituteproject.org/service/html?cons_id=Liberia_1986&lang=en
us_constitution_1787_article_i_0004,Constitution of the United States - Article I,50,0.22710725,world_constitution_malaysia_2007_article_85_0000,world_constitution_malaysia_2007_article_85,Malaysia,Malaysia's Constitution of 1957 with Amendments through 2007 - Article 85,"Article 85, it shall be the duty of the Government of that State to register the transaction accordingly. 87. Determination of disputes as to land values Where any dispute arises between the Federal Government and a State Government as to ...",https://www.constituteproject.org/service/html?cons_id=Malaysia_2007&lang=en
us_constitution_1787_article_i_0005,Constitution of the United States - Article I,1,0.89663355,world_constitution_united_states_of_america_1992_article_i_002_0000,world_constitution_united_states_of_america_1992_article_i_002,United States of America,United States of America's Constitution of 1789 with Amendments through 1992 - Article I,"Article IV Section 1 Full Faith and Credit shall be given in each State to the public Acts, Records, and judicial Proceedings of every other State. And the Congress may by general Laws prescribe the Manner in which such Acts, ...",https://www.constituteproject.org/service/html?cons_id=United_States_of_America_1992&lang=en
us_constitution_1787_article_i_0005,Constitution of the United States - Article I,2,0.52370124,world_constitution_united_states_of_america_1992_article_v_003_0005,world_constitution_united_states_of_america_1992_article_v_003,United States of America,United States of America's Constitution of 1789 with Amendments through 1992 - Article V,"make or enforce any law which shall abridge the privileges or immunities of citizens of the United States; nor shall any State deprive any person of life, liberty, or property, without due process of law; nor deny to any person ...",https://www.constituteproject.org/service/html?cons_id=United_States_of_America_1992&lang=en
us_constitution_1787_article_i_0005,Constitution of the United States - Article I,3,0.5138048,world_constitution_united_states_of_america_1992_article_iii_0000,world_constitution_united_states_of_america_1992_article_iii,United States of America,United States of America's Constitution of 1789 with Amendments through 1992 - Article III,"Article III Section 1 The judicial Power of the United States, shall be vested in one supreme Court, and in such inferior Courts as the Congress may from time to time ordain and establish. The Judges, both of the supreme ...",https://www.constituteproject.org/service/html?cons_id=United_States_of_America_1992&lang=en
us_constitution_1787_article_i_0005,Constitution of the United States - Article I,4,0.45776009,world_constitution_united_states_of_america_1992_article_v_002_0000,world_constitution_united_states_of_america_1992_article_v_002,United States of America,United States of America's Constitution of 1789 with Amendments through 1992 - Article V,"Article VI All Debts contracted and Engagements entered into, before the Adoption of this Constitution, shall be as valid against the United States under this Constitution, as under the Confederation. This Constitution, and the Laws of the United States which ...",https://www.constituteproject.org/service/html?cons_id=United_States_of_America_1992&lang=en
us_constitution_1787_article_i_0005,Constitution of the United States - Article I,5,0.45160069,world_constitution_united_states_of_america_1992_article_v_003_0006,world_constitution_united_states_of_america_1992_article_v_003,United States of America,United States of America's Constitution of 1789 with Amendments through 1992 - Article V,"same, or given aid or comfort to the enemies thereof. But Congress may by a vote of two-thirds of each House, remove such disability. Section 4 The validity of the public debt of the United States, authorized by law, including ...",https://www.constituteproject.org/service/html?cons_id=United_States_of_America_1992&lang=en
us_constitution_1787_article_i_0005,Constitution of the United States - Article I,6,0.44859335,world_constitution_united_states_of_america_1992_article_v_003_0004,world_constitution_united_states_of_america_1992_article_v_003,United States of America,United States of America's Constitution of 1789 with Amendments through 1992 - Article V,"the votes shall be taken by states, the representation from each state having one vote; a quorum for this purpose shall consist of a member or members from two-thirds of the states, and a majority of all the states shall ...",https://www.constituteproject.org/service/html?cons_id=United_States_of_America_1992&lang=en
us_constitution_1787_article_i_0005,Constitution of the United States - Article I,7,0.41910535,world_constitution_united_states_of_america_1992_article_ii_0002,world_constitution_united_states_of_america_1992_article_ii,United States of America,United States of America's Constitution of 1789 with Amendments through 1992 - Article II,"Officer shall act accordingly, until the Disability be removed, or a President shall be elected. The President shall, at stated Times, receive for his Services, a Compensation, which shall neither be encreased nor diminished during the Period for which he ...",https://www.constituteproject.org/service/html?cons_id=United_States_of_America_1992&lang=en
us_constitution_1787_article_i_0005,Constitution of the United States - Article I,8,0.39417825,world_constitution_united_states_of_america_1992_article_v_003_0007,world_constitution_united_states_of_america_1992_article_v_003,United States of America,United States of America's Constitution of 1789 with Amendments through 1992 - Article V,"Senate, the executive authority of such State shall issue writs of election to fill such vacancies: Provided, That the legislature of any State may empower the executive thereof to make temporary appointments until the people fill the vacancies by election ...",https://www.constituteproject.org/service/html?cons_id=United_States_of_America_1992&lang=en
us_constitution_1787_article_i_0005,Constitution of the United States - Article I,9,0.38830172,world_constitution_united_states_of_america_1992_article_v_003_0003,world_constitution_united_states_of_america_1992_article_v_003,United States of America,United States of America's Constitution of 1789 with Amendments through 1992 - Article V,"States by the Constitution, nor prohibited by it to the States, are reserved to the States respectively, or to the people. Additional Amendments Amendment XI The Judicial power of the United States shall not be construed to extend to any ...",https://www.constituteproject.org/service/html?cons_id=United_States_of_America_1992&lang=en
us_constitution_1787_article_i_0005,Constitution of the United States - Article I,10,0.38099247,world_constitution_australia_1985_preamble_0027,world_constitution_australia_1985_preamble,Australia,Australia's Constitution of 1901 with Amendments through 1985 - Preamble,"Full faith and credit shall be given, throughout the Commonwealth to the laws, the public Acts and records, and the judicial proceedings of every State. 119. Protection of States from invasion and violence The Commonwealth shall protect every State against ...",https://www.constituteproject.org/service/html?cons_id=Australia_1985&lang=en
us_constitution_1787_article_i_0005,Constitution of the United States - Article I,11,0.38067268,world_constitution_united_states_of_america_1992_article_v_003_0009,world_constitution_united_states_of_america_1992_article_v_003,United States of America,United States of America's Constitution of 1789 with Amendments through 1992 - Article V,be inoperative unless it shall have been ratified as an amendment to the Constitution by the legislatures of three-fourths of the several States within seven years from the date of its submission. Amendment XXI Section 1 The eighteenth article of ...,https://www.constituteproject.org/service/html?cons_id=United_States_of_America_1992&lang=en
us_constitution_1787_article_i_0005,Constitution of the United States - Article I,12,0.3756116,world_constitution_united_states_of_america_1992_article_v_003_0010,world_constitution_united_states_of_america_1992_article_v_003,United States of America,United States of America's Constitution of 1789 with Amendments through 1992 - Article V,the legislatures of three-fourths of the several States within seven years from the date of its submission to the States by the Congress. Amendment XXIII Section 1 The District constituting the seat of Government of the United States shall appoint ...,https://www.constituteproject.org/service/html?cons_id=United_States_of_America_1992&lang=en
us_constitution_1787_article_i_0005,Constitution of the United States - Article I,13,0.37236829,world_constitution_united_states_of_america_1992_article_i_0006,world_constitution_united_states_of_america_1992_article_i,United States of America,United States of America's Constitution of 1789 with Amendments through 1992 - Article I,"the Union, suppress Insurrections and repel Invasions; To provide for organizing, arming, and disciplining, the Militia, and for governing such Part of them as may be employed in the Service of the United States, reserving to the States respectively, the ...",https://www.constituteproject.org/service/html?cons_id=United_States_of_America_1992&lang=en
us_constitution_1787_article_i_0005,Constitution of the United States - Article I,14,0.35898953,world_constitution_india_2016_preamble_0000,world_constitution_india_2016_preamble,India,India's Constitution of 1949 with Amendments through 2016 - Preamble,"India 1949 (rev. 2016) Subsequently amended Preamble WE, THE PEOPLE OF INDIA, having solemnly resolved to constitute India into a SOVEREIGN SOCIALIST SECULAR DEMOCRATIC REPUBLIC and to secure to all its citizens: JUSTICE, social, economic and political; LIBERTY of thought, ...",https://www.constituteproject.org/service/html?cons_id=India_2016&lang=en
us_constitution_1787_article_i_0005,Constitution of the United States - Article I,15,0.3555698,world_constitution_united_states_of_america_1992_article_i_0000,world_constitution_united_states_of_america_1992_article_i,United States of America,United States of America's Constitution of 1789 with Amendments through 1992 - Article I,"Article I Section 1 All legislative Powers herein granted shall be vested in a Congress of the United States, which shall consist of a Senate and House of Representatives. Section 2 The House of Representatives shall be composed of Members ...",https://www.constituteproject.org/service/html?cons_id=United_States_of_America_1992&lang=en
us_constitution_1787_article_i_0005,Constitution of the United States - Article I,16,0.35245957,world_constitution_south_sudan_2013_article_85_0001,world_constitution_south_sudan_2013_article_85,South Sudan,South Sudan's Constitution of 2011 with Amendments through 2013 - Article 85,and approve appointments as required by this Constitution or the law; cast a vote of no confidence against any Minister. enact legislation to regulate the conditions and terms of service of the Judiciary and its oversight mechanisms; and perform any ...,https://www.constituteproject.org/service/html?cons_id=South_Sudan_2013&lang=en
us_constitution_1787_article_i_0005,Constitution of the United States - Article I,17,0.34187613,world_constitution_united_states_of_america_1992_article_i_0003,world_constitution_united_states_of_america_1992_article_i,United States of America,United States of America's Constitution of 1789 with Amendments through 1992 - Article I,"disorderly Behaviour, and, with the Concurrence of two thirds, expel a Member. Each House shall keep a Journal of its Proceedings, and from time to time publish the same, excepting such Parts as may in their Judgment require Secrecy; and ...",https://www.constituteproject.org/service/html?cons_id=United_States_of_America_1992&lang=en
us_constitution_1787_article_i_0005,Constitution of the United States - Article I,18,0.33538562,world_constitution_mexico_2015_article_121_0000,world_constitution_mexico_2015_article_121,Mexico,Mexico's Constitution of 1917 with Amendments through 2015 - Article 121,"Article 121 Each state of the Federation shall give full faith and credit to the public acts, registrations and judicial proceedings made by the other states. The Congress of the Union, through general laws, shall establish the way for proving ...",https://www.constituteproject.org/service/html?cons_id=Mexico_2015&lang=en
us_constitution_1787_article_i_0005,Constitution of the United States - Article I,19,0.33465153,world_constitution_united_states_of_america_1992_article_ii_0000,world_constitution_united_states_of_america_1992_article_ii,United States of America,United States of America's Constitution of 1789 with Amendments through 1992 - Article II,"Article II Section 1 The executive Power shall be vested in a President of the United States of America. He shall hold his Office during the Term of four Years, and, together with the Vice President, chosen for the same ...",https://www.constituteproject.org/service/html?cons_id=United_States_of_America_1992&lang=en
us_constitution_1787_article_i_0005,Constitution of the United States - Article I,20,0.33344985,world_constitution_united_states_of_america_1992_article_ii_0001,world_constitution_united_states_of_america_1992_article_ii,United States of America,United States of America's Constitution of 1789 with Amendments through 1992 - Article II,"from the five highest on the List the said House shall in like Manner chuse the President. But in chusing the President, the Votes shall be taken by States, the Representatives from each State having one Vote; a quorum for ...",https://www.constituteproject.org/service/html?cons_id=United_States_of_America_1992&lang=en
us_constitution_1787_article_i_0005,Constitution of the United States - Article I,21,0.33202678,world_constitution_micronesia_1990_article_i_010_0001,world_constitution_micronesia_1990_article_i_010,Micronesia (Federated States of),Micronesia (Federated States of)'s Constitution of 1978 with Amendments through 1990 - Article I,"public credit; to establish systems of social security and public welfare. Section 4 A treaty is ratified by vote of 2/3 of the members of Congress, except that a treaty delegating major powers of government of the Federated States of ...",https://www.constituteproject.org/service/html?cons_id=Micronesia_1990&lang=en
us_constitution_1787_article_i_0005,Constitution of the United States - Article I,22,0.32194991,world_constitution_united_states_of_america_1992_article_i_0007,world_constitution_united_states_of_america_1992_article_i,United States of America,United States of America's Constitution of 1789 with Amendments through 1992 - Article I,in Proportion to the Census or enumeration herein before directed to be taken. No Tax or Duty shall be laid on Articles exported from any State. No Preference shall be given by any Regulation of Commerce or Revenue to the ...,https://www.constituteproject.org/service/html?cons_id=United_States_of_America_1992&lang=en
us_constitution_1787_article_i_0005,Constitution of the United States - Article I,23,0.31977593,world_constitution_united_states_of_america_1992_article_i_0002,world_constitution_united_states_of_america_1992_article_i,United States of America,United States of America's Constitution of 1789 with Amendments through 1992 - Article I,"in the Absence of the Vice President, or when he shall exercise the Office of President of the United States. The Senate shall have the sole Power to try all Impeachments. When sitting for that Purpose, they shall be on ...",https://www.constituteproject.org/service/html?cons_id=United_States_of_America_1992&lang=en
us_constitution_1787_article_i_0005,Constitution of the United States - Article I,24,0.31658088,world_constitution_united_states_of_america_1992_article_ii_0003,world_constitution_united_states_of_america_1992_article_ii,United States of America,United States of America's Constitution of 1789 with Amendments through 1992 - Article II,"by Law: but the Congress may by Law vest the Appointment of such inferior Officers, as they think proper, in the President alone, in the Courts of Law, or in the Heads of Departments. The President shall have Power to ...",https://www.constituteproject.org/service/html?cons_id=United_States_of_America_1992&lang=en
us_constitution_1787_article_i_0005,Constitution of the United States - Article I,25,0.31555519,world_constitution_united_states_of_america_1992_article_v_0000,world_constitution_united_states_of_america_1992_article_v,United States of America,United States of America's Constitution of 1789 with Amendments through 1992 - Article V,"Article V The Congress, whenever two thirds of both Houses shall deem it necessary, shall propose Amendments to this Constitution, or, on the Application of the Legislatures of two thirds of the several States, shall call a Convention for proposing ...",https://www.constituteproject.org/service/html?cons_id=United_States_of_America_1992&lang=en
us_constitution_1787_article_i_0005,Constitution of the United States - Article I,26,0.31120207,world_constitution_spain_2011_preamble_0023,world_constitution_spain_2011_preamble,Spain,Spain's Constitution of 1978 with Amendments through 2011 - Preamble,"A state of alarm shall be proclaimed by the Government, by means of a decree agreed in Council of Ministers, for a maximum period of fifteen days. The Congress shall be informed and must meet immediately, and without its authorization ...",https://www.constituteproject.org/service/html?cons_id=Spain_2011&lang=en
us_constitution_1787_article_i_0005,Constitution of the United States - Article I,27,0.30942474,world_constitution_india_2016_preamble_0113,world_constitution_india_2016_preamble,India,India's Constitution of 1949 with Amendments through 2016 - Preamble,"The Government of India may by agreement with the Government of any territory not being part of the territory of India undertake any executive, legislative or judicial functions vested in the Government of such territory, but every such agreement shall ...",https://www.constituteproject.org/service/html?cons_id=India_2016&lang=en
us_constitution_1787_article_i_0005,Constitution of the United States - Article I,28,0.30777774,world_constitution_united_states_of_america_1992_article_v_003_0012,world_constitution_united_states_of_america_1992_article_v_003,United States of America,United States of America's Constitution of 1789 with Amendments through 1992 - Article V,"forty-eight hours for that purpose if not in session. If the Congress, within twenty-one days after receipt of the latter written declaration, or, if Congress is not in session, within twenty-one days after Congress is required to assemble, determines by ...",https://www.constituteproject.org/service/html?cons_id=United_States_of_America_1992&lang=en
us_constitution_1787_article_i_0005,Constitution of the United States - Article I,29,0.30456819,world_constitution_angola_2010_article_204_0000,world_constitution_angola_2010_article_204,Angola,Angola's Constitution of 2010 - Article 204,"Article 204. (State of constitutional need) Within the context of preserving national security and maintaining public order, the President of the Republic may declare, according to the demands of particular situations, constitutional states of need, under the terms of the ...",https://www.constituteproject.org/service/html?cons_id=Angola_2010&lang=en
us_constitution_1787_article_i_0005,Constitution of the United States - Article I,30,0.30456585,world_constitution_malaysia_2007_article_133_0001,world_constitution_malaysia_2007_article_133,Malaysia,Malaysia's Constitution of 1957 with Amendments through 2007 - Article 133,"State; or such diplomatic posts as the Yang di-Pertuan Agong may by order prescribe, being post which but for the order would be posts in the general public service of the Federation. References in this Part, except in Articles 136 ...",https://www.constituteproject.org/service/html?cons_id=Malaysia_2007&lang=en
us_constitution_1787_article_i_0005,Constitution of the United States - Article I,31,0.30084588,world_constitution_mexico_2015_article_73_002_0000,world_constitution_mexico_2015_article_73_002,Mexico,Mexico's Constitution of 1917 with Amendments through 2015 - Article 73,"Article 73 The Congress shall have the power to: Admit new states into the Union. (Repealed by the decree published on October 8, 1974) Create new states within the limits of the existing ones. For this purpose, the following requirements ...",https://www.constituteproject.org/service/html?cons_id=Mexico_2015&lang=en
us_constitution_1787_article_i_0005,Constitution of the United States - Article I,32,0.29527625,world_constitution_dominican_republic_2015_article_266_0000,world_constitution_dominican_republic_2015_article_266,Dominican Republic,Dominican Republic's Constitution of 2015 - Article 266,"Article 266. Regulatory provisions The states of exception shall be subject to the following provisions: The President shall obtain the authorization of Congress to declare the appropriate state of exception. If the Congress is not meeting, the President may declare ...",https://www.constituteproject.org/service/html?cons_id=Dominican_Republic_2015&lang=en
us_constitution_1787_article_i_0005,Constitution of the United States - Article I,33,0.29470381,world_constitution_ethiopia_1994_article_50_0000,world_constitution_ethiopia_1994_article_50,Ethiopia,Ethiopia's Constitution of 1994 - Article 50,"Article 50. Structure of the Organs of State The Federal democratic Republic of Ethiopia comprises the Federal Government and the State members. The Federal Government and the States shall have legislative, executive and judicial powers. The House of Peoples' Representatives ...",https://www.constituteproject.org/service/html?cons_id=Ethiopia_1994&lang=en
us_constitution_1787_article_i_0005,Constitution of the United States - Article I,34,0.29378058,world_constitution_united_states_of_america_1992_article_i_0005,world_constitution_united_states_of_america_1992_article_i,United States of America,United States of America's Constitution of 1789 with Amendments through 1992 - Article I,"House of Representatives, according to the Rules and Limitations prescribed in the Case of a Bill. Section 8 The Congress shall have Power To lay and collect Taxes, Duties, Imposts and Excises, to pay the Debts and provide for the ...",https://www.constituteproject.org/service/html?cons_id=United_States_of_America_1992&lang=en
us_constitution_1787_article_i_0005,Constitution of the United States - Article I,35,0.28984211,world_constitution_australia_1985_preamble_0026,world_constitution_australia_1985_preamble,Australia,Australia's Constitution of 1901 with Amendments through 1985 - Preamble,"When a law of a State is inconsistent with a law of the Commonwealth, the latter shall prevail, and the former shall, to the extent of the inconsistency, be invalid. 110. Provisions referring to Governor The provisions of this Constitution ...",https://www.constituteproject.org/service/html?cons_id=Australia_1985&lang=en
us_constitution_1787_article_i_0005,Constitution of the United States - Article I,36,0.28893665,world_constitution_united_states_of_america_1992_article_i_0001,world_constitution_united_states_of_america_1992_article_i,United States of America,United States of America's Constitution of 1789 with Amendments through 1992 - Article I,"Carolina five, South Carolina five, and Georgia three. When vacancies happen in the Representation from any State, the Executive Authority thereof shall issue Writs of Election to fill such Vacancies. The House of Representatives shall chuse their Speaker and other ...",https://www.constituteproject.org/service/html?cons_id=United_States_of_America_1992&lang=en
us_constitution_1787_article_i_0005,Constitution of the United States - Article I,37,0.2883753,world_constitution_united_states_of_america_1992_article_v_003_0001,world_constitution_united_states_of_america_1992_article_v_003,United States of America,United States of America's Constitution of 1789 with Amendments through 1992 - Article V,"concurring, that the following Articles be proposed to the Legislatures of the several States, as Amendments to the Constitution of the United States, all or any of which Articles, when ratified by three fourths of the said Legislatures, to be ...",https://www.constituteproject.org/service/html?cons_id=United_States_of_America_1992&lang=en
us_constitution_1787_article_i_0005,Constitution of the United States - Article I,38,0.28815772,world_constitution_india_2016_preamble_0052,world_constitution_india_2016_preamble,India,India's Constitution of 1949 with Amendments through 2016 - Preamble,"The administrative expenses of the office of the Comptroller and Auditor-General, including all salaries, allowances and pensions payable to or in respect of persons serving in that office, shall be charged upon the Consolidated Fund of India. 149. Duties and ...",https://www.constituteproject.org/service/html?cons_id=India_2016&lang=en
us_constitution_1787_article_i_0005,Constitution of the United States - Article I,39,0.28571803,world_constitution_australia_1985_preamble_0024,world_constitution_australia_1985_preamble,Australia,Australia's Constitution of 1901 with Amendments through 1985 - Preamble,"There shall be an Inter-State Commission, with such powers of adjudication and administration as the Parliament deems necessary for the execution and maintenance, within the Commonwealth, of the provisions of this Constitution relating to trade and commerce, and of all ...",https://www.constituteproject.org/service/html?cons_id=Australia_1985&lang=en
us_constitution_1787_article_i_0005,Constitution of the United States - Article I,40,0.28418765,world_constitution_india_2016_preamble_0135,world_constitution_india_2016_preamble,India,India's Constitution of 1949 with Amendments through 2016 - Preamble,"Two or more States may agree that there shall be one Public Service Commission for that group of States, and if a resolution to that effect is passed by the House or, where there are two Houses, by each House ...",https://www.constituteproject.org/service/html?cons_id=India_2016&lang=en
us_constitution_1787_article_i_0005,Constitution of the United States - Article I,41,0.28282379,world_constitution_india_2016_preamble_0110,world_constitution_india_2016_preamble,India,India's Constitution of 1949 with Amendments through 2016 - Preamble,If it appears to the Legislatures of two or more States to be desirable that any of the matters with respect to which Parliament has no power to make laws for the States except as provided in articles 249 and ...,https://www.constituteproject.org/service/html?cons_id=India_2016&lang=en
us_constitution_1787_article_i_0005,Constitution of the United States - Article I,42,0.27679379,world_constitution_united_states_of_america_1992_article_v_003_0002,world_constitution_united_states_of_america_1992_article_v_003,United States of America,United States of America's Constitution of 1789 with Amendments through 1992 - Article V,"or indictment of a Grand Jury, except in cases arising in the land or naval forces, or in the Militia, when in actual service in time of War or public danger; nor shall any person be subject for the same ...",https://www.constituteproject.org/service/html?cons_id=United_States_of_America_1992&lang=en
us_constitution_1787_article_i_0005,Constitution of the United States - Article I,43,0.27111359,world_constitution_india_2016_preamble_0064,world_constitution_india_2016_preamble,India,India's Constitution of 1949 with Amendments through 2016 - Preamble,"Every member of the Legislative Assembly or the Legislative Council of a State shall, before taking his seat, make and subscribe before the Governor, or some person appointed in that behalf by him, an oath or affirmation according to the ...",https://www.constituteproject.org/service/html?cons_id=India_2016&lang=en
us_constitution_1787_article_i_0005,Constitution of the United States - Article I,44,0.27095313,world_constitution_south_sudan_2013_article_120_0008,world_constitution_south_sudan_2013_article_120,South Sudan,South Sudan's Constitution of 2011 with Amendments through 2013 - Article 120,"the National Security Service. The National Security Service shall have two operational organs, to be known as: the Internal Security Bureau; and the General Intelligence Bureau; Each of the operational organs shall be headed by a Director-General appointed by the ...",https://www.constituteproject.org/service/html?cons_id=South_Sudan_2013&lang=en
us_constitution_1787_article_i_0005,Constitution of the United States - Article I,45,0.2695325,world_constitution_australia_1985_preamble_0025,world_constitution_australia_1985_preamble,Australia,Australia's Constitution of 1901 with Amendments through 1985 - Preamble,"The Commonwealth may make agreements with the States with respect to the public debts of the States, including: the taking over of such debts by the Commonwealth; the management of such debts; the payment of interest and the provision and ...",https://www.constituteproject.org/service/html?cons_id=Australia_1985&lang=en
us_constitution_1787_article_i_0005,Constitution of the United States - Article I,46,0.26776604,world_constitution_nigeria_2011_preamble_0078,world_constitution_nigeria_2011_preamble,Nigeria,Nigeria's Constitution of 1999 with Amendments through 2011 - Preamble,"Subject to the provisions of this Constitution, a State Civil Service Commission may, with the approval of the Governor and subject to such conditions as it may deem fit, delegate any of the powers conferred upon it by this Constitution ...",https://www.constituteproject.org/service/html?cons_id=Nigeria_2011&lang=en
us_constitution_1787_article_i_0005,Constitution of the United States - Article I,47,0.26635047,world_constitution_malaysia_2007_article_10_003_0001,world_constitution_malaysia_2007_article_10_003,Malaysia,Malaysia's Constitution of 1957 with Amendments through 2007 - Article 10,Article is exercisable subject to any conditions or restrictions imposed with respect to any particular matter by this Constitution. Where general as well as specific expressions are used in describing any of the matter enumerated in the Lists set out ...,https://www.constituteproject.org/service/html?cons_id=Malaysia_2007&lang=en
us_constitution_1787_article_i_0005,Constitution of the United States - Article I,48,0.2661622,world_constitution_micronesia_1990_article_i_011_0000,world_constitution_micronesia_1990_article_i_011,Micronesia (Federated States of),Micronesia (Federated States of)'s Constitution of 1978 with Amendments through 1990 - Article I,ARTICLE X. EXECUTIVE Section 1 The executive power of the national government is vested in the President of the Federated States of Micronesia. He is elected by Congress for a term of four years by a majority vote of all ...,https://www.constituteproject.org/service/html?cons_id=Micronesia_1990&lang=en
us_constitution_1787_article_i_0005,Constitution of the United States - Article I,49,0.26546939,world_constitution_micronesia_1990_article_i_010_0003,world_constitution_micronesia_1990_article_i_010,Micronesia (Federated States of),Micronesia (Federated States of)'s Constitution of 1978 with Amendments through 1990 - Article I,"another public office or employment. During the term for which he is elected and 3 years thereafter, a member may not be elected or appointed to a public office or employment created by national statute during his term. A member ...",https://www.constituteproject.org/service/html?cons_id=Micronesia_1990&lang=en
us_constitution_1787_article_i_0005,Constitution of the United States - Article I,50,0.26458339,world_constitution_india_2016_preamble_0016,world_constitution_india_2016_preamble,India,India's Constitution of 1949 with Amendments through 2016 - Preamble,There shall be a President of India. 53. Executive power of the Union The executive power of the Union shall be vested in the President and shall be exercised by him either directly or through officers subordinate to him in ...,https://www.constituteproject.org/service/html?cons_id=India_2016&lang=en
us_constitution_1787_article_i_0006,Constitution of the United States - Article I,1,0.72651319,world_constitution_united_states_of_america_1992_article_v_0000,world_constitution_united_states_of_america_1992_article_v,United States of America,United States of America's Constitution of 1789 with Amendments through 1992 - Article V,"Article V The Congress, whenever two thirds of both Houses shall deem it necessary, shall propose Amendments to this Constitution, or, on the Application of the Legislatures of two thirds of the several States, shall call a Convention for proposing ...",https://www.constituteproject.org/service/html?cons_id=United_States_of_America_1992&lang=en
us_constitution_1787_article_i_0006,Constitution of the United States - Article I,2,0.7164975,world_constitution_united_states_of_america_1992_article_v_002_0000,world_constitution_united_states_of_america_1992_article_v_002,United States of America,United States of America's Constitution of 1789 with Amendments through 1992 - Article V,"Article VI All Debts contracted and Engagements entered into, before the Adoption of this Constitution, shall be as valid against the United States under this Constitution, as under the Confederation. This Constitution, and the Laws of the United States which ...",https://www.constituteproject.org/service/html?cons_id=United_States_of_America_1992&lang=en
us_constitution_1787_article_i_0006,Constitution of the United States - Article I,3,0.56966737,world_constitution_united_states_of_america_1992_article_i_002_0000,world_constitution_united_states_of_america_1992_article_i_002,United States of America,United States of America's Constitution of 1789 with Amendments through 1992 - Article I,"Article IV Section 1 Full Faith and Credit shall be given in each State to the public Acts, Records, and judicial Proceedings of every other State. And the Congress may by general Laws prescribe the Manner in which such Acts, ...",https://www.constituteproject.org/service/html?cons_id=United_States_of_America_1992&lang=en
us_constitution_1787_article_i_0006,Constitution of the United States - Article I,4,0.48921924,world_constitution_united_states_of_america_1992_article_v_003_0005,world_constitution_united_states_of_america_1992_article_v_003,United States of America,United States of America's Constitution of 1789 with Amendments through 1992 - Article V,"make or enforce any law which shall abridge the privileges or immunities of citizens of the United States; nor shall any State deprive any person of life, liberty, or property, without due process of law; nor deny to any person ...",https://www.constituteproject.org/service/html?cons_id=United_States_of_America_1992&lang=en
us_constitution_1787_article_i_0006,Constitution of the United States - Article I,5,0.48894596,world_constitution_united_states_of_america_1992_article_ii_0002,world_constitution_united_states_of_america_1992_article_ii,United States of America,United States of America's Constitution of 1789 with Amendments through 1992 - Article II,"Officer shall act accordingly, until the Disability be removed, or a President shall be elected. The President shall, at stated Times, receive for his Services, a Compensation, which shall neither be encreased nor diminished during the Period for which he ...",https://www.constituteproject.org/service/html?cons_id=United_States_of_America_1992&lang=en
us_constitution_1787_article_i_0006,Constitution of the United States - Article I,6,0.47815229,world_constitution_united_states_of_america_1992_article_v_003_0006,world_constitution_united_states_of_america_1992_article_v_003,United States of America,United States of America's Constitution of 1789 with Amendments through 1992 - Article V,"same, or given aid or comfort to the enemies thereof. But Congress may by a vote of two-thirds of each House, remove such disability. Section 4 The validity of the public debt of the United States, authorized by law, including ...",https://www.constituteproject.org/service/html?cons_id=United_States_of_America_1992&lang=en
us_constitution_1787_article_i_0006,Constitution of the United States - Article I,7,0.45801477,world_constitution_united_states_of_america_1992_article_v_003_0009,world_constitution_united_states_of_america_1992_article_v_003,United States of America,United States of America's Constitution of 1789 with Amendments through 1992 - Article V,be inoperative unless it shall have been ratified as an amendment to the Constitution by the legislatures of three-fourths of the several States within seven years from the date of its submission. Amendment XXI Section 1 The eighteenth article of ...,https://www.constituteproject.org/service/html?cons_id=United_States_of_America_1992&lang=en
us_constitution_1787_article_i_0006,Constitution of the United States - Article I,8,0.45336586,world_constitution_united_states_of_america_1992_article_v_003_0007,world_constitution_united_states_of_america_1992_article_v_003,United States of America,United States of America's Constitution of 1789 with Amendments through 1992 - Article V,"Senate, the executive authority of such State shall issue writs of election to fill such vacancies: Provided, That the legislature of any State may empower the executive thereof to make temporary appointments until the people fill the vacancies by election ...",https://www.constituteproject.org/service/html?cons_id=United_States_of_America_1992&lang=en
us_constitution_1787_article_i_0006,Constitution of the United States - Article I,9,0.4401492,world_constitution_united_states_of_america_1992_article_v_003_0004,world_constitution_united_states_of_america_1992_article_v_003,United States of America,United States of America's Constitution of 1789 with Amendments through 1992 - Article V,"the votes shall be taken by states, the representation from each state having one vote; a quorum for this purpose shall consist of a member or members from two-thirds of the states, and a majority of all the states shall ...",https://www.constituteproject.org/service/html?cons_id=United_States_of_America_1992&lang=en
us_constitution_1787_article_i_0006,Constitution of the United States - Article I,10,0.41855957,world_constitution_united_states_of_america_1992_article_i_0000,world_constitution_united_states_of_america_1992_article_i,United States of America,United States of America's Constitution of 1789 with Amendments through 1992 - Article I,"Article I Section 1 All legislative Powers herein granted shall be vested in a Congress of the United States, which shall consist of a Senate and House of Representatives. Section 2 The House of Representatives shall be composed of Members ...",https://www.constituteproject.org/service/html?cons_id=United_States_of_America_1992&lang=en
us_constitution_1787_article_i_0006,Constitution of the United States - Article I,11,0.41102368,world_constitution_united_states_of_america_1992_article_iii_0000,world_constitution_united_states_of_america_1992_article_iii,United States of America,United States of America's Constitution of 1789 with Amendments through 1992 - Article III,"Article III Section 1 The judicial Power of the United States, shall be vested in one supreme Court, and in such inferior Courts as the Congress may from time to time ordain and establish. The Judges, both of the supreme ...",https://www.constituteproject.org/service/html?cons_id=United_States_of_America_1992&lang=en
us_constitution_1787_article_i_0006,Constitution of the United States - Article I,12,0.40025221,world_constitution_united_states_of_america_1992_article_v_003_0003,world_constitution_united_states_of_america_1992_article_v_003,United States of America,United States of America's Constitution of 1789 with Amendments through 1992 - Article V,"States by the Constitution, nor prohibited by it to the States, are reserved to the States respectively, or to the people. Additional Amendments Amendment XI The Judicial power of the United States shall not be construed to extend to any ...",https://www.constituteproject.org/service/html?cons_id=United_States_of_America_1992&lang=en
us_constitution_1787_article_i_0006,Constitution of the United States - Article I,13,0.39383216,world_constitution_united_states_of_america_1992_article_v_003_0010,world_constitution_united_states_of_america_1992_article_v_003,United States of America,United States of America's Constitution of 1789 with Amendments through 1992 - Article V,the legislatures of three-fourths of the several States within seven years from the date of its submission to the States by the Congress. Amendment XXIII Section 1 The District constituting the seat of Government of the United States shall appoint ...,https://www.constituteproject.org/service/html?cons_id=United_States_of_America_1992&lang=en
us_constitution_1787_article_i_0006,Constitution of the United States - Article I,14,0.39119789,world_constitution_united_states_of_america_1992_article_v_003_0001,world_constitution_united_states_of_america_1992_article_v_003,United States of America,United States of America's Constitution of 1789 with Amendments through 1992 - Article V,"concurring, that the following Articles be proposed to the Legislatures of the several States, as Amendments to the Constitution of the United States, all or any of which Articles, when ratified by three fourths of the said Legislatures, to be ...",https://www.constituteproject.org/service/html?cons_id=United_States_of_America_1992&lang=en
us_constitution_1787_article_i_0006,Constitution of the United States - Article I,15,0.38118039,world_constitution_united_states_of_america_1992_article_i_0003,world_constitution_united_states_of_america_1992_article_i,United States of America,United States of America's Constitution of 1789 with Amendments through 1992 - Article I,"disorderly Behaviour, and, with the Concurrence of two thirds, expel a Member. Each House shall keep a Journal of its Proceedings, and from time to time publish the same, excepting such Parts as may in their Judgment require Secrecy; and ...",https://www.constituteproject.org/service/html?cons_id=United_States_of_America_1992&lang=en
us_constitution_1787_article_i_0006,Constitution of the United States - Article I,16,0.37673411,world_constitution_united_states_of_america_1992_article_i_0006,world_constitution_united_states_of_america_1992_article_i,United States of America,United States of America's Constitution of 1789 with Amendments through 1992 - Article I,"the Union, suppress Insurrections and repel Invasions; To provide for organizing, arming, and disciplining, the Militia, and for governing such Part of them as may be employed in the Service of the United States, reserving to the States respectively, the ...",https://www.constituteproject.org/service/html?cons_id=United_States_of_America_1992&lang=en
us_constitution_1787_article_i_0006,Constitution of the United States - Article I,17,0.37487286,world_constitution_united_states_of_america_1992_article_i_0001,world_constitution_united_states_of_america_1992_article_i,United States of America,United States of America's Constitution of 1789 with Amendments through 1992 - Article I,"Carolina five, South Carolina five, and Georgia three. When vacancies happen in the Representation from any State, the Executive Authority thereof shall issue Writs of Election to fill such Vacancies. The House of Representatives shall chuse their Speaker and other ...",https://www.constituteproject.org/service/html?cons_id=United_States_of_America_1992&lang=en
us_constitution_1787_article_i_0006,Constitution of the United States - Article I,18,0.36200696,world_constitution_united_states_of_america_1992_article_ii_0001,world_constitution_united_states_of_america_1992_article_ii,United States of America,United States of America's Constitution of 1789 with Amendments through 1992 - Article II,"from the five highest on the List the said House shall in like Manner chuse the President. But in chusing the President, the Votes shall be taken by States, the Representatives from each State having one Vote; a quorum for ...",https://www.constituteproject.org/service/html?cons_id=United_States_of_America_1992&lang=en
us_constitution_1787_article_i_0006,Constitution of the United States - Article I,19,0.35631637,world_constitution_south_sudan_2013_article_85_0001,world_constitution_south_sudan_2013_article_85,South Sudan,South Sudan's Constitution of 2011 with Amendments through 2013 - Article 85,and approve appointments as required by this Constitution or the law; cast a vote of no confidence against any Minister. enact legislation to regulate the conditions and terms of service of the Judiciary and its oversight mechanisms; and perform any ...,https://www.constituteproject.org/service/html?cons_id=South_Sudan_2013&lang=en
us_constitution_1787_article_i_0006,Constitution of the United States - Article I,20,0.35553947,world_constitution_united_states_of_america_1992_article_ii_0000,world_constitution_united_states_of_america_1992_article_ii,United States of America,United States of America's Constitution of 1789 with Amendments through 1992 - Article II,"Article II Section 1 The executive Power shall be vested in a President of the United States of America. He shall hold his Office during the Term of four Years, and, together with the Vice President, chosen for the same ...",https://www.constituteproject.org/service/html?cons_id=United_States_of_America_1992&lang=en
us_constitution_1787_article_i_0006,Constitution of the United States - Article I,21,0.34223457,world_constitution_united_states_of_america_1992_article_v_003_0012,world_constitution_united_states_of_america_1992_article_v_003,United States of America,United States of America's Constitution of 1789 with Amendments through 1992 - Article V,"forty-eight hours for that purpose if not in session. If the Congress, within twenty-one days after receipt of the latter written declaration, or, if Congress is not in session, within twenty-one days after Congress is required to assemble, determines by ...",https://www.constituteproject.org/service/html?cons_id=United_States_of_America_1992&lang=en
us_constitution_1787_article_i_0006,Constitution of the United States - Article I,22,0.33977741,world_constitution_united_states_of_america_1992_article_i_0002,world_constitution_united_states_of_america_1992_article_i,United States of America,United States of America's Constitution of 1789 with Amendments through 1992 - Article I,"in the Absence of the Vice President, or when he shall exercise the Office of President of the United States. The Senate shall have the sole Power to try all Impeachments. When sitting for that Purpose, they shall be on ...",https://www.constituteproject.org/service/html?cons_id=United_States_of_America_1992&lang=en
us_constitution_1787_article_i_0006,Constitution of the United States - Article I,23,0.33952988,world_constitution_india_2016_preamble_0110,world_constitution_india_2016_preamble,India,India's Constitution of 1949 with Amendments through 2016 - Preamble,If it appears to the Legislatures of two or more States to be desirable that any of the matters with respect to which Parliament has no power to make laws for the States except as provided in articles 249 and ...,https://www.constituteproject.org/service/html?cons_id=India_2016&lang=en
us_constitution_1787_article_i_0006,Constitution of the United States - Article I,24,0.32702667,world_constitution_united_states_of_america_1992_article_i_0005,world_constitution_united_states_of_america_1992_article_i,United States of America,United States of America's Constitution of 1789 with Amendments through 1992 - Article I,"House of Representatives, according to the Rules and Limitations prescribed in the Case of a Bill. Section 8 The Congress shall have Power To lay and collect Taxes, Duties, Imposts and Excises, to pay the Debts and provide for the ...",https://www.constituteproject.org/service/html?cons_id=United_States_of_America_1992&lang=en
us_constitution_1787_article_i_0006,Constitution of the United States - Article I,25,0.32022169,world_constitution_india_2016_preamble_0064,world_constitution_india_2016_preamble,India,India's Constitution of 1949 with Amendments through 2016 - Preamble,"Every member of the Legislative Assembly or the Legislative Council of a State shall, before taking his seat, make and subscribe before the Governor, or some person appointed in that behalf by him, an oath or affirmation according to the ...",https://www.constituteproject.org/service/html?cons_id=India_2016&lang=en
us_constitution_1787_article_i_0006,Constitution of the United States - Article I,26,0.30970573,world_constitution_united_states_of_america_1992_article_ii_0003,world_constitution_united_states_of_america_1992_article_ii,United States of America,United States of America's Constitution of 1789 with Amendments through 1992 - Article II,"by Law: but the Congress may by Law vest the Appointment of such inferior Officers, as they think proper, in the President alone, in the Courts of Law, or in the Heads of Departments. The President shall have Power to ...",https://www.constituteproject.org/service/html?cons_id=United_States_of_America_1992&lang=en
us_constitution_1787_article_i_0006,Constitution of the United States - Article I,27,0.30165485,world_constitution_united_states_of_america_1992_article_i_0004,world_constitution_united_states_of_america_1992_article_i,United States of America,United States of America's Constitution of 1789 with Amendments through 1992 - Article I,"Bills. Every Bill which shall have passed the House of Representatives and the Senate, shall, before it become a Law, be presented to the President of the United States: If he approve he shall sign it, but if not he ...",https://www.constituteproject.org/service/html?cons_id=United_States_of_America_1992&lang=en
us_constitution_1787_article_i_0006,Constitution of the United States - Article I,28,0.29943135,world_constitution_australia_1985_preamble_0027,world_constitution_australia_1985_preamble,Australia,Australia's Constitution of 1901 with Amendments through 1985 - Preamble,"Full faith and credit shall be given, throughout the Commonwealth to the laws, the public Acts and records, and the judicial proceedings of every State. 119. Protection of States from invasion and violence The Commonwealth shall protect every State against ...",https://www.constituteproject.org/service/html?cons_id=Australia_1985&lang=en
us_constitution_1787_article_i_0006,Constitution of the United States - Article I,29,0.29810611,world_constitution_tanzania_2005_article_32_0002,world_constitution_tanzania_2005_article_32,Tanzania (United Republic of),Tanzania (United Republic of)'s Constitution of 1977 with Amendments through 2005 - Article 32,"avoidance of doubt in the interpretation or application of the provisions of this Article, the provisions of legislation enacted by Parliament and of any other law, concerning the proclamation of a state of emergency as provided for in this Article ...",https://www.constituteproject.org/service/html?cons_id=Tanzania_2005&lang=en
us_constitution_1787_article_i_0006,Constitution of the United States - Article I,30,0.29391117,world_constitution_united_states_of_america_1992_article_v_003_0002,world_constitution_united_states_of_america_1992_article_v_003,United States of America,United States of America's Constitution of 1789 with Amendments through 1992 - Article V,"or indictment of a Grand Jury, except in cases arising in the land or naval forces, or in the Militia, when in actual service in time of War or public danger; nor shall any person be subject for the same ...",https://www.constituteproject.org/service/html?cons_id=United_States_of_America_1992&lang=en
us_constitution_1787_article_i_0006,Constitution of the United States - Article I,31,0.2885708,world_constitution_angola_2010_article_204_0000,world_constitution_angola_2010_article_204,Angola,Angola's Constitution of 2010 - Article 204,"Article 204. (State of constitutional need) Within the context of preserving national security and maintaining public order, the President of the Republic may declare, according to the demands of particular situations, constitutional states of need, under the terms of the ...",https://www.constituteproject.org/service/html?cons_id=Angola_2010&lang=en
us_constitution_1787_article_i_0006,Constitution of the United States - Article I,32,0.28439523,world_constitution_united_states_of_america_1992_article_v_003_0000,world_constitution_united_states_of_america_1992_article_v_003,United States of America,United States of America's Constitution of 1789 with Amendments through 1992 - Article V,"Article VII The Ratification of the Conventions of nine States, shall be sufficient for the Establishment of this Constitution between the States so ratifying the Same. DONE in Convention by the Unanimous Consent of the States present the Seventeenth Day ...",https://www.constituteproject.org/service/html?cons_id=United_States_of_America_1992&lang=en
us_constitution_1787_article_i_0006,Constitution of the United States - Article I,33,0.28006998,world_constitution_mexico_2015_article_73_002_0000,world_constitution_mexico_2015_article_73_002,Mexico,Mexico's Constitution of 1917 with Amendments through 2015 - Article 73,"Article 73 The Congress shall have the power to: Admit new states into the Union. (Repealed by the decree published on October 8, 1974) Create new states within the limits of the existing ones. For this purpose, the following requirements ...",https://www.constituteproject.org/service/html?cons_id=Mexico_2015&lang=en
us_constitution_1787_article_i_0006,Constitution of the United States - Article I,34,0.27465793,world_constitution_india_2016_preamble_0000,world_constitution_india_2016_preamble,India,India's Constitution of 1949 with Amendments through 2016 - Preamble,"India 1949 (rev. 2016) Subsequently amended Preamble WE, THE PEOPLE OF INDIA, having solemnly resolved to constitute India into a SOVEREIGN SOCIALIST SECULAR DEMOCRATIC REPUBLIC and to secure to all its citizens: JUSTICE, social, economic and political; LIBERTY of thought, ...",https://www.constituteproject.org/service/html?cons_id=India_2016&lang=en
us_constitution_1787_article_i_0006,Constitution of the United States - Article I,35,0.27461663,world_constitution_india_2016_preamble_0107,world_constitution_india_2016_preamble,India,India's Constitution of 1949 with Amendments through 2016 - Preamble,"specify the matters enumerated in the State List or the Concurrent List with respect to which the Legislature of the autonomous State shall have power to make laws for the whole or any part thereof, whether to the exclusion of ...",https://www.constituteproject.org/service/html?cons_id=India_2016&lang=en
us_constitution_1787_article_i_0006,Constitution of the United States - Article I,36,0.26820116,world_constitution_united_states_of_america_1992_article_v_003_0008,world_constitution_united_states_of_america_1992_article_v_003,United States of America,United States of America's Constitution of 1789 with Amendments through 1992 - Article V,"this article had not been ratified; and the terms of their successors shall then begin. Section 2 The Congress shall assemble at least once in every year, and such meeting shall begin at noon on the 3d day of January, ...",https://www.constituteproject.org/service/html?cons_id=United_States_of_America_1992&lang=en
us_constitution_1787_article_i_0006,Constitution of the United States - Article I,37,0.26807697,world_constitution_united_states_of_america_1992_article_i_0007,world_constitution_united_states_of_america_1992_article_i,United States of America,United States of America's Constitution of 1789 with Amendments through 1992 - Article I,in Proportion to the Census or enumeration herein before directed to be taken. No Tax or Duty shall be laid on Articles exported from any State. No Preference shall be given by any Regulation of Commerce or Revenue to the ...,https://www.constituteproject.org/service/html?cons_id=United_States_of_America_1992&lang=en
us_constitution_1787_article_i_0006,Constitution of the United States - Article I,38,0.26662085,world_constitution_south_sudan_2013_article_85_0002,world_constitution_south_sudan_2013_article_85,South Sudan,South Sudan's Constitution of 2011 with Amendments through 2013 - Article 85,"culture of peace, reconciliation and communal harmony among all the people of the states; approve changes in state names, capital towns and boundaries; and perform any other function as determined by this Constitution or the law. 60. Rules of the ...",https://www.constituteproject.org/service/html?cons_id=South_Sudan_2013&lang=en
us_constitution_1787_article_i_0006,Constitution of the United States - Article I,39,0.2646355,world_constitution_malaysia_2007_article_10_003_0001,world_constitution_malaysia_2007_article_10_003,Malaysia,Malaysia's Constitution of 1957 with Amendments through 2007 - Article 10,Article is exercisable subject to any conditions or restrictions imposed with respect to any particular matter by this Constitution. Where general as well as specific expressions are used in describing any of the matter enumerated in the Lists set out ...,https://www.constituteproject.org/service/html?cons_id=Malaysia_2007&lang=en
us_constitution_1787_article_i_0006,Constitution of the United States - Article I,40,0.26307612,world_constitution_india_2016_preamble_0016,world_constitution_india_2016_preamble,India,India's Constitution of 1949 with Amendments through 2016 - Preamble,There shall be a President of India. 53. Executive power of the Union The executive power of the Union shall be vested in the President and shall be exercised by him either directly or through officers subordinate to him in ...,https://www.constituteproject.org/service/html?cons_id=India_2016&lang=en
us_constitution_1787_article_i_0006,Constitution of the United States - Article I,41,0.26201674,world_constitution_nigeria_2011_preamble_0118,world_constitution_nigeria_2011_preamble,Nigeria,Nigeria's Constitution of 1999 with Amendments through 2011 - Preamble,The provisions of this section shall have effect until the National Assembly or a House of Assembly exercises the powers conferred upon it by section 60 or 101 of this Constitution as appropriate. The Standing Orders of the Senate established ...,https://www.constituteproject.org/service/html?cons_id=Nigeria_2011&lang=en
us_constitution_1787_article_i_0006,Constitution of the United States - Article I,42,0.26167682,world_constitution_australia_1985_preamble_0024,world_constitution_australia_1985_preamble,Australia,Australia's Constitution of 1901 with Amendments through 1985 - Preamble,"There shall be an Inter-State Commission, with such powers of adjudication and administration as the Parliament deems necessary for the execution and maintenance, within the Commonwealth, of the provisions of this Constitution relating to trade and commerce, and of all ...",https://www.constituteproject.org/service/html?cons_id=Australia_1985&lang=en
us_constitution_1787_article_i_0006,Constitution of the United States - Article I,43,0.2588041,world_constitution_india_2016_preamble_0052,world_constitution_india_2016_preamble,India,India's Constitution of 1949 with Amendments through 2016 - Preamble,"The administrative expenses of the office of the Comptroller and Auditor-General, including all salaries, allowances and pensions payable to or in respect of persons serving in that office, shall be charged upon the Consolidated Fund of India. 149. Duties and ...",https://www.constituteproject.org/service/html?cons_id=India_2016&lang=en
us_constitution_1787_article_i_0006,Constitution of the United States - Article I,44,0.25635208,world_constitution_australia_1985_preamble_0025,world_constitution_australia_1985_preamble,Australia,Australia's Constitution of 1901 with Amendments through 1985 - Preamble,"The Commonwealth may make agreements with the States with respect to the public debts of the States, including: the taking over of such debts by the Commonwealth; the management of such debts; the payment of interest and the provision and ...",https://www.constituteproject.org/service/html?cons_id=Australia_1985&lang=en
us_constitution_1787_article_i_0006,Constitution of the United States - Article I,45,0.25541964,world_constitution_india_2016_preamble_0024,world_constitution_india_2016_preamble,India,India's Constitution of 1949 with Amendments through 2016 - Preamble,"The Attorney-General shall hold office during the pleasure of the President, and shall receive such remuneration as the President may determine. Conduct of Government Business 77. Conduct of business of the Government of India All executive action of the Government ...",https://www.constituteproject.org/service/html?cons_id=India_2016&lang=en
us_constitution_1787_article_i_0006,Constitution of the United States - Article I,46,0.25251507,world_constitution_india_2016_preamble_0057,world_constitution_india_2016_preamble,India,India's Constitution of 1949 with Amendments through 2016 - Preamble,"CHAPTER III. THE STATE LEGISLATURE General 168. Constitution of Legislatures in States For every State there shall be a Legislature which shall consist of the Governor, and- in the States of, Bihar, Maharashtra, Karnataka, and Uttar Pradesh, two Houses; in ...",https://www.constituteproject.org/service/html?cons_id=India_2016&lang=en
us_constitution_1787_article_i_0006,Constitution of the United States - Article I,47,0.25179592,world_constitution_spain_2011_preamble_0023,world_constitution_spain_2011_preamble,Spain,Spain's Constitution of 1978 with Amendments through 2011 - Preamble,"A state of alarm shall be proclaimed by the Government, by means of a decree agreed in Council of Ministers, for a maximum period of fifteen days. The Congress shall be informed and must meet immediately, and without its authorization ...",https://www.constituteproject.org/service/html?cons_id=Spain_2011&lang=en
us_constitution_1787_article_i_0006,Constitution of the United States - Article I,48,0.25033535,world_constitution_micronesia_1990_article_i_010_0001,world_constitution_micronesia_1990_article_i_010,Micronesia (Federated States of),Micronesia (Federated States of)'s Constitution of 1978 with Amendments through 1990 - Article I,"public credit; to establish systems of social security and public welfare. Section 4 A treaty is ratified by vote of 2/3 of the members of Congress, except that a treaty delegating major powers of government of the Federated States of ...",https://www.constituteproject.org/service/html?cons_id=Micronesia_1990&lang=en
us_constitution_1787_article_i_0006,Constitution of the United States - Article I,49,0.24660139,world_constitution_dominican_republic_2015_article_266_0000,world_constitution_dominican_republic_2015_article_266,Dominican Republic,Dominican Republic's Constitution of 2015 - Article 266,"Article 266. Regulatory provisions The states of exception shall be subject to the following provisions: The President shall obtain the authorization of Congress to declare the appropriate state of exception. If the Congress is not meeting, the President may declare ...",https://www.constituteproject.org/service/html?cons_id=Dominican_Republic_2015&lang=en
us_constitution_1787_article_i_0006,Constitution of the United States - Article I,50,0.24410496,world_constitution_tanzania_2005_article_5_0002,world_constitution_tanzania_2005_article_5,Tanzania (United Republic of),Tanzania (United Republic of)'s Constitution of 1977 with Amendments through 2005 - Article 5,"to ensure the protection of this Constitution and the laws of the land. 27. Duty to safeguard public property Every person has the duty to protect the natural resources of the United Republic, the property of the state authority, all ...",https://www.constituteproject.org/service/html?cons_id=Tanzania_2005&lang=en
us_constitution_1787_article_i_0007,Constitution of the United States - Article I,1,0.86022565,world_constitution_united_states_of_america_1992_article_v_003_0000,world_constitution_united_states_of_america_1992_article_v_003,United States of America,United States of America's Constitution of 1789 with Amendments through 1992 - Article V,"Article VII The Ratification of the Conventions of nine States, shall be sufficient for the Establishment of this Constitution between the States so ratifying the Same. DONE in Convention by the Unanimous Consent of the States present the Seventeenth Day ...",https://www.constituteproject.org/service/html?cons_id=United_States_of_America_1992&lang=en
us_constitution_1787_article_i_0007,Constitution of the United States - Article I,2,0.33169936,world_constitution_united_states_of_america_1992_article_v_002_0000,world_constitution_united_states_of_america_1992_article_v_002,United States of America,United States of America's Constitution of 1789 with Amendments through 1992 - Article V,"Article VI All Debts contracted and Engagements entered into, before the Adoption of this Constitution, shall be as valid against the United States under this Constitution, as under the Confederation. This Constitution, and the Laws of the United States which ...",https://www.constituteproject.org/service/html?cons_id=United_States_of_America_1992&lang=en
us_constitution_1787_article_i_0007,Constitution of the United States - Article I,3,0.26848428,world_constitution_united_states_of_america_1992_article_i_0000,world_constitution_united_states_of_america_1992_article_i,United States of America,United States of America's Constitution of 1789 with Amendments through 1992 - Article I,"Article I Section 1 All legislative Powers herein granted shall be vested in a Congress of the United States, which shall consist of a Senate and House of Representatives. Section 2 The House of Representatives shall be composed of Members ...",https://www.constituteproject.org/service/html?cons_id=United_States_of_America_1992&lang=en
us_constitution_1787_article_i_0007,Constitution of the United States - Article I,4,0.21735056,world_constitution_united_states_of_america_1992_article_ii_0002,world_constitution_united_states_of_america_1992_article_ii,United States of America,United States of America's Constitution of 1789 with Amendments through 1992 - Article II,"Officer shall act accordingly, until the Disability be removed, or a President shall be elected. The President shall, at stated Times, receive for his Services, a Compensation, which shall neither be encreased nor diminished during the Period for which he ...",https://www.constituteproject.org/service/html?cons_id=United_States_of_America_1992&lang=en
us_constitution_1787_article_i_0007,Constitution of the United States - Article I,5,0.20110502,world_constitution_united_states_of_america_1992_article_v_003_0005,world_constitution_united_states_of_america_1992_article_v_003,United States of America,United States of America's Constitution of 1789 with Amendments through 1992 - Article V,"make or enforce any law which shall abridge the privileges or immunities of citizens of the United States; nor shall any State deprive any person of life, liberty, or property, without due process of law; nor deny to any person ...",https://www.constituteproject.org/service/html?cons_id=United_States_of_America_1992&lang=en
us_constitution_1787_article_i_0007,Constitution of the United States - Article I,6,0.19481646,world_constitution_united_states_of_america_1992_article_i_002_0000,world_constitution_united_states_of_america_1992_article_i_002,United States of America,United States of America's Constitution of 1789 with Amendments through 1992 - Article I,"Article IV Section 1 Full Faith and Credit shall be given in each State to the public Acts, Records, and judicial Proceedings of every other State. And the Congress may by general Laws prescribe the Manner in which such Acts, ...",https://www.constituteproject.org/service/html?cons_id=United_States_of_America_1992&lang=en
us_constitution_1787_article_i_0007,Constitution of the United States - Article I,7,0.18506152,world_constitution_united_states_of_america_1992_article_v_003_0009,world_constitution_united_states_of_america_1992_article_v_003,United States of America,United States of America's Constitution of 1789 with Amendments through 1992 - Article V,be inoperative unless it shall have been ratified as an amendment to the Constitution by the legislatures of three-fourths of the several States within seven years from the date of its submission. Amendment XXI Section 1 The eighteenth article of ...,https://www.constituteproject.org/service/html?cons_id=United_States_of_America_1992&lang=en
us_constitution_1787_article_i_0007,Constitution of the United States - Article I,8,0.18215142,world_constitution_south_sudan_2013_article_85_0001,world_constitution_south_sudan_2013_article_85,South Sudan,South Sudan's Constitution of 2011 with Amendments through 2013 - Article 85,and approve appointments as required by this Constitution or the law; cast a vote of no confidence against any Minister. enact legislation to regulate the conditions and terms of service of the Judiciary and its oversight mechanisms; and perform any ...,https://www.constituteproject.org/service/html?cons_id=South_Sudan_2013&lang=en
us_constitution_1787_article_i_0007,Constitution of the United States - Article I,9,0.18041575,world_constitution_united_states_of_america_1992_article_v_003_0004,world_constitution_united_states_of_america_1992_article_v_003,United States of America,United States of America's Constitution of 1789 with Amendments through 1992 - Article V,"the votes shall be taken by states, the representation from each state having one vote; a quorum for this purpose shall consist of a member or members from two-thirds of the states, and a majority of all the states shall ...",https://www.constituteproject.org/service/html?cons_id=United_States_of_America_1992&lang=en
us_constitution_1787_article_i_0007,Constitution of the United States - Article I,10,0.17580836,world_constitution_united_states_of_america_1992_article_v_003_0003,world_constitution_united_states_of_america_1992_article_v_003,United States of America,United States of America's Constitution of 1789 with Amendments through 1992 - Article V,"States by the Constitution, nor prohibited by it to the States, are reserved to the States respectively, or to the people. Additional Amendments Amendment XI The Judicial power of the United States shall not be construed to extend to any ...",https://www.constituteproject.org/service/html?cons_id=United_States_of_America_1992&lang=en
us_constitution_1787_article_i_0007,Constitution of the United States - Article I,11,0.17038915,world_constitution_united_states_of_america_1992_article_i_0001,world_constitution_united_states_of_america_1992_article_i,United States of America,United States of America's Constitution of 1789 with Amendments through 1992 - Article I,"Carolina five, South Carolina five, and Georgia three. When vacancies happen in the Representation from any State, the Executive Authority thereof shall issue Writs of Election to fill such Vacancies. The House of Representatives shall chuse their Speaker and other ...",https://www.constituteproject.org/service/html?cons_id=United_States_of_America_1992&lang=en
us_constitution_1787_article_i_0007,Constitution of the United States - Article I,12,0.17030819,world_constitution_united_states_of_america_1992_article_v_003_0006,world_constitution_united_states_of_america_1992_article_v_003,United States of America,United States of America's Constitution of 1789 with Amendments through 1992 - Article V,"same, or given aid or comfort to the enemies thereof. But Congress may by a vote of two-thirds of each House, remove such disability. Section 4 The validity of the public debt of the United States, authorized by law, including ...",https://www.constituteproject.org/service/html?cons_id=United_States_of_America_1992&lang=en
us_constitution_1787_article_i_0007,Constitution of the United States - Article I,13,0.16875891,world_constitution_united_states_of_america_1992_article_v_003_0007,world_constitution_united_states_of_america_1992_article_v_003,United States of America,United States of America's Constitution of 1789 with Amendments through 1992 - Article V,"Senate, the executive authority of such State shall issue writs of election to fill such vacancies: Provided, That the legislature of any State may empower the executive thereof to make temporary appointments until the people fill the vacancies by election ...",https://www.constituteproject.org/service/html?cons_id=United_States_of_America_1992&lang=en
us_constitution_1787_article_i_0007,Constitution of the United States - Article I,14,0.16580431,world_constitution_united_states_of_america_1992_article_v_0000,world_constitution_united_states_of_america_1992_article_v,United States of America,United States of America's Constitution of 1789 with Amendments through 1992 - Article V,"Article V The Congress, whenever two thirds of both Houses shall deem it necessary, shall propose Amendments to this Constitution, or, on the Application of the Legislatures of two thirds of the several States, shall call a Convention for proposing ...",https://www.constituteproject.org/service/html?cons_id=United_States_of_America_1992&lang=en
us_constitution_1787_article_i_0007,Constitution of the United States - Article I,15,0.1657849,world_constitution_united_states_of_america_1992_article_iii_0000,world_constitution_united_states_of_america_1992_article_iii,United States of America,United States of America's Constitution of 1789 with Amendments through 1992 - Article III,"Article III Section 1 The judicial Power of the United States, shall be vested in one supreme Court, and in such inferior Courts as the Congress may from time to time ordain and establish. The Judges, both of the supreme ...",https://www.constituteproject.org/service/html?cons_id=United_States_of_America_1992&lang=en
us_constitution_1787_article_i_0007,Constitution of the United States - Article I,16,0.15218727,world_constitution_united_states_of_america_1992_article_i_0005,world_constitution_united_states_of_america_1992_article_i,United States of America,United States of America's Constitution of 1789 with Amendments through 1992 - Article I,"House of Representatives, according to the Rules and Limitations prescribed in the Case of a Bill. Section 8 The Congress shall have Power To lay and collect Taxes, Duties, Imposts and Excises, to pay the Debts and provide for the ...",https://www.constituteproject.org/service/html?cons_id=United_States_of_America_1992&lang=en
us_constitution_1787_article_i_0007,Constitution of the United States - Article I,17,0.14773365,world_constitution_united_states_of_america_1992_article_v_003_0010,world_constitution_united_states_of_america_1992_article_v_003,United States of America,United States of America's Constitution of 1789 with Amendments through 1992 - Article V,the legislatures of three-fourths of the several States within seven years from the date of its submission to the States by the Congress. Amendment XXIII Section 1 The District constituting the seat of Government of the United States shall appoint ...,https://www.constituteproject.org/service/html?cons_id=United_States_of_America_1992&lang=en
us_constitution_1787_article_i_0007,Constitution of the United States - Article I,18,0.14740015,world_constitution_united_states_of_america_1992_article_ii_0001,world_constitution_united_states_of_america_1992_article_ii,United States of America,United States of America's Constitution of 1789 with Amendments through 1992 - Article II,"from the five highest on the List the said House shall in like Manner chuse the President. But in chusing the President, the Votes shall be taken by States, the Representatives from each State having one Vote; a quorum for ...",https://www.constituteproject.org/service/html?cons_id=United_States_of_America_1992&lang=en
us_constitution_1787_article_i_0007,Constitution of the United States - Article I,19,0.14722923,world_constitution_united_states_of_america_1992_article_i_0003,world_constitution_united_states_of_america_1992_article_i,United States of America,United States of America's Constitution of 1789 with Amendments through 1992 - Article I,"disorderly Behaviour, and, with the Concurrence of two thirds, expel a Member. Each House shall keep a Journal of its Proceedings, and from time to time publish the same, excepting such Parts as may in their Judgment require Secrecy; and ...",https://www.constituteproject.org/service/html?cons_id=United_States_of_America_1992&lang=en
us_constitution_1787_article_i_0007,Constitution of the United States - Article I,20,0.14656191,world_constitution_united_states_of_america_1992_article_ii_0000,world_constitution_united_states_of_america_1992_article_ii,United States of America,United States of America's Constitution of 1789 with Amendments through 1992 - Article II,"Article II Section 1 The executive Power shall be vested in a President of the United States of America. He shall hold his Office during the Term of four Years, and, together with the Vice President, chosen for the same ...",https://www.constituteproject.org/service/html?cons_id=United_States_of_America_1992&lang=en
us_constitution_1787_article_i_0007,Constitution of the United States - Article I,21,0.14379642,world_constitution_angola_2010_article_204_0000,world_constitution_angola_2010_article_204,Angola,Angola's Constitution of 2010 - Article 204,"Article 204. (State of constitutional need) Within the context of preserving national security and maintaining public order, the President of the Republic may declare, according to the demands of particular situations, constitutional states of need, under the terms of the ...",https://www.constituteproject.org/service/html?cons_id=Angola_2010&lang=en
us_constitution_1787_article_i_0007,Constitution of the United States - Article I,22,0.1432573,world_constitution_united_states_of_america_1992_article_i_0006,world_constitution_united_states_of_america_1992_article_i,United States of America,United States of America's Constitution of 1789 with Amendments through 1992 - Article I,"the Union, suppress Insurrections and repel Invasions; To provide for organizing, arming, and disciplining, the Militia, and for governing such Part of them as may be employed in the Service of the United States, reserving to the States respectively, the ...",https://www.constituteproject.org/service/html?cons_id=United_States_of_America_1992&lang=en
us_constitution_1787_article_i_0007,Constitution of the United States - Article I,23,0.13855367,world_constitution_united_states_of_america_1992_article_v_003_0001,world_constitution_united_states_of_america_1992_article_v_003,United States of America,United States of America's Constitution of 1789 with Amendments through 1992 - Article V,"concurring, that the following Articles be proposed to the Legislatures of the several States, as Amendments to the Constitution of the United States, all or any of which Articles, when ratified by three fourths of the said Legislatures, to be ...",https://www.constituteproject.org/service/html?cons_id=United_States_of_America_1992&lang=en
us_constitution_1787_article_i_0007,Constitution of the United States - Article I,24,0.13157552,world_constitution_australia_1985_preamble_0027,world_constitution_australia_1985_preamble,Australia,Australia's Constitution of 1901 with Amendments through 1985 - Preamble,"Full faith and credit shall be given, throughout the Commonwealth to the laws, the public Acts and records, and the judicial proceedings of every State. 119. Protection of States from invasion and violence The Commonwealth shall protect every State against ...",https://www.constituteproject.org/service/html?cons_id=Australia_1985&lang=en
us_constitution_1787_article_i_0007,Constitution of the United States - Article I,25,0.12918798,world_constitution_united_states_of_america_1992_article_i_0002,world_constitution_united_states_of_america_1992_article_i,United States of America,United States of America's Constitution of 1789 with Amendments through 1992 - Article I,"in the Absence of the Vice President, or when he shall exercise the Office of President of the United States. The Senate shall have the sole Power to try all Impeachments. When sitting for that Purpose, they shall be on ...",https://www.constituteproject.org/service/html?cons_id=United_States_of_America_1992&lang=en
us_constitution_1787_article_i_0007,Constitution of the United States - Article I,26,0.12761855,world_constitution_india_2016_preamble_0000,world_constitution_india_2016_preamble,India,India's Constitution of 1949 with Amendments through 2016 - Preamble,"India 1949 (rev. 2016) Subsequently amended Preamble WE, THE PEOPLE OF INDIA, having solemnly resolved to constitute India into a SOVEREIGN SOCIALIST SECULAR DEMOCRATIC REPUBLIC and to secure to all its citizens: JUSTICE, social, economic and political; LIBERTY of thought, ...",https://www.constituteproject.org/service/html?cons_id=India_2016&lang=en
us_constitution_1787_article_i_0007,Constitution of the United States - Article I,27,0.12622304,world_constitution_mexico_2015_article_73_002_0000,world_constitution_mexico_2015_article_73_002,Mexico,Mexico's Constitution of 1917 with Amendments through 2015 - Article 73,"Article 73 The Congress shall have the power to: Admit new states into the Union. (Repealed by the decree published on October 8, 1974) Create new states within the limits of the existing ones. For this purpose, the following requirements ...",https://www.constituteproject.org/service/html?cons_id=Mexico_2015&lang=en
us_constitution_1787_article_i_0007,Constitution of the United States - Article I,28,0.12307518,world_constitution_united_states_of_america_1992_article_v_003_0012,world_constitution_united_states_of_america_1992_article_v_003,United States of America,United States of America's Constitution of 1789 with Amendments through 1992 - Article V,"forty-eight hours for that purpose if not in session. If the Congress, within twenty-one days after receipt of the latter written declaration, or, if Congress is not in session, within twenty-one days after Congress is required to assemble, determines by ...",https://www.constituteproject.org/service/html?cons_id=United_States_of_America_1992&lang=en
us_constitution_1787_article_i_0007,Constitution of the United States - Article I,29,0.11991305,world_constitution_united_states_of_america_1992_article_v_003_0002,world_constitution_united_states_of_america_1992_article_v_003,United States of America,United States of America's Constitution of 1789 with Amendments through 1992 - Article V,"or indictment of a Grand Jury, except in cases arising in the land or naval forces, or in the Militia, when in actual service in time of War or public danger; nor shall any person be subject for the same ...",https://www.constituteproject.org/service/html?cons_id=United_States_of_America_1992&lang=en
us_constitution_1787_article_i_0007,Constitution of the United States - Article I,30,0.11967171,world_constitution_united_states_of_america_1992_article_ii_0003,world_constitution_united_states_of_america_1992_article_ii,United States of America,United States of America's Constitution of 1789 with Amendments through 1992 - Article II,"by Law: but the Congress may by Law vest the Appointment of such inferior Officers, as they think proper, in the President alone, in the Courts of Law, or in the Heads of Departments. The President shall have Power to ...",https://www.constituteproject.org/service/html?cons_id=United_States_of_America_1992&lang=en
us_constitution_1787_article_i_0007,Constitution of the United States - Article I,31,0.11862188,world_constitution_micronesia_1990_article_i_003_0000,world_constitution_micronesia_1990_article_i_003,Micronesia (Federated States of),Micronesia (Federated States of)'s Constitution of 1978 with Amendments through 1990 - Article I,ARTICLE III. CITIZENSHIP Section 1 A person who is a citizen of the Trust Territory of the Pacific Islands immediately prior to the effective date of this Constitution and a domiciliary of a district ratifying this Constitution is a citizen ...,https://www.constituteproject.org/service/html?cons_id=Micronesia_1990&lang=en
us_constitution_1787_article_i_0007,Constitution of the United States - Article I,32,0.11678993,world_constitution_malaysia_2007_article_133_0001,world_constitution_malaysia_2007_article_133,Malaysia,Malaysia's Constitution of 1957 with Amendments through 2007 - Article 133,"State; or such diplomatic posts as the Yang di-Pertuan Agong may by order prescribe, being post which but for the order would be posts in the general public service of the Federation. References in this Part, except in Articles 136 ...",https://www.constituteproject.org/service/html?cons_id=Malaysia_2007&lang=en
us_constitution_1787_article_i_0007,Constitution of the United States - Article I,33,0.11490435,world_constitution_south_sudan_2013_article_120_0008,world_constitution_south_sudan_2013_article_120,South Sudan,South Sudan's Constitution of 2011 with Amendments through 2013 - Article 120,"the National Security Service. The National Security Service shall have two operational organs, to be known as: the Internal Security Bureau; and the General Intelligence Bureau; Each of the operational organs shall be headed by a Director-General appointed by the ...",https://www.constituteproject.org/service/html?cons_id=South_Sudan_2013&lang=en
us_constitution_1787_article_i_0007,Constitution of the United States - Article I,34,0.11341481,world_constitution_south_sudan_2013_article_85_0002,world_constitution_south_sudan_2013_article_85,South Sudan,South Sudan's Constitution of 2011 with Amendments through 2013 - Article 85,"culture of peace, reconciliation and communal harmony among all the people of the states; approve changes in state names, capital towns and boundaries; and perform any other function as determined by this Constitution or the law. 60. Rules of the ...",https://www.constituteproject.org/service/html?cons_id=South_Sudan_2013&lang=en
us_constitution_1787_article_i_0007,Constitution of the United States - Article I,35,0.11281673,world_constitution_georgia_2018_article_33_0000,world_constitution_georgia_2018_article_33,Georgia,Georgia's Constitution of 1995 with Amendments through 2018 - Article 33,Article 33. Rights of aliens and stateless persons Citizens of other states and stateless persons living in Georgia shall have rights and obligations equal to those of citizens of Georgia except in cases provided for by the Constitution and law. ...,https://www.constituteproject.org/service/html?cons_id=Georgia_2018&lang=en
us_constitution_1787_article_i_0007,Constitution of the United States - Article I,36,0.11003429,world_constitution_nigeria_2011_preamble_0118,world_constitution_nigeria_2011_preamble,Nigeria,Nigeria's Constitution of 1999 with Amendments through 2011 - Preamble,The provisions of this section shall have effect until the National Assembly or a House of Assembly exercises the powers conferred upon it by section 60 or 101 of this Constitution as appropriate. The Standing Orders of the Senate established ...,https://www.constituteproject.org/service/html?cons_id=Nigeria_2011&lang=en
us_constitution_1787_article_i_0007,Constitution of the United States - Article I,37,0.10970002,world_constitution_brazil_2017_article_77_0169,world_constitution_brazil_2017_article_77,Brazil,Brazil's Constitution of 1988 with Amendments through 2017 - Article 77,"the State of Tocantins, under the terms and for the purposes provided for by law. The mandates of Governor, Lieutenant Governor and Federal and State Representatives elected in accordance with the preceding paragraph shall end concurrently with those of the ...",https://www.constituteproject.org/service/html?cons_id=Brazil_2017&lang=en
us_constitution_1787_article_i_0007,Constitution of the United States - Article I,38,0.10908872,world_constitution_myanmar_2015_preamble_0001,world_constitution_myanmar_2015_preamble,Myanmar,Myanmar's Constitution of 2008 with Amendments through 2015 - Preamble,"DO HEREBY ADOPT this Constitution of the Republic of the Union of Myanmar through a nation-wide referendum on the Tenth day of Kasone Waning, 1370 M.E. (The Twenty-Ninth day of May, 2008 A.D.) Chapter I. Basic Principles of the Union ...",https://www.constituteproject.org/service/html?cons_id=Myanmar_2015&lang=en
us_constitution_1787_article_i_0007,Constitution of the United States - Article I,39,0.10865704,world_constitution_south_sudan_2013_article_85_0003,world_constitution_south_sudan_2013_article_85,South Sudan,South Sudan's Constitution of 2011 with Amendments through 2013 - Article 85,Speaker of the Council of States may call the Council of States to convene in any other location in South Sudan. 62. Eligibility for Membership A candidate for membership of the National Legislature shall: be a South Sudanese; be at ...,https://www.constituteproject.org/service/html?cons_id=South_Sudan_2013&lang=en
us_constitution_1787_article_i_0007,Constitution of the United States - Article I,40,0.10792857,world_constitution_somalia_2012_article_119_0000,world_constitution_somalia_2012_article_119,Somalia,Somalia's Constitution of 2012 - Article 119,Article 119. Civil Service The Federal Government and the Federal Member States may recruit their employees. There shall be a civil service both at the Federal level and at the level of the Federal Member States; The Federal Government and ...,https://www.constituteproject.org/service/html?cons_id=Somalia_2012&lang=en
us_constitution_1787_article_i_0007,Constitution of the United States - Article I,41,0.10782716,world_constitution_india_2016_preamble_0110,world_constitution_india_2016_preamble,India,India's Constitution of 1949 with Amendments through 2016 - Preamble,If it appears to the Legislatures of two or more States to be desirable that any of the matters with respect to which Parliament has no power to make laws for the States except as provided in articles 249 and ...,https://www.constituteproject.org/service/html?cons_id=India_2016&lang=en
us_constitution_1787_article_i_0007,Constitution of the United States - Article I,42,0.10694845,world_constitution_dominican_republic_2015_article_266_0000,world_constitution_dominican_republic_2015_article_266,Dominican Republic,Dominican Republic's Constitution of 2015 - Article 266,"Article 266. Regulatory provisions The states of exception shall be subject to the following provisions: The President shall obtain the authorization of Congress to declare the appropriate state of exception. If the Congress is not meeting, the President may declare ...",https://www.constituteproject.org/service/html?cons_id=Dominican_Republic_2015&lang=en
us_constitution_1787_article_i_0007,Constitution of the United States - Article I,43,0.10635081,world_constitution_ethiopia_1994_article_94_0000,world_constitution_ethiopia_1994_article_94,Ethiopia,Ethiopia's Constitution of 1994 - Article 94,"Article 94. Financial Expenditures The Federal Government and the States shall respectively bear all financial expenditures necessary to carry out all responsibilities and functions assigned to them by law. Unless otherwise agreed upon, the financial expenditures required for the carrying ...",https://www.constituteproject.org/service/html?cons_id=Ethiopia_1994&lang=en
us_constitution_1787_article_i_0007,Constitution of the United States - Article I,44,0.10633118,world_constitution_chile_2021_article_i_046_0000,world_constitution_chile_2021_article_i_046,Chile,Chile's Constitution of 1980 with Amendments through 2021 - Article I,"ARTICLE 44 A constitutional organic law shall regulate the states of exception, as their declaration and implementation of legal and administrative measures that it proceeds to adopt under them. That law shall contemplate what is strictly necessary for the prompt ...",https://www.constituteproject.org/service/html?cons_id=Chile_2021&lang=en
us_constitution_1787_article_i_0007,Constitution of the United States - Article I,45,0.10620587,world_constitution_netherlands_2008_article_82_0000,world_constitution_netherlands_2008_article_82,Netherlands,Netherlands's Constitution of 1814 with Amendments through 2008 - Article 82,Article 82 Bills may be presented by or on behalf of the King or by the Lower House of the States General. Bills which require consideration by a joint session of the States General may be presented by or on ...,https://www.constituteproject.org/service/html?cons_id=Netherlands_2008&lang=en
us_constitution_1787_article_i_0007,Constitution of the United States - Article I,46,0.10608602,world_constitution_netherlands_2008_article_57_0000,world_constitution_netherlands_2008_article_57,Netherlands,Netherlands's Constitution of 1814 with Amendments through 2008 - Article 57,"Article 57 No one may be a member of both Houses. A member of the States General may not be a Minister, State Secretary, member of the Council of State, member of the Court of Audit (Algemene Rekenkamer), National Ombudsman ...",https://www.constituteproject.org/service/html?cons_id=Netherlands_2008&lang=en
us_constitution_1787_article_i_0007,Constitution of the United States - Article I,47,0.10327004,world_constitution_australia_1985_preamble_0025,world_constitution_australia_1985_preamble,Australia,Australia's Constitution of 1901 with Amendments through 1985 - Preamble,"The Commonwealth may make agreements with the States with respect to the public debts of the States, including: the taking over of such debts by the Commonwealth; the management of such debts; the payment of interest and the provision and ...",https://www.constituteproject.org/service/html?cons_id=Australia_1985&lang=en
us_constitution_1787_article_i_0007,Constitution of the United States - Article I,48,0.10186064,world_constitution_australia_1985_preamble_0024,world_constitution_australia_1985_preamble,Australia,Australia's Constitution of 1901 with Amendments through 1985 - Preamble,"There shall be an Inter-State Commission, with such powers of adjudication and administration as the Parliament deems necessary for the execution and maintenance, within the Commonwealth, of the provisions of this Constitution relating to trade and commerce, and of all ...",https://www.constituteproject.org/service/html?cons_id=Australia_1985&lang=en
us_constitution_1787_article_i_0007,Constitution of the United States - Article I,49,0.10162795,world_constitution_ethiopia_1994_article_50_0000,world_constitution_ethiopia_1994_article_50,Ethiopia,Ethiopia's Constitution of 1994 - Article 50,"Article 50. Structure of the Organs of State The Federal democratic Republic of Ethiopia comprises the Federal Government and the State members. The Federal Government and the States shall have legislative, executive and judicial powers. The House of Peoples' Representatives ...",https://www.constituteproject.org/service/html?cons_id=Ethiopia_1994&lang=en
us_constitution_1787_article_i_0007,Constitution of the United States - Article I,50,0.10107127,world_constitution_south_sudan_2013_article_119_0002,world_constitution_south_sudan_2013_article_119,South Sudan,South Sudan's Constitution of 2011 with Amendments through 2013 - Article 119,"apply impartially and without political interference, fear or favour. The executive and legislative organs at all levels of government shall uphold, promote and respect the independence of the Judiciary. Justices and Judges shall be independent in their judicial work, and ...",https://www.constituteproject.org/service/html?cons_id=South_Sudan_2013&lang=en
